,playerName,ePPS-PPS,PPS,expectedPPS
297,Shabazz Muhammad,-0.25819065474894265,1.2442105263157894,0.9860198715668468
74,Cheick Diallo,-0.2264949219419351,1.2188679245283018,0.9923730025863667
276,Nerlens Noel,-0.17870229905329482,1.1633802816901408,0.984677982636846
85,Abdel Nader,-0.1777396199458081,1.1584905660377358,0.9807509460919277
155,Derrick Rose,-0.17273953074549864,1.2090395480225988,1.0363000172771002
149,Aaron Brooks,-0.16479886478040884,1.1724137931034482,1.0076149283230393
82,Juan Hernangomez,-0.1576704752019129,1.153179190751445,0.9955087155495321
104,TJ Leaf,-0.143313557050199,1.1402877697841727,0.9969742127339737
76,Malachi Richardson,-0.1389827146252719,1.1296703296703297,0.9906876150450578
120,Tyler Cavanaugh,-0.13127174459233304,1.1530460624071321,1.021774317814799
314,Jamal Crawford,-0.1210026862569098,1.1345480028030834,1.0135453165461736
355,Zach Randolph,-0.11939155976578708,1.1470959595959596,1.0277043998301725
234,Kenneth Faried,-0.11852682129492331,1.129251700680272,1.0107248793853487
213,Quincy Pondexter,-0.11270834350851122,1.0879478827361564,0.9752395392276452
368,Al Jefferson,-0.11010815946479457,1.0948012232415902,0.9846930637767957
49,Cristiano Felicio,-0.10893306290721472,1.125,1.0160669370927853
126,Dirk Nowitzki,-0.10718922182327617,1.1070675105485233,0.9998782887252471
262,Jae Crowder,-0.10619653137291696,1.1238938053097345,1.0176972739368175
317,Elfrid Payton,-0.10603083153085513,1.128440366972477,1.0224095354416218
13,Jose Calderon,-0.10516768695887291,1.118572927597062,1.013405240638189
217,Timofey Mozgov,-0.10515340804013418,1.0771704180064308,0.9720170099662966
216,Lance Stephenson,-0.10469841580724637,1.1058755090168704,1.001177093209624
72,DeAndre Bembry,-0.10261266601616481,1.1349911190053286,1.0323784529891638
157,Kevin Love,-0.1023577402034832,1.1228813559322033,1.02052361572872
369,JR Smith,-0.10115755526300596,1.1169617893755825,1.0158042341125766
106,Terrance Ferguson,-0.10020090375981261,1.1175257731958763,1.0173248694360637
342,Bogdan Bogdanovic,-0.10014996435783785,1.1208053691275168,1.020655404769679
63,Thon Maker,-0.09834051570427849,1.1106623586429725,1.012321842938694
286,Gorgui Dieng,-0.09773995231960586,1.1170046801872076,1.0192647278676017
307,Matthew Dellavedova,-0.09672379816555576,1.0906862745098038,0.9939624763442481
90,DeAaron Fox,-0.09655704547761501,1.1155094094743674,1.0189523639967524
94,Dennis Smith Jr.,-0.0960605618144803,1.098119858989424,1.0020592971749438
284,Dennis Schroder,-0.09574150404333648,1.1276005547850207,1.0318590507416843
24,Willie Cauley-Stein,-0.09330573040675594,1.1175742574257426,1.0242685270189866
197,Wesley Matthews,-0.09215783617667284,1.0932,1.0010421638233271
236,Reggie Jackson,-0.08937032398914702,1.1009055627425615,1.0115352387534144
196,Garrett Temple,-0.08927029695762112,1.110776640577965,1.021506343620344
326,Sean Kilpatrick,-0.08865484909081345,1.0808314087759816,0.9921765596851682
358,LeBron James,-0.08764098259032593,1.1014492753623188,1.013808292771993
171,George Hill,-0.08737570450638499,1.1211742660836976,1.0337985615773126
14,Emmanuel Mudiay,-0.08419150583398505,1.0909893992932862,1.0067978934593012
185,Darren Collison,-0.08374312271082451,1.0982309124767224,1.014487789765898
347,Tim Frazier,-0.0826929540113941,1.0733634311512414,0.9906704771398473
5,Gerald Green,-0.08225042748387779,1.1045197740112995,1.0222693465274217
274,JaMychal Green,-0.08183932082975098,1.1176470588235294,1.0358077379937785
215,Nemanja Bjelica,-0.08142240823457225,1.0770328102710414,0.9956104020364691
209,Luke Babbitt,-0.08133126338443253,1.0993657505285412,1.0180344871441087
132,Rajon Rondo,-0.07991929702527578,1.1033653846153846,1.0234460875901088
165,JaVale McGee,-0.07904168465066119,1.0826771653543308,1.0036354807036696
61,Skal Labissiere,-0.0759565598207137,1.0907407407407408,1.014784180920027
65,Jamal Murray,-0.07498730960084354,1.083531086853346,1.0085437772525025
309,Joffrey Lauvergne,-0.07390693683857197,1.072892938496583,0.9989860016580111
136,J.J. Barea,-0.07383212839352482,1.0715151515151515,0.9976830231216267
290,Mason Plumlee,-0.07382645997359805,1.0831117021276595,1.0092852421540615
114,Frank Mason,-0.07243089192898522,1.067853170189099,0.9954222782601138
237,Cory Joseph,-0.07215999483730173,1.0688734650293648,0.996713470192063
211,Avery Bradley,-0.07209418744483842,1.087799315849487,1.0157051284046485
312,Jonathon Simmons,-0.07179057246179088,1.0863910822108687,1.0146005097490778
73,Malcolm Brogdon,-0.07156078891395423,1.0739087301587302,1.002347941244776
145,Marco Belinelli,-0.07060454448731646,1.0973036342321218,1.0266990897448054
301,Tony Snell,-0.07060331226811467,1.0763615946097698,1.005758282341655
231,Nikola Vucevic,-0.06999941716745872,1.0874200426439233,1.0174206254764646
243,DeAndre Liggins,-0.06984118881642276,1.0808457711442787,1.011004582327856
244,DeAndre Liggins,-0.06984118881642276,1.0808457711442787,1.011004582327856
148,Wilson Chandler,-0.06974099206712547,1.0770741286205203,1.0073331365533948
327,Aaron Gordon,-0.06948281837150816,1.0875621890547265,1.0180793706832183
294,Reggie Bullock,-0.06929144366288065,1.0866995073891625,1.017408063726282
135,Paul Millsap,-0.06862103440840339,1.0677570093457944,0.999135974937391
233,Tobias Harris,-0.06767387540710246,1.0857777777777777,1.0181039023706753
245,ETwaun Moore,-0.067599262802293,1.079232693911593,1.0116334311093
35,Jordan Mickey,-0.06747988416071604,1.0851063829787233,1.0176264988180073
254,Austin Rivers,-0.06737922560735266,1.0808464460119371,1.0134672204045845
59,Buddy Hield,-0.06706000989409366,1.0827250608272505,1.0156650509331568
9,Ersan Ilyasova,-0.06661131434444756,1.085925925925926,1.0193146115814784
168,Kosta Koufos,-0.06637624985522961,1.0768651092690278,1.0104888594137982
272,Willie Reed,-0.06563891209841222,1.0707964601769913,1.005157548078579
252,Andre Drummond,-0.06449316374951342,1.0808650681711331,1.0163719044216197
122,Maxi Kleber,-0.06351485716333227,1.0611541774332471,0.9976393202699149
266,Will Barton,-0.06341379264768121,1.067188219052002,1.0037744264043207
202,DeMarcus Cousins,-0.0633533082776645,1.0698120444955888,1.0064587362179243
118,Kobi Simmons,-0.06306810475847202,1.0804195804195804,1.0173514756611084
179,Ricky Rubio,-0.06241102690626876,1.0825734549138804,1.0201624280076116
288,Kelly Olynyk,-0.06235244748123958,1.0672268907563025,1.004874443275063
177,James Harden,-0.062109711793324474,1.0845006778129236,1.0223909660195991
29,Trey Lyles,-0.0618007484570815,1.0695792880258899,1.0077785395688084
253,Harrison Barnes,-0.061792336952241955,1.0650470219435737,1.0032546849913317
271,Kent Bazemore,-0.06068868888567791,1.0865800865800865,1.0258913976944086
191,Jonas Jerebko,-0.0604232973969987,1.070230607966457,1.0098073105694583
265,Khris Middleton,-0.05980921865325062,1.0714856230031948,1.0116764043499442
54,Domantas Sabonis,-0.05968370778995791,1.0658124635993012,1.0061287558093432
310,Ian Clark,-0.0593149379730078,1.0666666666666667,1.0073517286936589
46,Mario Hezonja,-0.05766339601904136,1.058453237410072,1.0007898413910306
240,Shelvin Mack,-0.057631819094376646,1.038716814159292,0.9810849950649153
20,DAngelo Russell,-0.05734977656866791,1.0515933232169954,0.9942435466483275
192,Jodie Meeks,-0.05682449334440509,1.060523938572719,1.003699445228314
170,Nicolas Batum,-0.056791887502379845,1.05,0.9932081124976202
113,Wes Iwundu,-0.056043945086006186,1.0635451505016722,1.007501205415666
370,Jameer Nelson,-0.055429242345304885,1.0498293515358361,0.9944001091905312
259,Evan Fournier,-0.055343351124989004,1.0741101901511458,1.0187668390261568
166,Ryan Anderson,-0.055232622640127405,1.08062930186824,1.0253966792281126
28,Myles Turner,-0.05486739064152468,1.0638297872340425,1.0089623965925179
30,Stanley Johnson,-0.05482029820908352,1.0666231221423905,1.011802823933307
319,Gary Harris,-0.05465171109922351,1.0636208368915456,1.0089691257923221
341,Clint Capela,-0.054421527947972725,1.078266104756171,1.0238445768081983
372,Trevor Ariza,-0.05437560016976306,1.0725839900456242,1.0182083898758612
184,Jeff Teague,-0.05392301247660192,1.0778189518263632,1.0238959393497613
324,Joe Harris,-0.05392031184077517,1.0228158041179745,0.9688954922771993
100,John Collins,-0.05327806709942173,1.0823262839879153,1.0290482168884936
344,Nikola Jokic,-0.05287979223344563,1.0564603691639523,1.0035805769305066
36,Rondae Hollis-Jefferson,-0.05207374807532095,1.0318994683421943,0.9798257202668733
322,Rodney Hood,-0.05204336424454459,1.0691244239631337,1.017081059718589
366,Devin Harris,-0.05094263087297435,1.0389273356401385,0.9879847047671642
204,Greg Monroe,-0.05054263720607244,1.0782493368700266,1.0277066996639541
67,Taurean Prince,-0.0504374947529469,1.0764471939902784,1.0260096992373315
176,Blake Griffin,-0.05041120727923554,1.0638157894736842,1.0134045821944486
350,Joe Ingles,-0.05031989007357396,1.069649446494465,1.019329556420891
31,Jerian Grant,-0.05007548341076795,1.07332101047443,1.023245527063662
270,Mirza Teletovic,-0.04991215029194718,1.0456140350877192,0.995701884795772
200,Derrick Favors,-0.04941225066711841,1.063048245614035,1.0136359949469167
26,Frank Kaminsky,-0.049169595091632656,1.0638153428377461,1.0146457477461135
62,Caris LeVert,-0.049118461144824654,1.0357507660878447,0.98663230494302
143,Thaddeus Young,-0.04842953657644067,1.063323416914577,1.0148938803381364
53,Dragan Bender,-0.04801317502386904,1.0660606060606062,1.0180474310367371
84,Paul Zipser,-0.04794067808802294,1.0749525616698292,1.0270118835818063
239,Bojan Bogdanovic,-0.047679730433479284,1.0572939620978405,1.0096142316643613
306,Alex Abrines,-0.04748365304898017,1.058455114822547,1.0109714617735668
58,Kris Dunn,-0.04692797765356471,1.0726256983240223,1.0256977206704576
125,Vince Carter,-0.046763006405001084,1.0803030303030303,1.0335400238980292
32,Bobby Portis,-0.04616287036470634,1.0661764705882353,1.020013600223529
291,Michael Carter-Williams,-0.0459323649668435,1.0604113110539846,1.014478946087141
331,Dwight Powell,-0.04489310052765194,1.0318076027928627,0.9869145022652107
43,Joe Young,-0.04486953883607703,1.039787798408488,0.994918259572411
68,Tyler Ulis,-0.0447499755459595,1.0656370656370657,1.0208870900911062
158,Danilo Gallinari,-0.04444351252076273,1.0533980582524272,1.0089545457316644
193,Patrick Beverley,-0.044241764344381984,1.0507880910683012,1.0065463267239192
208,Patrick Patterson,-0.043714706055124175,1.063,1.0192852939448758
101,Justin Jackson,-0.04339854785251118,1.053763440860215,1.0103648930077038
1,Marvin Williams,-0.043193453349633204,1.041036717062635,0.9978432637130017
247,Michael Kidd-Gilchrist,-0.04314985778384661,1.037037037037037,0.9938871792531904
255,Jeremy Lamb,-0.04304462933491715,1.049859943977591,1.006815314642674
69,Denzel Valentine,-0.04279832596168376,1.0640602920395668,1.021261966077883
268,Darius Miller,-0.042633431159632584,1.0483153210425937,1.0056818898829611
21,Karl-Anthony Towns,-0.04248291168787799,1.0653247246486897,1.0228418129608117
222,Tristan Thompson,-0.042467873556407465,1.0592193808882908,1.0167515073318834
17,Andrew Harrison,-0.04123695294936702,1.0622182146077548,1.0209812616583878
285,Dewayne Dedmon,-0.04119021006049062,1.0626927029804727,1.021502492919982
92,Malik Monk,-0.040814752382502206,1.0534351145038168,1.0126203621213146
210,Eric Bledsoe,-0.04080207484980036,1.056338028169014,1.0155359533192136
173,DeAndre Jordan,-0.04077767628511575,1.0457093574816732,1.0049316811965574
354,Joe Johnson,-0.04068296309440478,1.0757978723404256,1.0351149092460208
212,Trevor Booker,-0.040621540580872306,1.0431115276476102,1.0024899870667379
51,Malcolm Delaney,-0.040604614954377505,1.0597572362278245,1.019152621273447
11,Amir Johnson,-0.04041045490443951,1.0228401191658392,0.9824296642613997
303,Giannis Antetokounmpo,-0.04036259413473431,1.048016701461378,1.0076541073266436
10,Lou Williams,-0.04035802150503609,1.0441373160945162,1.0037792945894801
260,Miles Plumlee,-0.04017283051884846,1.0609911054637866,1.0208182749449382
258,Tyler Zeller,-0.04009852405445713,1.002724795640327,0.9626262715858698
27,Devin Booker,-0.03941698776493974,1.0570153693604363,1.0175983815954965
313,C.J. Williams,-0.03917511669263285,1.0338308457711443,0.9946557290785114
264,Quincy Acy,-0.039155213877773765,1.007269789983845,0.9681145761060712
348,Tarik Black,-0.038531497269563175,1.0594594594594595,1.0209279621898963
2,Chris Paul,-0.038203636053272705,1.0506807866868382,1.0124771506335655
96,Lauri Markkanen,-0.03791534597296131,1.0660018993352327,1.0280865533622714
221,Enes Kanter,-0.03786300016083022,1.0624284077892325,1.0245654076284023
117,Damyean Dotson,-0.03785917438968611,1.0529595015576323,1.0151003271679462
195,Patty Mills,-0.03783543075126983,1.0427163198247535,1.0048808890734837
320,Spencer Dinwiddie,-0.03755807345168094,1.0074220682830282,0.9698639948313472
364,Dwight Howard,-0.03714312391183772,1.0309754969949145,0.9938323730830768
86,Bryn Forbes,-0.03692452709390204,1.0410519563822964,1.0041274292883944
277,Alex Len,-0.0369017286086637,1.0469187675070029,1.0100170388983392
97,Donovan Mitchell,-0.0365748099557639,1.0561471442400774,1.0195723342843135
4,Channing Frye,-0.03580528511812642,1.0134952766531713,0.9776899915350449
225,Kemba Walker,-0.03560208492564798,1.0299785867237687,0.9943765017981208
203,Ekpe Udoh,-0.035572038234445325,1.0641925777331995,1.0286205394987542
302,Victor Oladipo,-0.03517585610354379,1.0422471910112359,1.007071334907692
105,Bam Adebayo,-0.03497322744755604,1.0674789128397375,1.0325056853921815
7,Ian Mahinmi,-0.033561590583424894,1.033402922755741,0.9998413321723162
228,Markieff Morris,-0.033388510606162214,1.0414965986394558,1.0081080880332935
163,Robin Lopez,-0.033166777289857396,1.0567441860465117,1.0235774087566543
140,Jeff Green,-0.032949742770852164,1.031858407079646,0.9989086643087938
201,Wesley Johnson,-0.032880445083385945,1.0502645502645502,1.0173841051811643
362,Zaza Pachulia,-0.03194614118324335,1.0331491712707181,1.0012030300874748
256,John Henson,-0.031702510164929976,1.0423053341508277,1.0106028239858977
227,Alec Burks,-0.031394759772472636,1.0498753117206983,1.0184805519482256
283,Cody Zeller,-0.03049129285649732,1.0345345345345345,1.0040432416780372
273,Justin Holiday,-0.03037962369892333,1.0576391630477695,1.0272595393488462
124,Torrey Craig,-0.029389507157794537,1.0427807486631016,1.013391241505307
150,Arron Afflalo,-0.029365909926643896,1.008505467800729,0.9791395578740851
224,Bismack Biyombo,-0.02887951945379208,1.031409788166545,1.0025302687127529
296,Rudy Gobert,-0.028863904951604624,1.0183982683982684,0.9895343634466638
363,Kyle Korver,-0.02862357616712141,1.0304136253041363,1.0017900491370149
281,Brandon Paul,-0.028592908545125417,1.0244215938303343,0.9958286852852088
147,Jared Dudley,-0.0285422884355353,1.046242774566474,1.0177004861309387
127,Manu Ginobili,-0.028476193223100355,1.0326848249027238,1.0042086316796235
246,Anthony Davis,-0.027919994110176427,1.0267976775346137,0.9988776834244373
134,PJ Tucker,-0.027858595336940795,1.0418679549114331,1.0140093595744923
251,Terrence Ross,-0.026735064898427252,1.038533834586466,1.0117987696880388
151,Marc Gasol,-0.026269761923089607,1.0561113527620705,1.0298415908389809
360,Dwyane Wade,-0.025362918875005525,1.0359355638166048,1.0105726449415993
374,,-0.02484371084193171,1.0300568643379366,1.005213153496005
321,Nik Stauskas,-0.023652743077004712,0.9808510638297873,0.9571983207527825
89,Josh Jackson,-0.023565302072967143,1.0478971962616823,1.0243318941887152
80,Yogi Ferrell,-0.023221371879892372,1.014591439688716,0.9913700678088235
15,Tyus Jones,-0.02312261166781937,1.0373831775700935,1.014260565902274
335,Andrew Wiggins,-0.022668450255276085,1.047282204020849,1.0246137537655728
3,Raymond Felton,-0.022187163146244915,1.039629005059022,1.017441841912777
48,Cedi Osman,-0.02183764553076284,1.0061099796334012,0.9842723341026384
75,Patrick McCaw,-0.021708606105784733,1.019434628975265,0.9977260228694802
328,TJ Warren,-0.02160484115701311,1.0388389206868356,1.0172340795298225
261,Tomas Satoransky,-0.02154961589290738,1.0154867256637168,0.9939371097708094
278,Allen Crabbe,-0.021431409701114568,1.0,0.9785685902988854
311,Troy Daniels,-0.021367591516552542,1.0264285714285715,1.005060979912019
6,Jarrett Jack,-0.020631215460176655,1.040042712226375,1.0194114967661982
103,Jarrett Allen,-0.02060320762818102,1.0108481262327416,0.9902449186045605
154,Michael Beasley,-0.02036682698629977,1.039198606271777,1.0188317792854773
223,Jonas Valanciunas,-0.020073974187320154,1.0224312590448625,1.0023572848575424
183,Jrue Holiday,-0.01987543329022845,1.0258016955399927,1.0059262622497642
337,Eric Moreland,-0.0186231552281253,1.0281879194630872,1.0095647642349619
238,Jimmy Butler,-0.01861700042427672,1.0427849085958771,1.0241679081716004
107,Jawun Evans,-0.018014249403792038,1.0036429872495447,0.9856287378457527
159,Eric Gordon,-0.01798775057394053,1.033658104517272,1.0156703539433314
81,Isaiah Taylor,-0.01792025403253117,1.0251428571428571,1.007222603110326
162,Jerryd Bayless,-0.01746454983582857,1.0061475409836065,0.9886829911477779
189,Wayne Ellington,-0.017103947691204935,1.0319025522041763,1.0147986045129713
282,CJ McCollum,-0.01656996440388747,1.0217391304347827,1.0051691660308952
356,Tony Parker,-0.0161514903225477,1.029275808936826,1.0131243186142782
167,Courtney Lee,-0.016096242448004006,1.0381110190555096,1.0220147766075056
115,Sindarius Thornwell,-0.015957893830242376,1.002053388090349,0.9860954942601067
109,Kyle Kuzma,-0.015764988667978264,1.038211029092488,1.0224460404245097
346,Tyler Johnson,-0.015643287520180404,1.0340314136125655,1.018388126092385
357,Nene,-0.015417476313438927,1.0176730486008836,1.0022555722874447
340,Dario Saric,-0.015118794353002674,1.0095648015303682,0.9944460071773655
219,Lance Thomas,-0.014690040417780104,1.027799841143765,1.0131098007259849
235,Nikola Mirotic,-0.01446171026739651,1.0446096654275092,1.0301479551601127
111,Josh Hart,-0.014198853029186331,1.0571665285832643,1.042967675554078
99,Zach Collins,-0.013794117620656077,0.9965928449744463,0.9827987273537903
188,DeMarre Carroll,-0.013645994249969817,1.0026315789473683,0.9889855846973985
153,Anthony Tolliver,-0.013578358878087338,1.0226171243941842,1.0090387655160968
25,Kelly Oubre Jr.,-0.01304246816570287,1.0203336809176224,1.0072912127519196
305,James Ennis III,-0.01282065444800029,1.03956343792633,1.0267427834783298
12,Marcin Gortat,-0.01259029791134747,1.0189054726368159,1.0063151747254684
187,Taj Gibson,-0.011727030536695437,1.0387565603552684,1.027029529818573
359,Carmelo Anthony,-0.011568924402942216,1.0496760259179265,1.0381071015149843
249,Dion Waiters,-0.011495452094420378,1.0247234873129474,1.013228035218527
93,Jonathan Isaac,-0.011382353744320173,1.0095969289827256,0.9982145752384054
133,Kyle Lowry,-0.011285920113095482,1.022052205220522,1.0107662851074266
38,Norman Powell,-0.011235932337474663,1.0161001788908766,1.004864246553402
206,Paul George,-0.011125109563599578,1.0482673267326732,1.0371422171690736
373,Damien Wilkins,-0.010976542029315417,0.9923954372623575,0.981418895233042
56,Marquese Chriss,-0.010509739367974946,1.0281774580335732,1.0176677186655982
295,Robert Covington,-0.010009759011888386,0.9990557129367328,0.9890459539248444
175,Goran Dragic,-0.009941101689885823,1.0270793036750483,1.0171382019851625
250,Damian Lillard,-0.009738064544536185,1.0131818181818182,1.003443753637282
180,Stephen Curry,-0.009006321355018887,1.0213502596653203,1.0123439383103014
23,Justise Winslow,-0.00870542439584554,1.0163487738419619,1.0076433494461163
141,Corey Brewer,-0.008376847824930644,1.0528735632183908,1.0444967153934601
323,Jerami Grant,-0.008318990706981388,1.025369978858351,1.0170509881513696
128,LaMarcus Aldridge,-0.00816620294966075,1.0129815745393635,1.0048153715897028
293,Otto Porter Jr.,-0.007771541564877804,1.0081652257444764,1.0003936841795986
267,Mike Scott,-0.007500097185149657,1.004128819157721,0.9966287219725712
289,Kentavious Caldwell-Pope,-0.007440758508316492,1.0294930875576036,1.0220523290492871
44,Treveon Graham,-0.007365390547645623,1.0167095115681235,1.0093441210204779
110,Semi Ojeleye,-0.005858398575427359,1.0042872454448017,0.9984288468693744
352,Tyson Chandler,-0.0058277414408125505,1.0149152542372881,1.0090875127964756
172,Mario Chalmers,-0.005792828819939366,1.035610465116279,1.0298176362963396
241,Chandler Parsons,-0.0056329729654074345,1.0360262008733625,1.030393227907955
205,Al-Farouq Aminu,-0.005078776043639044,1.0153129161118508,1.0102341400682118
190,Dante Cunningham,-0.005056763590626234,1.0073846153846153,1.002327851793989
129,Rudy Gay,-0.004789330616151499,1.0136986301369864,1.0089092995208349
116,Dillon Brooks,-0.004775607578627605,1.0315137872819358,1.0267381797033082
121,Daniel Theis,-0.004730141825221801,1.0,0.9952698581747782
22,Richaun Holmes,-0.004312255361971662,1.0089955022488755,1.0046832468869038
181,DeMar DeRozan,-0.0036998994127324103,1.019059205190592,1.0153593057778596
34,Rashad Vaughn,-0.003621208028579792,1.015625,1.0120037919714202
232,Iman Shumpert,-0.0035859287291879482,1.0103092783505154,1.0067233496213275
156,Russell Westbrook,-0.002926336051427114,1.0406976744186047,1.0377713383671776
79,Timothe Luwawu-Cabarrot,-0.0026506267263347594,0.9823420074349443,0.9796913807086095
334,Johnny OBryant III,-0.002582935068980774,1.0237068965517242,1.0211239614827434
98,Luke Kennard,-0.0025261416210800025,1.0047258979206048,1.0021997562995248
161,Brook Lopez,-0.002436239604049595,1.026485325697924,1.0240490860938745
52,Ben Simmons,-0.0023951033959822565,0.9898826386078511,0.9874875352118688
199,Evan Turner,-0.002173435431066073,1.0015143866733973,0.9993409512423312
218,Ish Smith,-0.0020950290391408277,1.0170415814587594,1.0149465524196186
42,Josh Richardson,-0.0020470877444362934,1.0067396798652064,1.0046925921207701
8,CJ Miles,-0.0017958496326972995,1.0172084130019121,1.0154125633692148
131,Thabo Sefolosha,-0.0012027564990013673,1.0183767228177643,1.017173966318763
45,Larry Nance Jr.,-0.0012008037238981917,1.0530679933665008,1.0518671896426026
130,JJ Redick,-0.0011503128849073008,0.9894534995206136,0.9883031866357063
39,Jarell Martin,-0.0010184137523865378,1.0250671441360788,1.0240487303836923
343,Jusuf Nurkic,-0.0009531678391349052,0.9963138493944181,0.9953606815552832
299,Steven Adams,4.3027430933761934e-05,1.0389738529847066,1.0390168804156403
87,David Nwaba,5.265990156644307e-05,1.035658914728682,1.0357115746302485
78,Isaiah Whitehead,0.0004698375942733257,1.0075471698113208,1.008017007405594
339,Jamil Wilson,0.0007791139552061344,0.9800796812749004,0.9808587952301066
371,Tony Allen,0.001966020973310556,1.005813953488372,1.0077799744616827
66,Jakob Poeltl,0.003087808036476458,1.0093141405588484,1.0124019485953248
144,Nick Young,0.0033979280892932895,0.9963503649635036,0.9997482930527969
242,Davis Bertans,0.0034847088687591787,0.9975429975429976,1.0010277064117568
269,Kyle OQuinn,0.005142078196216593,1.0108333333333333,1.0159754115295498
198,John Wall,0.00527166974958182,1.0060142154182614,1.0112858851678432
40,Pat Connaughton,0.005554002136680891,0.9950389794472005,1.0005929815838814
169,Serge Ibaka,0.005756977179187439,1.0056211354693647,1.0113781126485522
330,Kyle Anderson,0.006388577349598079,0.9970220369267421,1.0034106142763402
123,Antonio Blakeney,0.007056317861399597,1.013793103448276,1.0208494213096755
280,Ben McLemore,0.0074142078187116045,1.0044776119402985,1.01189181975901
248,Bradley Beal,0.007777955672682579,0.9976842917792358,1.0054622474519184
333,Julius Randle,0.007870639538607671,1.0199296600234466,1.0278002995620543
60,Brandon Ingram,0.008929044816780252,1.017104216388226,1.0260332612050063
292,Mike Muscala,0.009768103090456393,1.0089086859688197,1.018676789059276
178,Tyreke Evans,0.009969190345352041,1.0188585607940446,1.0288277511393966
194,Danny Green,0.010377388429505752,1.0040485829959513,1.014425971425457
318,Jordan Clarkson,0.010594474980794688,1.017751479289941,1.0283459542707356
353,Pau Gasol,0.01063815241661692,0.9947257383966245,1.0053638908132414
325,Doug McDermott,0.010640316139909567,1.0047732696897376,1.0154135858296471
33,Kevon Looney,0.011907726840842292,0.9925650557620818,1.004472782602924
137,Kevin Durant,0.012016978219017371,0.996386630532972,1.0084036087519894
19,Sam Dekker,0.01268320051300209,0.9756592292089249,0.988342429721927
287,Isaiah Canaan,0.013578267480318873,1.0233644859813085,1.0369427534616273
174,Luc Mbah a Moute,0.013773748877925929,0.9925093632958801,1.006283112173806
304,Lucas Nogueira,0.013922382467560723,0.9820224719101124,0.9959448543776731
77,Pascal Siakam,0.01401842253251806,0.9947800149142431,1.0087984374467611
182,James Johnson,0.015258119360550326,1.000677048070413,1.0159351674309633
332,Noah Vonleh,0.015665266862685656,0.9790123456790123,0.994677612541698
263,Draymond Green,0.016403641234218114,0.9878957169459963,1.0042993581802144
160,D.J. Augustin,0.016604249846280505,0.9955257270693513,1.0121299769156318
112,Dwayne Bacon,0.016648594594251942,0.9988465974625144,1.0154951920567663
18,Delon Wright,0.016713755119821094,0.997093023255814,1.013806778375635
257,Maurice Harkless,0.01791260741820566,0.9946029298380878,1.0125155372562935
279,Andre Roberson,0.018304099672036722,1.0144451739986868,1.0327492736707236
16,Montrezl Harrell,0.018789865990149646,0.981651376146789,1.0004412421369386
338,Josh Huestis,0.01922345268588843,0.9988851727982163,1.0181086254841047
88,Lonzo Ball,0.01923224666143919,1.0085701398285971,1.0278023864900363
345,Kristaps Porzingis,0.01952791155924616,1.0,1.0195279115592462
315,Shabazz Napier,0.0197188506038658,0.9793420045906657,0.9990608551945315
316,Tyler Ennis,0.02005247342962968,1.0265060240963855,1.0465584975260152
102,OG Anunoby,0.020350785178770536,0.9908913467794405,1.011242131958211
351,T.J. McConnell,0.020507904911207908,0.977302204928664,0.997810109839872
300,Tim Hardaway Jr.,0.023651803123695636,1.0119331742243436,1.0355849773480392
57,Deyonta Davis,0.02484514968614593,1.0077519379844961,1.032597087670642
47,Royce ONeale,0.025302008689843336,0.9685534591194969,0.9938554678093402
298,Shane Larkin,0.02566560585015698,0.9691780821917808,0.9948436880419378
50,Salah Mejri,0.027028348795669843,0.9668874172185431,0.9939157660142129
226,Klay Thompson,0.027055231463943286,0.9796075413620623,1.0066627728260056
229,Marcus Morris,0.029095456255716634,0.972885032537961,1.0019804887936776
275,Aron Baynes,0.029755868871946145,0.9493941553813258,0.9791500242532719
95,Frank Ntilikina,0.029774089698254458,0.9777936962750716,1.007567785973326
55,Malik Beasley,0.032957301215846835,0.9674556213017751,1.000412922517622
207,Ed Davis,0.03423548261214626,0.9706563706563707,1.004891853268517
0,Andrew Bogut,0.03447801246660476,0.9827586206896551,1.01723663315626
220,Kyrie Irving,0.036795710331684495,0.970906068162926,1.0077017784946105
119,Milos Teodosic,0.037796580356007525,0.9577464788732394,0.9955430592292469
146,Jason Smith,0.03803017828878563,0.948339483394834,0.9863696616836196
336,Joel Embiid,0.03877268617374341,0.943094250148192,0.9818669363219354
367,Andre Iguodala,0.039650778414787036,0.9649425287356321,1.0045933071504192
91,Jayson Tatum,0.040289630390396236,0.9629321116201582,1.0032217420105545
138,Al Horford,0.04094899438153721,0.9656073138876796,1.0065563082692168
139,Mike Conley,0.04146107961643242,0.9889064976228209,1.0303675772392533
164,Marreese Speights,0.04186852940314423,0.9322660098522167,0.974134539255361
64,Dejounte Murray,0.04313606343456888,0.9583333333333334,1.0014693967679023
83,Fred VanVleet,0.044168074712682914,0.9564867042707494,1.0006547789834324
329,Marcus Smart,0.045018267258762124,0.9552511415525115,1.0002694088112736
37,Terry Rozier,0.0471233084210263,0.9467190128996074,0.9938423213206337
186,Omri Casspi,0.0477499375801117,0.954119850187266,1.0018697877673777
349,Langston Galloway,0.0486121290481496,0.9425675675675675,0.9911796966157171
71,Jaylen Brown,0.05035882361631783,0.9522263450834879,1.0025851686998057
214,Hassan Whiteside,0.05215541484686792,0.9518768046198267,1.0040322194666946
70,Ron Baker,0.060142357133462165,0.9641509433962264,1.0242933005296886
108,Jordan Bell,0.06297822565647704,0.940996948118006,1.003975173774483
230,Kawhi Leonard,0.06382344349561786,0.9779179810725552,1.041741424568173
365,Shaun Livingston,0.06487332744971164,0.943502824858757,1.0083761523084687
361,David West,0.06659655678666032,0.9363449691991786,1.002941525985839
41,Willy Hernangomez,0.07160330531970505,0.9405594405594405,1.0121627458791456
142,Brandan Wright,0.07700369748641966,0.9338374291115312,1.010841126597951
152,Ramon Sessions,0.08435853626601297,0.9637681159420289,1.048126652208042
308,Raul Neto,0.09205268523841492,0.8953168044077136,0.9873694896461285
