primaryKey,season,dt,playerId,playerName,teamId,player1Id,player2Id,player3Id,player4Id,player5Id,player1Name,player2Name,player3Name,player4Name,player5Name,points,assists,rebounds,fouls,foulsDrawn,turnovers,steals,blocks,fieldGoalAttempts,fieldGoals,assistedFieldGoals,threePtAttempts,threePtMade,assisted3PtMade,freeThrowAttempts,freeThrowsMade,possessions,seconds
1626185_1626150_1626185_1626205_1627738_1628397_2017-18,2017-18,2018-04-21T23:23:23.479,1626185,"Jarell Martin",1610612763,1626150,1626185,1626205,1627738,1628397,"Andrew Harrison","Jarell Martin","Vincent Hunter","Deyonta Davis","Ivan Rabb",0,0,0,0,0,0,0,0,1,0,0,0,0,0,0,0,1,27
1626185_1626150_1626185_1627738_1627782_1628415_2017-18,2017-18,2018-04-21T23:23:23.479,1626185,"Jarell Martin",1610612763,1626150,1626185,1627738,1627782,1628415,"Andrew Harrison","Jarell Martin","Deyonta Davis","Wayne Selden","Dillon Brooks",8,2,1,1,1,1,0,0,3,3,2,0,0,0,3,2,8,100
1626185_1626150_1626185_1627738_1627782_1628424_2017-18,2017-18,2018-04-21T23:23:23.479,1626185,"Jarell Martin",1610612763,1626150,1626185,1627738,1627782,1628424,"Andrew Harrison","Jarell Martin","Deyonta Davis","Wayne Selden","Kobi Simmons",2,0,0,0,0,0,0,0,1,1,1,0,0,0,0,0,1,15
1626185_1626150_1626185_1627744_1627988_1628397_2017-18,2017-18,2018-04-21T23:23:23.479,1626185,"Jarell Martin",1610612763,1626150,1626185,1627744,1627988,1628397,"Andrew Harrison","Jarell Martin","Brice Johnson","Myke Henry","Ivan Rabb",3,0,1,0,0,0,0,0,1,1,1,1,1,1,0,0,2,29
1626185_1626150_1626185_1627988_1628397_1628415_2017-18,2017-18,2018-04-21T23:23:23.479,1626185,"Jarell Martin",1610612763,1626150,1626185,1627988,1628397,1628415,"Andrew Harrison","Jarell Martin","Myke Henry","Ivan Rabb","Dillon Brooks",2,0,1,0,0,1,0,0,1,1,1,0,0,0,0,0,2,38
1626185_1626185_1627362_1627738_1627782_1628415_2017-18,2017-18,2018-04-21T23:23:23.479,1626185,"Jarell Martin",1610612763,1626185,1627362,1627738,1627782,1628415,"Jarell Martin","Briante Weber","Deyonta Davis","Wayne Selden","Dillon Brooks",0,0,1,0,0,0,0,0,0,0,0,0,0,0,0,0,1,9
1626185_1626185_1627738_1627782_1627988_1628415_2017-18,2017-18,2018-04-21T23:23:23.479,1626185,"Jarell Martin",1610612763,1626185,1627738,1627782,1627988,1628415,"Jarell Martin","Deyonta Davis","Wayne Selden","Myke Henry","Dillon Brooks",2,0,1,0,0,2,0,0,2,1,1,0,0,0,0,0,5,77
1626185_1626185_1627738_1628397_1628415_1628424_2017-18,2017-18,2018-04-21T23:23:23.479,1626185,"Jarell Martin",1610612763,1626185,1627738,1628397,1628415,1628424,"Jarell Martin","Deyonta Davis","Ivan Rabb","Dillon Brooks","Kobi Simmons",3,0,0,1,0,0,0,0,2,1,1,1,1,1,0,0,3,42
1626185_1626185_1627744_1627782_1627988_1628424_2017-18,2017-18,2018-04-21T23:23:23.479,1626185,"Jarell Martin",1610612763,1626185,1627744,1627782,1627988,1628424,"Jarell Martin","Brice Johnson","Wayne Selden","Myke Henry","Kobi Simmons",2,0,0,0,0,1,0,0,1,1,1,0,0,0,0,0,2,37
1626185_201144_201148_201936_1626185_1628415_2017-18,2017-18,2018-04-21T23:23:23.479,1626185,"Jarell Martin",1610612763,201144,201148,201936,1626185,1628415,"Mike Conley","Brandan Wright","Tyreke Evans","Jarell Martin","Dillon Brooks",0,0,2,2,2,1,0,1,3,0,0,1,0,0,0,0,9,142
1626185_201144_201148_203516_1626150_1626185_2017-18,2017-18,2018-04-21T23:23:23.479,1626185,"Jarell Martin",1610612763,201144,201148,203516,1626150,1626185,"Mike Conley","Brandan Wright","James Ennis III","Andrew Harrison","Jarell Martin",0,0,0,0,0,0,0,0,1,0,0,1,0,0,0,0,1,12
1626185_201144_201188_1626150_1626185_1628415_2017-18,2017-18,2018-04-21T23:23:23.479,1626185,"Jarell Martin",1610612763,201144,201188,1626150,1626185,1628415,"Mike Conley","Marc Gasol","Andrew Harrison","Jarell Martin","Dillon Brooks",0,0,1,1,0,1,0,1,0,0,0,0,0,0,0,0,3,27
1626185_201144_201188_201596_1626185_1628415_2017-18,2017-18,2018-04-21T23:23:23.479,1626185,"Jarell Martin",1610612763,201144,201188,201596,1626185,1628415,"Mike Conley","Marc Gasol","Mario Chalmers","Jarell Martin","Dillon Brooks",0,0,2,1,0,0,0,0,1,0,0,0,0,0,0,0,4,51
1626185_201144_201188_201596_201936_1626185_2017-18,2017-18,2018-04-21T23:23:23.479,1626185,"Jarell Martin",1610612763,201144,201188,201596,201936,1626185,"Mike Conley","Marc Gasol","Mario Chalmers","Tyreke Evans","Jarell Martin",0,0,0,1,0,0,0,0,0,0,0,0,0,0,0,0,1,11
1626185_201144_201188_201596_203516_1626185_2017-18,2017-18,2018-04-21T23:23:23.479,1626185,"Jarell Martin",1610612763,201144,201188,201596,203516,1626185,"Mike Conley","Marc Gasol","Mario Chalmers","James Ennis III","Jarell Martin",4,0,2,3,0,1,0,0,4,2,1,1,0,0,0,0,8,96
1626185_201144_201188_201936_1626150_1626185_2017-18,2017-18,2018-04-21T23:23:23.479,1626185,"Jarell Martin",1610612763,201144,201188,201936,1626150,1626185,"Mike Conley","Marc Gasol","Tyreke Evans","Andrew Harrison","Jarell Martin",0,0,0,1,0,0,0,0,0,0,0,0,0,0,0,0,1,9
1626185_201144_201188_201936_1626185_1628415_2017-18,2017-18,2018-04-21T23:23:23.479,1626185,"Jarell Martin",1610612763,201144,201188,201936,1626185,1628415,"Mike Conley","Marc Gasol","Tyreke Evans","Jarell Martin","Dillon Brooks",2,0,1,3,0,0,0,1,4,1,0,1,0,0,0,0,8,102
1626185_201144_201188_201936_203463_1626185_2017-18,2017-18,2018-04-21T23:23:23.479,1626185,"Jarell Martin",1610612763,201144,201188,201936,203463,1626185,"Mike Conley","Marc Gasol","Tyreke Evans","Ben McLemore","Jarell Martin",0,0,0,1,0,0,0,0,0,0,0,0,0,0,0,0,1,19
1626185_201144_201188_201936_203516_1626185_2017-18,2017-18,2018-04-21T23:23:23.479,1626185,"Jarell Martin",1610612763,201144,201188,201936,203516,1626185,"Mike Conley","Marc Gasol","Tyreke Evans","James Ennis III","Jarell Martin",4,0,6,2,0,1,0,0,4,1,1,1,1,1,1,1,11,187
1626185_201144_201188_203463_203516_1626185_2017-18,2017-18,2018-04-21T23:23:23.479,1626185,"Jarell Martin",1610612763,201144,201188,203463,203516,1626185,"Mike Conley","Marc Gasol","Ben McLemore","James Ennis III","Jarell Martin",0,0,2,0,0,0,0,0,1,0,0,0,0,0,0,0,3,33
1626185_201144_201188_203516_1626150_1626185_2017-18,2017-18,2018-04-21T23:23:23.479,1626185,"Jarell Martin",1610612763,201144,201188,203516,1626150,1626185,"Mike Conley","Marc Gasol","James Ennis III","Andrew Harrison","Jarell Martin",26,5,18,6,4,4,3,5,23,10,8,7,3,3,3,3,64,964
1626185_201144_201188_203516_1626185_1628415_2017-18,2017-18,2018-04-21T23:23:23.479,1626185,"Jarell Martin",1610612763,201144,201188,203516,1626185,1628415,"Mike Conley","Marc Gasol","James Ennis III","Jarell Martin","Dillon Brooks",19,2,15,11,6,4,3,2,15,7,5,5,1,1,8,4,54,887
1626185_201144_201936_203516_1626185_1628415_2017-18,2017-18,2018-04-21T23:23:23.479,1626185,"Jarell Martin",1610612763,201144,201936,203516,1626185,1628415,"Mike Conley","Tyreke Evans","James Ennis III","Jarell Martin","Dillon Brooks",0,0,1,0,0,0,0,0,0,0,0,0,0,0,0,0,1,9
1626185_201148_1626150_1626185_1627782_1628415_2017-18,2017-18,2018-04-21T23:23:23.479,1626185,"Jarell Martin",1610612763,201148,1626150,1626185,1627782,1628415,"Brandan Wright","Andrew Harrison","Jarell Martin","Wayne Selden","Dillon Brooks",0,0,0,0,0,0,0,0,1,0,0,0,0,0,0,0,1,26
1626185_201148_1626150_1626185_1627988_1628415_2017-18,2017-18,2018-04-21T23:23:23.479,1626185,"Jarell Martin",1610612763,201148,1626150,1626185,1627988,1628415,"Brandan Wright","Andrew Harrison","Jarell Martin","Myke Henry","Dillon Brooks",0,0,1,0,0,0,0,0,0,0,0,0,0,0,0,0,1,32
1626185_201148_201188_1626185_1627782_1628415_2017-18,2017-18,2018-04-21T23:23:23.479,1626185,"Jarell Martin",1610612763,201148,201188,1626185,1627782,1628415,"Brandan Wright","Marc Gasol","Jarell Martin","Wayne Selden","Dillon Brooks",0,1,1,1,0,0,0,0,0,0,0,0,0,0,0,0,2,31
1626185_201148_201596_201936_1626185_1628415_2017-18,2017-18,2018-04-21T23:23:23.479,1626185,"Jarell Martin",1610612763,201148,201596,201936,1626185,1628415,"Brandan Wright","Mario Chalmers","Tyreke Evans","Jarell Martin","Dillon Brooks",2,1,2,0,1,0,0,1,2,0,0,1,0,0,2,2,7,121
1626185_201148_201596_201936_203516_1626185_2017-18,2017-18,2018-04-21T23:23:23.479,1626185,"Jarell Martin",1610612763,201148,201596,201936,203516,1626185,"Brandan Wright","Mario Chalmers","Tyreke Evans","James Ennis III","Jarell Martin",0,0,0,2,0,0,0,0,0,0,0,0,0,0,0,0,2,26
1626185_201148_201596_203463_203516_1626185_2017-18,2017-18,2018-04-21T23:23:23.479,1626185,"Jarell Martin",1610612763,201148,201596,203463,203516,1626185,"Brandan Wright","Mario Chalmers","Ben McLemore","James Ennis III","Jarell Martin",2,0,0,1,0,0,0,0,1,1,1,0,0,0,0,0,2,4
1626185_201148_201596_203516_1626150_1626185_2017-18,2017-18,2018-04-21T23:23:23.479,1626185,"Jarell Martin",1610612763,201148,201596,203516,1626150,1626185,"Brandan Wright","Mario Chalmers","James Ennis III","Andrew Harrison","Jarell Martin",0,0,0,1,0,1,0,0,0,0,0,0,0,0,0,0,2,13
1626185_201148_201596_203516_1626185_1627782_2017-18,2017-18,2018-04-21T23:23:23.479,1626185,"Jarell Martin",1610612763,201148,201596,203516,1626185,1627782,"Brandan Wright","Mario Chalmers","James Ennis III","Jarell Martin","Wayne Selden",0,0,2,1,0,1,0,0,0,0,0,0,0,0,0,0,3,60
1626185_201148_201596_203516_1626185_1628415_2017-18,2017-18,2018-04-21T23:23:23.479,1626185,"Jarell Martin",1610612763,201148,201596,203516,1626185,1628415,"Brandan Wright","Mario Chalmers","James Ennis III","Jarell Martin","Dillon Brooks",2,0,0,0,0,0,0,0,1,1,0,0,0,0,0,0,1,20
1626185_201148_201936_1626150_1626185_1628415_2017-18,2017-18,2018-04-21T23:23:23.479,1626185,"Jarell Martin",1610612763,201148,201936,1626150,1626185,1628415,"Brandan Wright","Tyreke Evans","Andrew Harrison","Jarell Martin","Dillon Brooks",0,0,0,1,0,0,0,0,0,0,0,0,0,0,0,0,1,38
1626185_201148_201936_202718_1626185_1628415_2017-18,2017-18,2018-04-21T23:23:23.479,1626185,"Jarell Martin",1610612763,201148,201936,202718,1626185,1628415,"Brandan Wright","Tyreke Evans","Chandler Parsons","Jarell Martin","Dillon Brooks",0,0,0,0,0,0,1,0,0,0,0,0,0,0,0,0,1,13
1626185_201148_201936_203463_203516_1626185_2017-18,2017-18,2018-04-21T23:23:23.479,1626185,"Jarell Martin",1610612763,201148,201936,203463,203516,1626185,"Brandan Wright","Tyreke Evans","Ben McLemore","James Ennis III","Jarell Martin",4,0,0,1,0,0,0,0,3,2,2,0,0,0,0,0,4,84
1626185_201148_201936_203516_1626185_1628424_2017-18,2017-18,2018-04-21T23:23:23.479,1626185,"Jarell Martin",1610612763,201148,201936,203516,1626185,1628424,"Brandan Wright","Tyreke Evans","James Ennis III","Jarell Martin","Kobi Simmons",1,0,2,0,1,0,0,1,2,0,0,0,0,0,1,1,3,58
1626185_201148_203516_1626150_1626185_1628424_2017-18,2017-18,2018-04-21T23:23:23.479,1626185,"Jarell Martin",1610612763,201148,203516,1626150,1626185,1628424,"Brandan Wright","James Ennis III","Andrew Harrison","Jarell Martin","Kobi Simmons",0,0,1,0,0,0,0,0,1,0,0,0,0,0,0,0,2,48
1626185_201188_1626150_1626185_1627782_1627988_2017-18,2017-18,2018-04-21T23:23:23.479,1626185,"Jarell Martin",1610612763,201188,1626150,1626185,1627782,1627988,"Marc Gasol","Andrew Harrison","Jarell Martin","Wayne Selden","Myke Henry",2,0,1,1,0,0,0,0,1,1,0,0,0,0,0,0,3,35
1626185_201188_1626150_1626185_1627782_1628415_2017-18,2017-18,2018-04-21T23:23:23.479,1626185,"Jarell Martin",1610612763,201188,1626150,1626185,1627782,1628415,"Marc Gasol","Andrew Harrison","Jarell Martin","Wayne Selden","Dillon Brooks",17,3,10,5,1,2,1,1,14,8,5,1,1,1,0,0,33,565
1626185_201188_1626150_1626185_1628415_1628424_2017-18,2017-18,2018-04-21T23:23:23.479,1626185,"Jarell Martin",1610612763,201188,1626150,1626185,1628415,1628424,"Marc Gasol","Andrew Harrison","Jarell Martin","Dillon Brooks","Kobi Simmons",3,0,0,1,0,0,0,0,1,1,1,0,0,0,1,1,3,44
1626185_201188_1626185_1627782_1627988_1628415_2017-18,2017-18,2018-04-21T23:23:23.479,1626185,"Jarell Martin",1610612763,201188,1626185,1627782,1627988,1628415,"Marc Gasol","Jarell Martin","Wayne Selden","Myke Henry","Dillon Brooks",0,0,0,0,0,0,0,0,1,0,0,0,0,0,0,0,1,15
1626185_201188_1626185_1627782_1628415_1628424_2017-18,2017-18,2018-04-21T23:23:23.479,1626185,"Jarell Martin",1610612763,201188,1626185,1627782,1628415,1628424,"Marc Gasol","Jarell Martin","Wayne Selden","Dillon Brooks","Kobi Simmons",2,1,1,1,0,0,0,0,1,1,1,0,0,0,0,0,4,71
1626185_201188_1626185_1627782_1628415_1628504_2017-18,2017-18,2018-04-21T23:23:23.479,1626185,"Jarell Martin",1610612763,201188,1626185,1627782,1628415,1628504,"Marc Gasol","Jarell Martin","Wayne Selden","Dillon Brooks","Xavier Rathan-Mayes",2,0,0,0,0,0,0,0,1,1,0,0,0,0,0,0,1,19
1626185_201188_1626185_1627988_1628397_1628415_2017-18,2017-18,2018-04-21T23:23:23.479,1626185,"Jarell Martin",1610612763,201188,1626185,1627988,1628397,1628415,"Marc Gasol","Jarell Martin","Myke Henry","Ivan Rabb","Dillon Brooks",2,0,1,0,1,0,0,0,4,1,0,0,0,0,0,0,5,69
1626185_201188_201596_1626150_1626185_1627988_2017-18,2017-18,2018-04-21T23:23:23.479,1626185,"Jarell Martin",1610612763,201188,201596,1626150,1626185,1627988,"Marc Gasol","Mario Chalmers","Andrew Harrison","Jarell Martin","Myke Henry",0,1,0,0,0,0,0,0,0,0,0,0,0,0,0,0,1,17
1626185_201188_201596_1626150_1626185_1628415_2017-18,2017-18,2018-04-21T23:23:23.479,1626185,"Jarell Martin",1610612763,201188,201596,1626150,1626185,1628415,"Marc Gasol","Mario Chalmers","Andrew Harrison","Jarell Martin","Dillon Brooks",6,0,3,0,0,1,0,0,3,3,1,0,0,0,0,0,5,96
1626185_201188_201596_1626185_1627738_1628415_2017-18,2017-18,2018-04-21T23:23:23.479,1626185,"Jarell Martin",1610612763,201188,201596,1626185,1627738,1628415,"Marc Gasol","Mario Chalmers","Jarell Martin","Deyonta Davis","Dillon Brooks",2,0,0,0,1,0,0,0,1,0,0,1,0,0,2,2,2,41
1626185_201188_201596_1626185_1627782_1628415_2017-18,2017-18,2018-04-21T23:23:23.479,1626185,"Jarell Martin",1610612763,201188,201596,1626185,1627782,1628415,"Marc Gasol","Mario Chalmers","Jarell Martin","Wayne Selden","Dillon Brooks",4,0,4,3,0,2,0,0,6,2,1,1,0,0,0,0,11,181
1626185_201188_201596_1626185_1627988_1628415_2017-18,2017-18,2018-04-21T23:23:23.479,1626185,"Jarell Martin",1610612763,201188,201596,1626185,1627988,1628415,"Marc Gasol","Mario Chalmers","Jarell Martin","Myke Henry","Dillon Brooks",2,1,1,1,1,1,1,0,1,1,1,0,0,0,0,0,6,91
1626185_201188_201596_1626185_1628397_1628415_2017-18,2017-18,2018-04-21T23:23:23.479,1626185,"Jarell Martin",1610612763,201188,201596,1626185,1628397,1628415,"Marc Gasol","Mario Chalmers","Jarell Martin","Ivan Rabb","Dillon Brooks",2,0,0,0,0,0,0,0,2,1,1,0,0,0,0,0,2,33
1626185_201188_201596_1626185_1628415_1628424_2017-18,2017-18,2018-04-21T23:23:23.479,1626185,"Jarell Martin",1610612763,201188,201596,1626185,1628415,1628424,"Marc Gasol","Mario Chalmers","Jarell Martin","Dillon Brooks","Kobi Simmons",0,0,0,0,0,0,1,0,0,0,0,0,0,0,0,0,1,19
1626185_201188_201596_201936_1626185_1627782_2017-18,2017-18,2018-04-21T23:23:23.479,1626185,"Jarell Martin",1610612763,201188,201596,201936,1626185,1627782,"Marc Gasol","Mario Chalmers","Tyreke Evans","Jarell Martin","Wayne Selden",8,0,10,2,2,2,2,0,7,3,2,2,0,0,2,2,21,283
1626185_201188_201596_201936_1626185_1628415_2017-18,2017-18,2018-04-21T23:23:23.479,1626185,"Jarell Martin",1610612763,201188,201596,201936,1626185,1628415,"Marc Gasol","Mario Chalmers","Tyreke Evans","Jarell Martin","Dillon Brooks",8,0,1,7,2,0,0,2,6,3,3,1,1,1,1,1,16,217
1626185_201188_201596_201936_202718_1626185_2017-18,2017-18,2018-04-21T23:23:23.479,1626185,"Jarell Martin",1610612763,201188,201596,201936,202718,1626185,"Marc Gasol","Mario Chalmers","Tyreke Evans","Chandler Parsons","Jarell Martin",1,0,0,0,1,0,0,0,1,0,0,0,0,0,1,1,2,42
1626185_201188_201596_201936_203463_1626185_2017-18,2017-18,2018-04-21T23:23:23.479,1626185,"Jarell Martin",1610612763,201188,201596,201936,203463,1626185,"Marc Gasol","Mario Chalmers","Tyreke Evans","Ben McLemore","Jarell Martin",0,0,0,1,0,0,0,1,0,0,0,0,0,0,0,0,2,14
1626185_201188_201596_201936_203516_1626185_2017-18,2017-18,2018-04-21T23:23:23.479,1626185,"Jarell Martin",1610612763,201188,201596,201936,203516,1626185,"Marc Gasol","Mario Chalmers","Tyreke Evans","James Ennis III","Jarell Martin",4,1,3,3,1,0,2,0,5,2,0,1,0,0,0,0,13,153
1626185_201188_201596_202718_1626150_1626185_2017-18,2017-18,2018-04-21T23:23:23.479,1626185,"Jarell Martin",1610612763,201188,201596,202718,1626150,1626185,"Marc Gasol","Mario Chalmers","Chandler Parsons","Andrew Harrison","Jarell Martin",0,0,1,0,0,0,0,0,1,0,0,0,0,0,0,0,2,39
1626185_201188_201596_202718_1626185_1628424_2017-18,2017-18,2018-04-21T23:23:23.479,1626185,"Jarell Martin",1610612763,201188,201596,202718,1626185,1628424,"Marc Gasol","Mario Chalmers","Chandler Parsons","Jarell Martin","Kobi Simmons",2,0,1,0,0,0,0,0,2,1,0,0,0,0,0,0,2,39
1626185_201188_201596_202718_203463_1626185_2017-18,2017-18,2018-04-21T23:23:23.479,1626185,"Jarell Martin",1610612763,201188,201596,202718,203463,1626185,"Marc Gasol","Mario Chalmers","Chandler Parsons","Ben McLemore","Jarell Martin",0,0,1,0,0,0,0,0,0,0,0,0,0,0,0,0,1,22
1626185_201188_201596_203210_1626150_1626185_2017-18,2017-18,2018-04-21T23:23:23.479,1626185,"Jarell Martin",1610612763,201188,201596,203210,1626150,1626185,"Marc Gasol","Mario Chalmers","JaMychal Green","Andrew Harrison","Jarell Martin",3,0,0,1,0,1,0,0,2,1,1,1,1,1,0,0,4,57
1626185_201188_201596_203210_1626185_1627988_2017-18,2017-18,2018-04-21T23:23:23.479,1626185,"Jarell Martin",1610612763,201188,201596,203210,1626185,1627988,"Marc Gasol","Mario Chalmers","JaMychal Green","Jarell Martin","Myke Henry",0,1,0,0,0,0,0,0,0,0,0,0,0,0,0,0,1,11
1626185_201188_201596_203210_1626185_1628415_2017-18,2017-18,2018-04-21T23:23:23.479,1626185,"Jarell Martin",1610612763,201188,201596,203210,1626185,1628415,"Marc Gasol","Mario Chalmers","JaMychal Green","Jarell Martin","Dillon Brooks",3,5,5,2,2,0,1,1,5,1,1,1,0,0,2,1,19,314
1626185_201188_201596_203210_203463_1626185_2017-18,2017-18,2018-04-21T23:23:23.479,1626185,"Jarell Martin",1610612763,201188,201596,203210,203463,1626185,"Marc Gasol","Mario Chalmers","JaMychal Green","Ben McLemore","Jarell Martin",2,0,0,1,0,0,0,0,1,1,1,0,0,0,0,0,2,21
1626185_201188_201596_203463_1626150_1626185_2017-18,2017-18,2018-04-21T23:23:23.479,1626185,"Jarell Martin",1610612763,201188,201596,203463,1626150,1626185,"Marc Gasol","Mario Chalmers","Ben McLemore","Andrew Harrison","Jarell Martin",3,0,2,0,1,0,0,0,1,1,1,0,0,0,1,1,3,46
1626185_201188_201596_203463_1626185_1627782_2017-18,2017-18,2018-04-21T23:23:23.479,1626185,"Jarell Martin",1610612763,201188,201596,203463,1626185,1627782,"Marc Gasol","Mario Chalmers","Ben McLemore","Jarell Martin","Wayne Selden",0,0,1,0,1,0,0,1,0,0,0,0,0,0,0,0,3,31
1626185_201188_201596_203463_1626185_1627988_2017-18,2017-18,2018-04-21T23:23:23.479,1626185,"Jarell Martin",1610612763,201188,201596,203463,1626185,1627988,"Marc Gasol","Mario Chalmers","Ben McLemore","Jarell Martin","Myke Henry",0,0,1,0,0,0,0,0,1,0,0,0,0,0,0,0,2,43
1626185_201188_201596_203463_1626185_1628397_2017-18,2017-18,2018-04-21T23:23:23.479,1626185,"Jarell Martin",1610612763,201188,201596,203463,1626185,1628397,"Marc Gasol","Mario Chalmers","Ben McLemore","Jarell Martin","Ivan Rabb",1,1,2,0,1,0,0,0,0,0,0,0,0,0,2,1,4,76
1626185_201188_201596_203463_1626185_1628415_2017-18,2017-18,2018-04-21T23:23:23.479,1626185,"Jarell Martin",1610612763,201188,201596,203463,1626185,1628415,"Marc Gasol","Mario Chalmers","Ben McLemore","Jarell Martin","Dillon Brooks",10,1,5,5,2,1,1,0,7,4,2,1,0,0,2,2,19,278
1626185_201188_201596_203463_203516_1626185_2017-18,2017-18,2018-04-21T23:23:23.479,1626185,"Jarell Martin",1610612763,201188,201596,203463,203516,1626185,"Marc Gasol","Mario Chalmers","Ben McLemore","James Ennis III","Jarell Martin",7,1,1,0,3,2,0,0,3,2,1,0,0,0,4,3,10,102
1626185_201188_201596_203516_1626150_1626185_2017-18,2017-18,2018-04-21T23:23:23.479,1626185,"Jarell Martin",1610612763,201188,201596,203516,1626150,1626185,"Marc Gasol","Mario Chalmers","James Ennis III","Andrew Harrison","Jarell Martin",4,0,7,2,0,0,1,1,5,2,2,1,0,0,0,0,15,275
1626185_201188_201596_203516_1626185_1627782_2017-18,2017-18,2018-04-21T23:23:23.479,1626185,"Jarell Martin",1610612763,201188,201596,203516,1626185,1627782,"Marc Gasol","Mario Chalmers","James Ennis III","Jarell Martin","Wayne Selden",6,0,1,0,0,0,0,0,3,3,1,0,0,0,0,0,4,77
1626185_201188_201596_203516_1626185_1628415_2017-18,2017-18,2018-04-21T23:23:23.479,1626185,"Jarell Martin",1610612763,201188,201596,203516,1626185,1628415,"Marc Gasol","Mario Chalmers","James Ennis III","Jarell Martin","Dillon Brooks",0,1,1,3,0,2,0,0,1,0,0,0,0,0,0,0,8,90
1626185_201188_201596_203516_1626185_1628424_2017-18,2017-18,2018-04-21T23:23:23.479,1626185,"Jarell Martin",1610612763,201188,201596,203516,1626185,1628424,"Marc Gasol","Mario Chalmers","James Ennis III","Jarell Martin","Kobi Simmons",2,0,0,1,0,0,0,2,2,1,1,0,0,0,0,0,5,102
1626185_201188_201936_1626150_1626185_1628415_2017-18,2017-18,2018-04-21T23:23:23.479,1626185,"Jarell Martin",1610612763,201188,201936,1626150,1626185,1628415,"Marc Gasol","Tyreke Evans","Andrew Harrison","Jarell Martin","Dillon Brooks",5,2,4,5,2,0,1,3,9,1,1,2,0,0,3,3,23,363
1626185_201188_201936_1626185_1627362_1627782_2017-18,2017-18,2018-04-21T23:23:23.479,1626185,"Jarell Martin",1610612763,201188,201936,1626185,1627362,1627782,"Marc Gasol","Tyreke Evans","Jarell Martin","Briante Weber","Wayne Selden",0,0,2,0,0,0,0,0,2,0,0,0,0,0,0,0,3,40
1626185_201188_201936_1626185_1627782_1628415_2017-18,2017-18,2018-04-21T23:23:23.479,1626185,"Jarell Martin",1610612763,201188,201936,1626185,1627782,1628415,"Marc Gasol","Tyreke Evans","Jarell Martin","Wayne Selden","Dillon Brooks",2,1,2,2,0,0,0,1,2,1,1,0,0,0,0,0,7,173
1626185_201188_201936_1626185_1627988_1628415_2017-18,2017-18,2018-04-21T23:23:23.479,1626185,"Jarell Martin",1610612763,201188,201936,1626185,1627988,1628415,"Marc Gasol","Tyreke Evans","Jarell Martin","Myke Henry","Dillon Brooks",1,0,2,2,0,1,0,0,0,0,0,0,0,0,1,1,5,67
1626185_201188_201936_1626185_1628415_1628424_2017-18,2017-18,2018-04-21T23:23:23.479,1626185,"Jarell Martin",1610612763,201188,201936,1626185,1628415,1628424,"Marc Gasol","Tyreke Evans","Jarell Martin","Dillon Brooks","Kobi Simmons",2,0,0,1,0,0,0,0,1,1,0,0,0,0,0,0,2,63
1626185_201188_201936_202718_1626185_1628415_2017-18,2017-18,2018-04-21T23:23:23.479,1626185,"Jarell Martin",1610612763,201188,201936,202718,1626185,1628415,"Marc Gasol","Tyreke Evans","Chandler Parsons","Jarell Martin","Dillon Brooks",2,0,0,0,0,0,0,0,2,1,1,0,0,0,0,0,2,40
1626185_201188_201936_203210_1626185_1627362_2017-18,2017-18,2018-04-21T23:23:23.479,1626185,"Jarell Martin",1610612763,201188,201936,203210,1626185,1627362,"Marc Gasol","Tyreke Evans","JaMychal Green","Jarell Martin","Briante Weber",2,0,0,1,0,0,0,0,1,1,1,0,0,0,0,0,2,11
1626185_201188_201936_203210_1626185_1627782_2017-18,2017-18,2018-04-21T23:23:23.479,1626185,"Jarell Martin",1610612763,201188,201936,203210,1626185,1627782,"Marc Gasol","Tyreke Evans","JaMychal Green","Jarell Martin","Wayne Selden",3,1,0,0,1,0,0,0,1,1,1,0,0,0,2,1,3,45
1626185_201188_201936_203210_1626185_1628415_2017-18,2017-18,2018-04-21T23:23:23.479,1626185,"Jarell Martin",1610612763,201188,201936,203210,1626185,1628415,"Marc Gasol","Tyreke Evans","JaMychal Green","Jarell Martin","Dillon Brooks",13,1,10,2,0,1,0,2,9,5,4,5,3,3,0,0,23,382
1626185_201188_201936_203210_203463_1626185_2017-18,2017-18,2018-04-21T23:23:23.479,1626185,"Jarell Martin",1610612763,201188,201936,203210,203463,1626185,"Marc Gasol","Tyreke Evans","JaMychal Green","Ben McLemore","Jarell Martin",3,0,0,0,0,0,0,0,1,1,1,1,1,1,0,0,1,17
1626185_201188_201936_203463_1626150_1626185_2017-18,2017-18,2018-04-21T23:23:23.479,1626185,"Jarell Martin",1610612763,201188,201936,203463,1626150,1626185,"Marc Gasol","Tyreke Evans","Ben McLemore","Andrew Harrison","Jarell Martin",0,0,2,2,0,1,0,0,1,0,0,0,0,0,0,0,4,36
1626185_201188_201936_203463_1626185_1627738_2017-18,2017-18,2018-04-21T23:23:23.479,1626185,"Jarell Martin",1610612763,201188,201936,203463,1626185,1627738,"Marc Gasol","Tyreke Evans","Ben McLemore","Jarell Martin","Deyonta Davis",2,0,1,2,1,1,0,0,0,0,0,0,0,0,2,2,3,53
1626185_201188_201936_203463_1626185_1627782_2017-18,2017-18,2018-04-21T23:23:23.479,1626185,"Jarell Martin",1610612763,201188,201936,203463,1626185,1627782,"Marc Gasol","Tyreke Evans","Ben McLemore","Jarell Martin","Wayne Selden",3,0,1,1,0,0,0,0,2,1,1,1,1,1,0,0,4,91
1626185_201188_201936_203463_1626185_1628415_2017-18,2017-18,2018-04-21T23:23:23.479,1626185,"Jarell Martin",1610612763,201188,201936,203463,1626185,1628415,"Marc Gasol","Tyreke Evans","Ben McLemore","Jarell Martin","Dillon Brooks",2,0,2,0,0,0,1,0,2,1,1,1,0,0,0,0,5,58
1626185_201188_201936_203463_203516_1626185_2017-18,2017-18,2018-04-21T23:23:23.479,1626185,"Jarell Martin",1610612763,201188,201936,203463,203516,1626185,"Marc Gasol","Tyreke Evans","Ben McLemore","James Ennis III","Jarell Martin",0,0,2,2,0,0,0,0,0,0,0,0,0,0,0,0,4,71
1626185_201188_201936_203516_1626150_1626185_2017-18,2017-18,2018-04-21T23:23:23.479,1626185,"Jarell Martin",1610612763,201188,201936,203516,1626150,1626185,"Marc Gasol","Tyreke Evans","James Ennis III","Andrew Harrison","Jarell Martin",5,1,2,2,0,0,1,0,4,2,2,1,1,1,0,0,10,178
1626185_201188_201936_203516_1626185_1627782_2017-18,2017-18,2018-04-21T23:23:23.479,1626185,"Jarell Martin",1610612763,201188,201936,203516,1626185,1627782,"Marc Gasol","Tyreke Evans","James Ennis III","Jarell Martin","Wayne Selden",0,1,1,1,0,0,0,0,0,0,0,0,0,0,0,0,3,31
1626185_201188_201936_203516_1626185_1628415_2017-18,2017-18,2018-04-21T23:23:23.479,1626185,"Jarell Martin",1610612763,201188,201936,203516,1626185,1628415,"Marc Gasol","Tyreke Evans","James Ennis III","Jarell Martin","Dillon Brooks",0,0,1,1,0,0,0,0,2,0,0,0,0,0,0,0,4,71
1626185_201188_201936_203516_1626185_1628424_2017-18,2017-18,2018-04-21T23:23:23.479,1626185,"Jarell Martin",1610612763,201188,201936,203516,1626185,1628424,"Marc Gasol","Tyreke Evans","James Ennis III","Jarell Martin","Kobi Simmons",15,0,9,2,1,0,0,0,10,7,5,0,0,0,2,1,18,287
1626185_201188_202705_203104_203463_1626185_2017-18,2017-18,2018-04-21T23:23:23.479,1626185,"Jarell Martin",1610612763,201188,202705,203104,203463,1626185,"Marc Gasol","MarShon Brooks","Marquis Teague","Ben McLemore","Jarell Martin",2,0,1,1,0,0,0,0,1,1,1,0,0,0,0,0,3,31
1626185_201188_202705_203463_1626185_1628424_2017-18,2017-18,2018-04-21T23:23:23.479,1626185,"Jarell Martin",1610612763,201188,202705,203463,1626185,1628424,"Marc Gasol","MarShon Brooks","Ben McLemore","Jarell Martin","Kobi Simmons",2,0,0,0,0,0,0,0,2,1,1,0,0,0,0,0,2,21
1626185_201188_202718_1626150_1626185_1627782_2017-18,2017-18,2018-04-21T23:23:23.479,1626185,"Jarell Martin",1610612763,201188,202718,1626150,1626185,1627782,"Marc Gasol","Chandler Parsons","Andrew Harrison","Jarell Martin","Wayne Selden",0,0,1,0,0,0,0,0,0,0,0,0,0,0,0,0,1,9
1626185_201188_202718_1626150_1626185_1628415_2017-18,2017-18,2018-04-21T23:23:23.479,1626185,"Jarell Martin",1610612763,201188,202718,1626150,1626185,1628415,"Marc Gasol","Chandler Parsons","Andrew Harrison","Jarell Martin","Dillon Brooks",0,0,0,0,1,0,0,0,1,0,0,0,0,0,0,0,1,33
1626185_201188_202718_1626185_1628415_1628504_2017-18,2017-18,2018-04-21T23:23:23.479,1626185,"Jarell Martin",1610612763,201188,202718,1626185,1628415,1628504,"Marc Gasol","Chandler Parsons","Jarell Martin","Dillon Brooks","Xavier Rathan-Mayes",3,0,1,1,1,0,0,0,1,1,1,0,0,0,1,1,4,40
1626185_201188_202718_203210_1626150_1626185_2017-18,2017-18,2018-04-21T23:23:23.479,1626185,"Jarell Martin",1610612763,201188,202718,203210,1626150,1626185,"Marc Gasol","Chandler Parsons","JaMychal Green","Andrew Harrison","Jarell Martin",6,0,0,1,0,0,0,0,4,3,3,0,0,0,0,0,5,98
1626185_201188_202718_203210_1626185_1627362_2017-18,2017-18,2018-04-21T23:23:23.479,1626185,"Jarell Martin",1610612763,201188,202718,203210,1626185,1627362,"Marc Gasol","Chandler Parsons","JaMychal Green","Jarell Martin","Briante Weber",0,0,1,0,0,0,0,0,1,0,0,0,0,0,0,0,2,49
1626185_201188_202718_203210_1626185_1628415_2017-18,2017-18,2018-04-21T23:23:23.479,1626185,"Jarell Martin",1610612763,201188,202718,203210,1626185,1628415,"Marc Gasol","Chandler Parsons","JaMychal Green","Jarell Martin","Dillon Brooks",7,0,2,0,3,0,0,0,2,1,0,0,0,0,6,5,7,66
1626185_201188_202718_203516_1626150_1626185_2017-18,2017-18,2018-04-21T23:23:23.479,1626185,"Jarell Martin",1610612763,201188,202718,203516,1626150,1626185,"Marc Gasol","Chandler Parsons","James Ennis III","Andrew Harrison","Jarell Martin",0,0,0,0,0,0,0,0,1,0,0,0,0,0,0,0,1,16
1626185_201188_203104_1626185_1627782_1628415_2017-18,2017-18,2018-04-21T23:23:23.479,1626185,"Jarell Martin",1610612763,201188,203104,1626185,1627782,1628415,"Marc Gasol","Marquis Teague","Jarell Martin","Wayne Selden","Dillon Brooks",1,0,0,0,1,1,0,0,1,0,0,0,0,0,2,1,3,53
1626185_201188_203104_203210_1626185_1628415_2017-18,2017-18,2018-04-21T23:23:23.479,1626185,"Jarell Martin",1610612763,201188,203104,203210,1626185,1628415,"Marc Gasol","Marquis Teague","JaMychal Green","Jarell Martin","Dillon Brooks",2,0,0,1,0,0,0,0,1,1,1,0,0,0,0,0,2,42
1626185_201188_203104_203463_1626185_1627782_2017-18,2017-18,2018-04-21T23:23:23.479,1626185,"Jarell Martin",1610612763,201188,203104,203463,1626185,1627782,"Marc Gasol","Marquis Teague","Ben McLemore","Jarell Martin","Wayne Selden",0,0,0,0,0,0,0,0,1,0,0,0,0,0,0,0,1,23
1626185_201188_203104_203463_1626185_1628415_2017-18,2017-18,2018-04-21T23:23:23.479,1626185,"Jarell Martin",1610612763,201188,203104,203463,1626185,1628415,"Marc Gasol","Marquis Teague","Ben McLemore","Jarell Martin","Dillon Brooks",0,1,1,0,0,0,0,0,1,0,0,1,0,0,0,0,3,35
1626185_201188_203210_1626150_1626185_1627782_2017-18,2017-18,2018-04-21T23:23:23.479,1626185,"Jarell Martin",1610612763,201188,203210,1626150,1626185,1627782,"Marc Gasol","JaMychal Green","Andrew Harrison","Jarell Martin","Wayne Selden",0,0,4,1,0,0,1,0,2,0,0,0,0,0,0,0,8,149
1626185_201188_203210_1626150_1626185_1627988_2017-18,2017-18,2018-04-21T23:23:23.479,1626185,"Jarell Martin",1610612763,201188,203210,1626150,1626185,1627988,"Marc Gasol","JaMychal Green","Andrew Harrison","Jarell Martin","Myke Henry",2,0,1,0,0,0,0,0,1,1,0,0,0,0,0,0,2,17
1626185_201188_203210_1626150_1626185_1628415_2017-18,2017-18,2018-04-21T23:23:23.479,1626185,"Jarell Martin",1610612763,201188,203210,1626150,1626185,1628415,"Marc Gasol","JaMychal Green","Andrew Harrison","Jarell Martin","Dillon Brooks",23,5,9,3,3,0,0,2,20,9,8,10,2,2,4,3,41,607
1626185_201188_203210_1626185_1627362_1628415_2017-18,2017-18,2018-04-21T23:23:23.479,1626185,"Jarell Martin",1610612763,201188,203210,1626185,1627362,1628415,"Marc Gasol","JaMychal Green","Jarell Martin","Briante Weber","Dillon Brooks",0,0,0,0,0,0,0,0,1,0,0,0,0,0,0,0,1,18
1626185_201188_203210_1626185_1627782_1628415_2017-18,2017-18,2018-04-21T23:23:23.479,1626185,"Jarell Martin",1610612763,201188,203210,1626185,1627782,1628415,"Marc Gasol","JaMychal Green","Jarell Martin","Wayne Selden","Dillon Brooks",0,1,0,1,0,0,0,0,0,0,0,0,0,0,0,0,2,8
1626185_201188_203210_1626185_1627782_1628424_2017-18,2017-18,2018-04-21T23:23:23.479,1626185,"Jarell Martin",1610612763,201188,203210,1626185,1627782,1628424,"Marc Gasol","JaMychal Green","Jarell Martin","Wayne Selden","Kobi Simmons",0,0,1,0,0,0,0,0,3,0,0,2,0,0,0,0,4,56
1626185_201188_203210_1626185_1627988_1628415_2017-18,2017-18,2018-04-21T23:23:23.479,1626185,"Jarell Martin",1610612763,201188,203210,1626185,1627988,1628415,"Marc Gasol","JaMychal Green","Jarell Martin","Myke Henry","Dillon Brooks",0,0,0,1,0,1,0,0,0,0,0,0,0,0,0,0,2,22
1626185_201188_203210_1626185_1628415_1628424_2017-18,2017-18,2018-04-21T23:23:23.479,1626185,"Jarell Martin",1610612763,201188,203210,1626185,1628415,1628424,"Marc Gasol","JaMychal Green","Jarell Martin","Dillon Brooks","Kobi Simmons",8,6,4,3,1,2,1,0,7,4,2,1,0,0,1,0,24,341
1626185_201188_203210_1626185_1628415_1628504_2017-18,2017-18,2018-04-21T23:23:23.479,1626185,"Jarell Martin",1610612763,201188,203210,1626185,1628415,1628504,"Marc Gasol","JaMychal Green","Jarell Martin","Dillon Brooks","Xavier Rathan-Mayes",3,1,0,0,0,0,0,0,1,1,1,1,1,1,0,0,2,21
1626185_201188_203210_203463_1626185_1628504_2017-18,2017-18,2018-04-21T23:23:23.479,1626185,"Jarell Martin",1610612763,201188,203210,203463,1626185,1628504,"Marc Gasol","JaMychal Green","Ben McLemore","Jarell Martin","Xavier Rathan-Mayes",0,0,0,0,0,1,0,0,0,0,0,0,0,0,0,0,1,7
1626185_201188_203210_203463_203516_1626185_2017-18,2017-18,2018-04-21T23:23:23.479,1626185,"Jarell Martin",1610612763,201188,203210,203463,203516,1626185,"Marc Gasol","JaMychal Green","Ben McLemore","James Ennis III","Jarell Martin",0,0,0,0,0,1,0,0,1,0,0,1,0,0,0,0,2,17
1626185_201188_203210_203516_1626150_1626185_2017-18,2017-18,2018-04-21T23:23:23.479,1626185,"Jarell Martin",1610612763,201188,203210,203516,1626150,1626185,"Marc Gasol","JaMychal Green","James Ennis III","Andrew Harrison","Jarell Martin",1,0,1,0,1,0,0,0,0,0,0,0,0,0,1,1,2,46
1626185_201188_203463_1626150_1626185_1628415_2017-18,2017-18,2018-04-21T23:23:23.479,1626185,"Jarell Martin",1610612763,201188,203463,1626150,1626185,1628415,"Marc Gasol","Ben McLemore","Andrew Harrison","Jarell Martin","Dillon Brooks",2,0,1,4,0,2,0,0,1,1,1,0,0,0,0,0,7,115
1626185_201188_203463_1626185_1627782_1628424_2017-18,2017-18,2018-04-21T23:23:23.479,1626185,"Jarell Martin",1610612763,201188,203463,1626185,1627782,1628424,"Marc Gasol","Ben McLemore","Jarell Martin","Wayne Selden","Kobi Simmons",0,0,0,1,0,0,0,0,0,0,0,0,0,0,0,0,1,17
1626185_201188_203463_1626185_1627988_1628424_2017-18,2017-18,2018-04-21T23:23:23.479,1626185,"Jarell Martin",1610612763,201188,203463,1626185,1627988,1628424,"Marc Gasol","Ben McLemore","Jarell Martin","Myke Henry","Kobi Simmons",1,0,2,0,1,0,0,0,0,0,0,0,0,0,2,1,2,13
1626185_201188_203463_1626185_1628415_1628424_2017-18,2017-18,2018-04-21T23:23:23.479,1626185,"Jarell Martin",1610612763,201188,203463,1626185,1628415,1628424,"Marc Gasol","Ben McLemore","Jarell Martin","Dillon Brooks","Kobi Simmons",2,1,3,3,0,1,0,0,3,1,1,0,0,0,0,0,11,154
1626185_201188_203463_203516_1626150_1626185_2017-18,2017-18,2018-04-21T23:23:23.479,1626185,"Jarell Martin",1610612763,201188,203463,203516,1626150,1626185,"Marc Gasol","Ben McLemore","James Ennis III","Andrew Harrison","Jarell Martin",0,0,0,0,0,0,0,0,2,0,0,1,0,0,0,0,2,32
1626185_201188_203516_1626150_1626185_1627782_2017-18,2017-18,2018-04-21T23:23:23.479,1626185,"Jarell Martin",1610612763,201188,203516,1626150,1626185,1627782,"Marc Gasol","James Ennis III","Andrew Harrison","Jarell Martin","Wayne Selden",1,0,0,0,0,0,0,0,0,0,0,0,0,0,1,1,1,18
1626185_201188_203516_1626150_1626185_1628415_2017-18,2017-18,2018-04-21T23:23:23.479,1626185,"Jarell Martin",1610612763,201188,203516,1626150,1626185,1628415,"Marc Gasol","James Ennis III","Andrew Harrison","Jarell Martin","Dillon Brooks",4,0,3,0,1,0,1,0,3,1,0,0,0,0,2,2,6,117
1626185_201188_203516_1626150_1626185_1628424_2017-18,2017-18,2018-04-21T23:23:23.479,1626185,"Jarell Martin",1610612763,201188,203516,1626150,1626185,1628424,"Marc Gasol","James Ennis III","Andrew Harrison","Jarell Martin","Kobi Simmons",3,0,3,3,0,0,0,1,3,1,0,0,0,0,1,1,10,211
1626185_201596_1626150_1626185_1626205_1627738_2017-18,2017-18,2018-04-21T23:23:23.479,1626185,"Jarell Martin",1610612763,201596,1626150,1626185,1626205,1627738,"Mario Chalmers","Andrew Harrison","Jarell Martin","Vincent Hunter","Deyonta Davis",0,0,1,1,0,1,0,0,0,0,0,0,0,0,0,0,3,47
1626185_201596_1626150_1626185_1627738_1627782_2017-18,2017-18,2018-04-21T23:23:23.479,1626185,"Jarell Martin",1610612763,201596,1626150,1626185,1627738,1627782,"Mario Chalmers","Andrew Harrison","Jarell Martin","Deyonta Davis","Wayne Selden",0,0,0,0,0,0,0,1,3,0,0,1,0,0,0,0,4,72
1626185_201596_1626150_1626185_1627738_1628415_2017-18,2017-18,2018-04-21T23:23:23.479,1626185,"Jarell Martin",1610612763,201596,1626150,1626185,1627738,1628415,"Mario Chalmers","Andrew Harrison","Jarell Martin","Deyonta Davis","Dillon Brooks",6,0,3,0,1,0,0,0,4,3,1,0,0,0,0,0,6,85
1626185_201596_1626150_1626185_1627782_1628397_2017-18,2017-18,2018-04-21T23:23:23.479,1626185,"Jarell Martin",1610612763,201596,1626150,1626185,1627782,1628397,"Mario Chalmers","Andrew Harrison","Jarell Martin","Wayne Selden","Ivan Rabb",0,0,0,0,0,1,0,1,0,0,0,0,0,0,0,0,2,33
1626185_201596_1626150_1626185_1627988_1628397_2017-18,2017-18,2018-04-21T23:23:23.479,1626185,"Jarell Martin",1610612763,201596,1626150,1626185,1627988,1628397,"Mario Chalmers","Andrew Harrison","Jarell Martin","Myke Henry","Ivan Rabb",3,0,2,1,0,1,0,0,2,1,1,1,1,1,0,0,5,76
1626185_201596_1626150_1626185_1628397_1628415_2017-18,2017-18,2018-04-21T23:23:23.479,1626185,"Jarell Martin",1610612763,201596,1626150,1626185,1628397,1628415,"Mario Chalmers","Andrew Harrison","Jarell Martin","Ivan Rabb","Dillon Brooks",2,0,1,0,0,0,0,0,2,1,1,0,0,0,0,0,3,67
1626185_201596_1626185_1627738_1627782_1628415_2017-18,2017-18,2018-04-21T23:23:23.479,1626185,"Jarell Martin",NULL,201596,1626185,1627738,1627782,1628415,"Mario Chalmers","Jarell Martin","Deyonta Davis","Wayne Selden","Dillon Brooks",5,0,2,0,1,0,0,1,3,2,1,0,0,0,1,1,7,79
1626185_201596_1626185_1627738_1627782_1628424_2017-18,2017-18,2018-04-21T23:23:23.479,1626185,"Jarell Martin",1610612763,201596,1626185,1627738,1627782,1628424,"Mario Chalmers","Jarell Martin","Deyonta Davis","Wayne Selden","Kobi Simmons",0,1,2,1,0,1,0,0,2,0,0,0,0,0,0,0,6,78
1626185_201596_1626185_1627738_1628397_1628415_2017-18,2017-18,2018-04-21T23:23:23.479,1626185,"Jarell Martin",1610612763,201596,1626185,1627738,1628397,1628415,"Mario Chalmers","Jarell Martin","Deyonta Davis","Ivan Rabb","Dillon Brooks",0,0,0,0,0,0,1,0,0,0,0,0,0,0,0,0,1,8
1626185_201596_1626185_1627738_1628415_1628424_2017-18,2017-18,2018-04-21T23:23:23.479,1626185,"Jarell Martin",1610612763,201596,1626185,1627738,1628415,1628424,"Mario Chalmers","Jarell Martin","Deyonta Davis","Dillon Brooks","Kobi Simmons",2,0,2,0,0,1,0,0,1,1,1,0,0,0,0,0,4,83
1626185_201596_1626185_1627988_1628397_1628415_2017-18,2017-18,2018-04-21T23:23:23.479,1626185,"Jarell Martin",1610612763,201596,1626185,1627988,1628397,1628415,"Mario Chalmers","Jarell Martin","Myke Henry","Ivan Rabb","Dillon Brooks",0,0,1,0,0,0,0,0,0,0,0,0,0,0,0,0,1,20
1626185_201596_201936_1626150_1626185_1627738_2017-18,2017-18,2018-04-21T23:23:23.479,1626185,"Jarell Martin",1610612763,201596,201936,1626150,1626185,1627738,"Mario Chalmers","Tyreke Evans","Andrew Harrison","Jarell Martin","Deyonta Davis",0,0,2,0,0,0,0,0,2,0,0,0,0,0,0,0,4,82
1626185_201596_201936_1626185_1627738_1627782_2017-18,2017-18,2018-04-21T23:23:23.479,1626185,"Jarell Martin",1610612763,201596,201936,1626185,1627738,1627782,"Mario Chalmers","Tyreke Evans","Jarell Martin","Deyonta Davis","Wayne Selden",8,0,2,1,1,0,1,0,3,3,1,1,1,1,2,1,6,103
1626185_201596_201936_1626185_1627738_1627988_2017-18,2017-18,2018-04-21T23:23:23.479,1626185,"Jarell Martin",NULL,201596,201936,1626185,1627738,1627988,"Mario Chalmers","Tyreke Evans","Jarell Martin","Deyonta Davis","Myke Henry",0,0,0,0,0,0,0,1,0,0,0,0,0,0,0,0,1,23
1626185_201596_201936_1626185_1627738_1628415_2017-18,2017-18,2018-04-21T23:23:23.479,1626185,"Jarell Martin",1610612763,201596,201936,1626185,1627738,1628415,"Mario Chalmers","Tyreke Evans","Jarell Martin","Deyonta Davis","Dillon Brooks",2,0,2,3,0,0,1,0,5,1,0,2,0,0,0,0,11,175
1626185_201596_201936_202718_1626185_1627738_2017-18,2017-18,2018-04-21T23:23:23.479,1626185,"Jarell Martin",NULL,201596,201936,202718,1626185,1627738,"Mario Chalmers","Tyreke Evans","Chandler Parsons","Jarell Martin","Deyonta Davis",2,0,2,2,1,0,0,1,1,0,0,0,0,0,3,2,8,128
1626185_201596_201936_203210_1626185_1627738_2017-18,2017-18,2018-04-21T23:23:23.479,1626185,"Jarell Martin",1610612763,201596,201936,203210,1626185,1627738,"Mario Chalmers","Tyreke Evans","JaMychal Green","Jarell Martin","Deyonta Davis",2,0,1,0,0,0,0,0,2,1,0,0,0,0,0,0,3,32
1626185_201596_201936_203210_1626185_1627744_2017-18,2017-18,2018-04-21T23:23:23.479,1626185,"Jarell Martin",1610612763,201596,201936,203210,1626185,1627744,"Mario Chalmers","Tyreke Evans","JaMychal Green","Jarell Martin","Brice Johnson",0,0,1,0,0,0,0,0,2,0,0,0,0,0,0,0,2,14
1626185_201596_201936_203210_1626185_1628415_2017-18,2017-18,2018-04-21T23:23:23.479,1626185,"Jarell Martin",1610612763,201596,201936,203210,1626185,1628415,"Mario Chalmers","Tyreke Evans","JaMychal Green","Jarell Martin","Dillon Brooks",5,0,0,1,0,0,0,0,2,2,2,1,1,1,0,0,3,58
1626185_201596_201936_203210_203516_1626185_2017-18,2017-18,2018-04-21T23:23:23.479,1626185,"Jarell Martin",1610612763,201596,201936,203210,203516,1626185,"Mario Chalmers","Tyreke Evans","JaMychal Green","James Ennis III","Jarell Martin",0,0,0,1,0,0,0,0,0,0,0,0,0,0,0,0,1,15
1626185_201596_201936_203463_1626185_1627738_2017-18,2017-18,2018-04-21T23:23:23.479,1626185,"Jarell Martin",1610612763,201596,201936,203463,1626185,1627738,"Mario Chalmers","Tyreke Evans","Ben McLemore","Jarell Martin","Deyonta Davis",5,0,2,1,0,0,0,0,4,2,2,1,1,1,0,0,7,87
1626185_201596_201936_203463_1626185_1628397_2017-18,2017-18,2018-04-21T23:23:23.479,1626185,"Jarell Martin",1610612763,201596,201936,203463,1626185,1628397,"Mario Chalmers","Tyreke Evans","Ben McLemore","Jarell Martin","Ivan Rabb",0,0,0,1,0,0,0,0,1,0,0,0,0,0,0,0,2,22
1626185_201596_201936_203463_1626185_1628415_2017-18,2017-18,2018-04-21T23:23:23.479,1626185,"Jarell Martin",1610612763,201596,201936,203463,1626185,1628415,"Mario Chalmers","Tyreke Evans","Ben McLemore","Jarell Martin","Dillon Brooks",0,0,1,0,0,0,0,0,1,0,0,0,0,0,0,0,2,35
1626185_201596_201936_203463_203516_1626185_2017-18,2017-18,2018-04-21T23:23:23.479,1626185,"Jarell Martin",1610612763,201596,201936,203463,203516,1626185,"Mario Chalmers","Tyreke Evans","Ben McLemore","James Ennis III","Jarell Martin",2,0,2,0,1,0,0,0,1,0,0,1,0,0,2,2,4,60
1626185_201596_201936_203516_1626185_1627738_2017-18,2017-18,2018-04-21T23:23:23.479,1626185,"Jarell Martin",1610612763,201596,201936,203516,1626185,1627738,"Mario Chalmers","Tyreke Evans","James Ennis III","Jarell Martin","Deyonta Davis",4,0,1,2,1,2,1,0,1,1,1,0,0,0,2,2,7,84
1626185_201596_201936_203516_1626185_1628415_2017-18,2017-18,2018-04-21T23:23:23.479,1626185,"Jarell Martin",1610612763,201596,201936,203516,1626185,1628415,"Mario Chalmers","Tyreke Evans","James Ennis III","Jarell Martin","Dillon Brooks",0,0,0,0,0,0,0,0,1,0,0,0,0,0,0,0,1,4
1626185_201596_202718_1626185_1627738_1627782_2017-18,2017-18,2018-04-21T23:23:23.479,1626185,"Jarell Martin",1610612763,201596,202718,1626185,1627738,1627782,"Mario Chalmers","Chandler Parsons","Jarell Martin","Deyonta Davis","Wayne Selden",0,0,0,1,0,0,0,0,0,0,0,0,0,0,0,0,1,4
1626185_201596_202718_1626185_1627744_1628415_2017-18,2017-18,2018-04-21T23:23:23.479,1626185,"Jarell Martin",1610612763,201596,202718,1626185,1627744,1628415,"Mario Chalmers","Chandler Parsons","Jarell Martin","Brice Johnson","Dillon Brooks",0,0,0,2,0,0,0,0,0,0,0,0,0,0,0,0,2,25
1626185_201596_202718_203210_1626185_1628415_2017-18,2017-18,2018-04-21T23:23:23.479,1626185,"Jarell Martin",1610612763,201596,202718,203210,1626185,1628415,"Mario Chalmers","Chandler Parsons","JaMychal Green","Jarell Martin","Dillon Brooks",4,0,0,1,0,0,0,0,2,2,2,0,0,0,0,0,3,62
1626185_201596_202718_203463_1626185_1627738_2017-18,2017-18,2018-04-21T23:23:23.479,1626185,"Jarell Martin",1610612763,201596,202718,203463,1626185,1627738,"Mario Chalmers","Chandler Parsons","Ben McLemore","Jarell Martin","Deyonta Davis",1,0,1,3,1,0,0,0,1,0,0,1,0,0,2,1,5,70
1626185_201596_202718_203463_1626185_1627744_2017-18,2017-18,2018-04-21T23:23:23.479,1626185,"Jarell Martin",1610612763,201596,202718,203463,1626185,1627744,"Mario Chalmers","Chandler Parsons","Ben McLemore","Jarell Martin","Brice Johnson",0,0,1,0,0,0,0,0,0,0,0,0,0,0,0,0,1,19
1626185_201596_203210_1626150_1626185_1627738_2017-18,2017-18,2018-04-21T23:23:23.479,1626185,"Jarell Martin",1610612763,201596,203210,1626150,1626185,1627738,"Mario Chalmers","JaMychal Green","Andrew Harrison","Jarell Martin","Deyonta Davis",0,0,1,0,0,0,0,0,0,0,0,0,0,0,0,0,1,19
1626185_201596_203210_1626185_1627738_1627988_2017-18,2017-18,2018-04-21T23:23:23.479,1626185,"Jarell Martin",1610612763,201596,203210,1626185,1627738,1627988,"Mario Chalmers","JaMychal Green","Jarell Martin","Deyonta Davis","Myke Henry",2,2,0,0,0,0,0,0,1,1,1,0,0,0,0,0,3,39
1626185_201596_203210_1626185_1627738_1628415_2017-18,2017-18,2018-04-21T23:23:23.479,1626185,"Jarell Martin",1610612763,201596,203210,1626185,1627738,1628415,"Mario Chalmers","JaMychal Green","Jarell Martin","Deyonta Davis","Dillon Brooks",0,0,0,1,1,0,0,0,0,0,0,0,0,0,1,0,3,51
1626185_201596_203210_1626185_1627744_1628424_2017-18,2017-18,2018-04-21T23:23:23.479,1626185,"Jarell Martin",1610612763,201596,203210,1626185,1627744,1628424,"Mario Chalmers","JaMychal Green","Jarell Martin","Brice Johnson","Kobi Simmons",2,0,2,0,0,1,0,0,2,1,1,1,0,0,0,0,4,60
1626185_201596_203210_1626185_1627782_1628415_2017-18,2017-18,2018-04-21T23:23:23.479,1626185,"Jarell Martin",NULL,201596,203210,1626185,1627782,1628415,"Mario Chalmers","JaMychal Green","Jarell Martin","Wayne Selden","Dillon Brooks",0,0,0,0,0,0,0,1,0,0,0,0,0,0,0,0,1,20
1626185_201596_203210_203463_1626185_1628415_2017-18,2017-18,2018-04-21T23:23:23.479,1626185,"Jarell Martin",1610612763,201596,203210,203463,1626185,1628415,"Mario Chalmers","JaMychal Green","Ben McLemore","Jarell Martin","Dillon Brooks",8,1,4,0,1,1,0,0,6,4,3,0,0,0,1,0,13,201
1626185_201596_203210_203516_1626185_1627782_2017-18,2017-18,2018-04-21T23:23:23.479,1626185,"Jarell Martin",1610612763,201596,203210,203516,1626185,1627782,"Mario Chalmers","JaMychal Green","James Ennis III","Jarell Martin","Wayne Selden",0,0,0,0,0,0,0,0,1,0,0,0,0,0,0,0,1,17
1626185_201596_203463_1626150_1626185_1627738_2017-18,2017-18,2018-04-21T23:23:23.479,1626185,"Jarell Martin",1610612763,201596,203463,1626150,1626185,1627738,"Mario Chalmers","Ben McLemore","Andrew Harrison","Jarell Martin","Deyonta Davis",5,0,2,0,1,1,0,0,2,1,1,1,1,1,2,2,4,71
1626185_201596_203463_1626185_1627738_1627782_2017-18,2017-18,2018-04-21T23:23:23.479,1626185,"Jarell Martin",1610612763,201596,203463,1626185,1627738,1627782,"Mario Chalmers","Ben McLemore","Jarell Martin","Deyonta Davis","Wayne Selden",3,0,1,1,1,0,0,1,3,1,1,0,0,0,1,1,6,89
1626185_201596_203463_1626185_1627738_1628397_2017-18,2017-18,2018-04-21T23:23:23.479,1626185,"Jarell Martin",1610612763,201596,203463,1626185,1627738,1628397,"Mario Chalmers","Ben McLemore","Jarell Martin","Deyonta Davis","Ivan Rabb",4,0,0,0,1,1,0,0,1,1,1,1,1,1,2,1,3,77
1626185_201596_203463_1626185_1627738_1628415_2017-18,2017-18,2018-04-21T23:23:23.479,1626185,"Jarell Martin",1610612763,201596,203463,1626185,1627738,1628415,"Mario Chalmers","Ben McLemore","Jarell Martin","Deyonta Davis","Dillon Brooks",0,0,1,0,0,0,0,0,1,0,0,0,0,0,0,0,2,28
1626185_201596_203463_1626185_1627988_1628397_2017-18,2017-18,2018-04-21T23:23:23.479,1626185,"Jarell Martin",1610612763,201596,203463,1626185,1627988,1628397,"Mario Chalmers","Ben McLemore","Jarell Martin","Myke Henry","Ivan Rabb",2,0,1,0,0,0,0,0,2,1,0,0,0,0,0,0,2,35
1626185_201596_203463_1626185_1628397_1628415_2017-18,2017-18,2018-04-21T23:23:23.479,1626185,"Jarell Martin",1610612763,201596,203463,1626185,1628397,1628415,"Mario Chalmers","Ben McLemore","Jarell Martin","Ivan Rabb","Dillon Brooks",2,0,1,0,2,0,0,0,0,0,0,0,0,0,2,2,2,38
1626185_201596_203463_1626185_1628397_1628424_2017-18,2017-18,2018-04-21T23:23:23.479,1626185,"Jarell Martin",NULL,201596,203463,1626185,1628397,1628424,"Mario Chalmers","Ben McLemore","Jarell Martin","Ivan Rabb","Kobi Simmons",0,0,1,1,1,1,0,1,0,0,0,0,0,0,0,0,5,63
1626185_201596_203463_203516_1626185_1627738_2017-18,2017-18,2018-04-21T23:23:23.479,1626185,"Jarell Martin",1610612763,201596,203463,203516,1626185,1627738,"Mario Chalmers","Ben McLemore","James Ennis III","Jarell Martin","Deyonta Davis",0,0,1,0,0,0,0,0,2,0,0,0,0,0,0,0,2,35
1626185_201596_203463_203516_1626185_1628397_2017-18,2017-18,2018-04-21T23:23:23.479,1626185,"Jarell Martin",1610612763,201596,203463,203516,1626185,1628397,"Mario Chalmers","Ben McLemore","James Ennis III","Jarell Martin","Ivan Rabb",0,0,0,1,0,1,0,0,0,0,0,0,0,0,0,0,1,3
1626185_201596_203516_1626150_1626185_1627738_2017-18,2017-18,2018-04-21T23:23:23.479,1626185,"Jarell Martin",1610612763,201596,203516,1626150,1626185,1627738,"Mario Chalmers","James Ennis III","Andrew Harrison","Jarell Martin","Deyonta Davis",0,0,0,1,2,1,0,0,1,0,0,0,0,0,0,0,5,90
1626185_201596_203516_1626150_1626185_1628397_2017-18,2017-18,2018-04-21T23:23:23.479,1626185,"Jarell Martin",1610612763,201596,203516,1626150,1626185,1628397,"Mario Chalmers","James Ennis III","Andrew Harrison","Jarell Martin","Ivan Rabb",2,0,0,1,0,0,0,0,1,1,0,0,0,0,0,0,2,68
1626185_201596_203516_1626185_1627738_1627782_2017-18,2017-18,2018-04-21T23:23:23.479,1626185,"Jarell Martin",1610612763,201596,203516,1626185,1627738,1627782,"Mario Chalmers","James Ennis III","Jarell Martin","Deyonta Davis","Wayne Selden",2,0,1,4,1,0,0,0,3,1,0,0,0,0,2,0,9,86
1626185_201596_203516_1626185_1627738_1628415_2017-18,2017-18,2018-04-21T23:23:23.479,1626185,"Jarell Martin",1610612763,201596,203516,1626185,1627738,1628415,"Mario Chalmers","James Ennis III","Jarell Martin","Deyonta Davis","Dillon Brooks",0,0,0,0,0,1,0,0,0,0,0,0,0,0,0,0,1,18
1626185_201596_203516_1626185_1627738_1628424_2017-18,2017-18,2018-04-21T23:23:23.479,1626185,"Jarell Martin",1610612763,201596,203516,1626185,1627738,1628424,"Mario Chalmers","James Ennis III","Jarell Martin","Deyonta Davis","Kobi Simmons",8,0,2,1,0,1,0,0,6,4,1,0,0,0,0,0,8,155
1626185_201596_203516_1626185_1627782_1628397_2017-18,2017-18,2018-04-21T23:23:23.479,1626185,"Jarell Martin",1610612763,201596,203516,1626185,1627782,1628397,"Mario Chalmers","James Ennis III","Jarell Martin","Wayne Selden","Ivan Rabb",6,0,1,0,0,0,0,0,5,3,1,0,0,0,0,0,4,51
1626185_201936_1626150_1626185_1627738_1627782_2017-18,2017-18,2018-04-21T23:23:23.479,1626185,"Jarell Martin",1610612763,201936,1626150,1626185,1627738,1627782,"Tyreke Evans","Andrew Harrison","Jarell Martin","Deyonta Davis","Wayne Selden",0,0,0,1,0,0,1,0,1,0,0,1,0,0,0,0,3,22
1626185_201936_1626150_1626185_1627738_1628415_2017-18,2017-18,2018-04-21T23:23:23.479,1626185,"Jarell Martin",1610612763,201936,1626150,1626185,1627738,1628415,"Tyreke Evans","Andrew Harrison","Jarell Martin","Deyonta Davis","Dillon Brooks",2,2,0,0,0,1,1,0,4,1,1,1,0,0,0,0,8,123
1626185_201936_1626150_1626185_1627738_1628424_2017-18,2017-18,2018-04-21T23:23:23.479,1626185,"Jarell Martin",1610612763,201936,1626150,1626185,1627738,1628424,"Tyreke Evans","Andrew Harrison","Jarell Martin","Deyonta Davis","Kobi Simmons",4,0,0,0,0,0,0,0,3,2,2,0,0,0,0,0,3,50
1626185_201936_1626150_1626185_1627988_1628397_2017-18,2017-18,2018-04-21T23:23:23.479,1626185,"Jarell Martin",1610612763,201936,1626150,1626185,1627988,1628397,"Tyreke Evans","Andrew Harrison","Jarell Martin","Myke Henry","Ivan Rabb",2,0,0,0,1,0,0,0,2,1,1,0,0,0,0,0,2,62
1626185_201936_1626150_1626185_1628415_1628424_2017-18,2017-18,2018-04-21T23:23:23.479,1626185,"Jarell Martin",1610612763,201936,1626150,1626185,1628415,1628424,"Tyreke Evans","Andrew Harrison","Jarell Martin","Dillon Brooks","Kobi Simmons",2,0,0,0,0,0,0,0,1,1,1,0,0,0,0,0,1,12
1626185_201936_1626185_1627362_1627738_1627782_2017-18,2017-18,2018-04-21T23:23:23.479,1626185,"Jarell Martin",1610612763,201936,1626185,1627362,1627738,1627782,"Tyreke Evans","Jarell Martin","Briante Weber","Deyonta Davis","Wayne Selden",2,2,2,0,0,0,0,0,2,1,1,1,0,0,0,0,6,82
1626185_201936_1626185_1627738_1627782_1627988_2017-18,2017-18,2018-04-21T23:23:23.479,1626185,"Jarell Martin",1610612763,201936,1626185,1627738,1627782,1627988,"Tyreke Evans","Jarell Martin","Deyonta Davis","Wayne Selden","Myke Henry",3,0,1,0,0,0,0,0,1,1,1,1,1,1,0,0,2,24
1626185_201936_1626185_1627738_1627782_1628415_2017-18,2017-18,2018-04-21T23:23:23.479,1626185,"Jarell Martin",1610612763,201936,1626185,1627738,1627782,1628415,"Tyreke Evans","Jarell Martin","Deyonta Davis","Wayne Selden","Dillon Brooks",0,0,0,1,0,0,0,0,0,0,0,0,0,0,0,0,1,1
1626185_201936_1626185_1627738_1627988_1628397_2017-18,2017-18,2018-04-21T23:23:23.479,1626185,"Jarell Martin",1610612763,201936,1626185,1627738,1627988,1628397,"Tyreke Evans","Jarell Martin","Deyonta Davis","Myke Henry","Ivan Rabb",0,0,0,1,0,0,0,0,0,0,0,0,0,0,0,0,1,4
1626185_201936_1626185_1627738_1628415_1628424_2017-18,2017-18,2018-04-21T23:23:23.479,1626185,"Jarell Martin",1610612763,201936,1626185,1627738,1628415,1628424,"Tyreke Evans","Jarell Martin","Deyonta Davis","Dillon Brooks","Kobi Simmons",6,0,2,1,1,0,1,1,3,2,1,0,0,0,2,2,8,104
1626185_201936_1626185_1627782_1627988_1628397_2017-18,2017-18,2018-04-21T23:23:23.479,1626185,"Jarell Martin",1610612763,201936,1626185,1627782,1627988,1628397,"Tyreke Evans","Jarell Martin","Wayne Selden","Myke Henry","Ivan Rabb",0,0,1,0,0,0,0,0,0,0,0,0,0,0,0,0,1,3
1626185_201936_1626185_1627782_1628397_1628415_2017-18,2017-18,2018-04-21T23:23:23.479,1626185,"Jarell Martin",1610612763,201936,1626185,1627782,1628397,1628415,"Tyreke Evans","Jarell Martin","Wayne Selden","Ivan Rabb","Dillon Brooks",0,0,0,0,0,1,0,0,0,0,0,0,0,0,0,0,1,17
1626185_201936_203210_1626150_1626185_1628415_2017-18,2017-18,2018-04-21T23:23:23.479,1626185,"Jarell Martin",1610612763,201936,203210,1626150,1626185,1628415,"Tyreke Evans","JaMychal Green","Andrew Harrison","Jarell Martin","Dillon Brooks",0,0,0,0,1,0,0,0,0,0,0,0,0,0,0,0,1,20
1626185_201936_203210_1626185_1627738_1628415_2017-18,2017-18,2018-04-21T23:23:23.479,1626185,"Jarell Martin",1610612763,201936,203210,1626185,1627738,1628415,"Tyreke Evans","JaMychal Green","Jarell Martin","Deyonta Davis","Dillon Brooks",2,0,3,0,1,2,0,0,5,1,1,1,0,0,0,0,10,200
1626185_201936_203210_203463_1626150_1626185_2017-18,2017-18,2018-04-21T23:23:23.479,1626185,"Jarell Martin",1610612763,201936,203210,203463,1626150,1626185,"Tyreke Evans","JaMychal Green","Ben McLemore","Andrew Harrison","Jarell Martin",0,0,2,0,0,0,0,0,1,0,0,0,0,0,0,0,3,45
1626185_201936_203210_203463_1626185_1628415_2017-18,2017-18,2018-04-21T23:23:23.479,1626185,"Jarell Martin",1610612763,201936,203210,203463,1626185,1628415,"Tyreke Evans","JaMychal Green","Ben McLemore","Jarell Martin","Dillon Brooks",0,0,0,2,0,0,0,0,0,0,0,0,0,0,0,0,2,32
1626185_201936_203210_203463_203516_1626185_2017-18,2017-18,2018-04-21T23:23:23.479,1626185,"Jarell Martin",1610612763,201936,203210,203463,203516,1626185,"Tyreke Evans","JaMychal Green","Ben McLemore","James Ennis III","Jarell Martin",2,0,1,0,0,1,0,0,1,1,1,0,0,0,0,0,3,55
1626185_201936_203210_203516_1626150_1626185_2017-18,2017-18,2018-04-21T23:23:23.479,1626185,"Jarell Martin",1610612763,201936,203210,203516,1626150,1626185,"Tyreke Evans","JaMychal Green","James Ennis III","Andrew Harrison","Jarell Martin",0,0,0,1,0,0,0,0,0,0,0,0,0,0,0,0,1,6
1626185_201936_203210_203516_1626185_1628415_2017-18,2017-18,2018-04-21T23:23:23.479,1626185,"Jarell Martin",1610612763,201936,203210,203516,1626185,1628415,"Tyreke Evans","JaMychal Green","James Ennis III","Jarell Martin","Dillon Brooks",0,0,0,0,1,0,0,2,2,0,0,1,0,0,0,0,5,110
1626185_201936_203463_1626150_1626185_1627738_2017-18,2017-18,2018-04-21T23:23:23.479,1626185,"Jarell Martin",1610612763,201936,203463,1626150,1626185,1627738,"Tyreke Evans","Ben McLemore","Andrew Harrison","Jarell Martin","Deyonta Davis",2,0,0,0,0,1,0,0,3,1,0,2,0,0,0,0,4,75
1626185_201936_203463_1626150_1626185_1628415_2017-18,2017-18,2018-04-21T23:23:23.479,1626185,"Jarell Martin",1610612763,201936,203463,1626150,1626185,1628415,"Tyreke Evans","Ben McLemore","Andrew Harrison","Jarell Martin","Dillon Brooks",2,0,1,0,0,0,0,0,1,1,1,0,0,0,0,0,2,25
1626185_201936_203463_1626185_1627738_1628415_2017-18,2017-18,2018-04-21T23:23:23.479,1626185,"Jarell Martin",1610612763,201936,203463,1626185,1627738,1628415,"Tyreke Evans","Ben McLemore","Jarell Martin","Deyonta Davis","Dillon Brooks",2,1,3,0,0,1,0,0,2,1,0,1,0,0,0,0,7,120
1626185_201936_203463_203516_1626185_1627738_2017-18,2017-18,2018-04-21T23:23:23.479,1626185,"Jarell Martin",1610612763,201936,203463,203516,1626185,1627738,"Tyreke Evans","Ben McLemore","James Ennis III","Jarell Martin","Deyonta Davis",2,1,1,4,1,1,3,1,4,0,0,1,0,0,2,2,16,194
1626185_201936_203516_1626150_1626185_1627738_2017-18,2017-18,2018-04-21T23:23:23.479,1626185,"Jarell Martin",1610612763,201936,203516,1626150,1626185,1627738,"Tyreke Evans","James Ennis III","Andrew Harrison","Jarell Martin","Deyonta Davis",2,0,2,0,0,0,0,0,1,1,0,0,0,0,0,0,3,34
1626185_201936_203516_1626185_1627738_1628415_2017-18,2017-18,2018-04-21T23:23:23.479,1626185,"Jarell Martin",1610612763,201936,203516,1626185,1627738,1628415,"Tyreke Evans","James Ennis III","Jarell Martin","Deyonta Davis","Dillon Brooks",2,0,0,1,0,0,0,0,1,1,1,0,0,0,0,0,2,37
1626185_201936_203516_1626185_1627738_1628424_2017-18,2017-18,2018-04-21T23:23:23.479,1626185,"Jarell Martin",1610612763,201936,203516,1626185,1627738,1628424,"Tyreke Evans","James Ennis III","Jarell Martin","Deyonta Davis","Kobi Simmons",0,0,0,0,0,0,0,0,1,0,0,0,0,0,0,0,1,16
1626185_201936_203516_1626185_1627782_1628397_2017-18,2017-18,2018-04-21T23:23:23.479,1626185,"Jarell Martin",1610612763,201936,203516,1626185,1627782,1628397,"Tyreke Evans","James Ennis III","Jarell Martin","Wayne Selden","Ivan Rabb",0,0,1,0,0,0,0,0,0,0,0,0,0,0,0,0,1,14
1626185_202705_1626185_1627738_1627988_1628424_2017-18,2017-18,2018-04-21T23:23:23.479,1626185,"Jarell Martin",1610612763,202705,1626185,1627738,1627988,1628424,"MarShon Brooks","Jarell Martin","Deyonta Davis","Myke Henry","Kobi Simmons",3,0,0,0,0,0,0,0,1,1,1,1,1,1,0,0,1,12
1626185_202705_1626185_1627988_1628397_1628424_2017-18,2017-18,2018-04-21T23:23:23.479,1626185,"Jarell Martin",1610612763,202705,1626185,1627988,1628397,1628424,"MarShon Brooks","Jarell Martin","Myke Henry","Ivan Rabb","Kobi Simmons",5,0,0,0,0,0,0,0,2,2,2,1,1,1,0,0,2,29
1626185_202705_202718_1626185_1627782_1628424_2017-18,2017-18,2018-04-21T23:23:23.479,1626185,"Jarell Martin",1610612763,202705,202718,1626185,1627782,1628424,"MarShon Brooks","Chandler Parsons","Jarell Martin","Wayne Selden","Kobi Simmons",2,0,1,0,0,0,0,0,1,1,1,0,0,0,0,0,1,25
1626185_202705_203104_1626185_1627738_1627988_2017-18,2017-18,2018-04-21T23:23:23.479,1626185,"Jarell Martin",1610612763,202705,203104,1626185,1627738,1627988,"MarShon Brooks","Marquis Teague","Jarell Martin","Deyonta Davis","Myke Henry",0,0,0,1,0,0,0,0,0,0,0,0,0,0,0,0,1,1
1626185_202705_203104_1626185_1627782_1628397_2017-18,2017-18,2018-04-21T23:23:23.479,1626185,"Jarell Martin",1610612763,202705,203104,1626185,1627782,1628397,"MarShon Brooks","Marquis Teague","Jarell Martin","Wayne Selden","Ivan Rabb",0,0,0,0,0,1,0,0,0,0,0,0,0,0,0,0,1,4
1626185_202705_203104_1626185_1627988_1628397_2017-18,2017-18,2018-04-21T23:23:23.479,1626185,"Jarell Martin",1610612763,202705,203104,1626185,1627988,1628397,"MarShon Brooks","Marquis Teague","Jarell Martin","Myke Henry","Ivan Rabb",2,0,0,0,0,0,0,0,2,1,1,0,0,0,0,0,2,38
1626185_202705_203210_1626185_1627782_1628424_2017-18,2017-18,2018-04-21T23:23:23.479,1626185,"Jarell Martin",1610612763,202705,203210,1626185,1627782,1628424,"MarShon Brooks","JaMychal Green","Jarell Martin","Wayne Selden","Kobi Simmons",0,0,1,1,0,0,0,0,0,0,0,0,0,0,0,0,2,23
1626185_202705_203210_1626185_1628415_1628424_2017-18,2017-18,2018-04-21T23:23:23.479,1626185,"Jarell Martin",1610612763,202705,203210,1626185,1628415,1628424,"MarShon Brooks","JaMychal Green","Jarell Martin","Dillon Brooks","Kobi Simmons",2,0,5,0,0,0,0,0,1,1,0,0,0,0,0,0,5,72
1626185_202718_1626150_1626185_1627738_1628415_2017-18,2017-18,2018-04-21T23:23:23.479,1626185,"Jarell Martin",1610612763,202718,1626150,1626185,1627738,1628415,"Chandler Parsons","Andrew Harrison","Jarell Martin","Deyonta Davis","Dillon Brooks",3,0,0,1,1,0,1,0,2,1,1,0,0,0,1,1,4,76
1626185_202718_1626185_1627362_1627738_1627782_2017-18,2017-18,2018-04-21T23:23:23.479,1626185,"Jarell Martin",1610612763,202718,1626185,1627362,1627738,1627782,"Chandler Parsons","Jarell Martin","Briante Weber","Deyonta Davis","Wayne Selden",0,0,0,0,0,0,0,0,1,0,0,0,0,0,0,0,1,29
1626185_202718_1626185_1627362_1627738_1628415_2017-18,2017-18,2018-04-21T23:23:23.479,1626185,"Jarell Martin",1610612763,202718,1626185,1627362,1627738,1628415,"Chandler Parsons","Jarell Martin","Briante Weber","Deyonta Davis","Dillon Brooks",0,0,0,1,0,0,0,0,0,0,0,0,0,0,0,0,1,11
1626185_202718_1626185_1627738_1627782_1628424_2017-18,2017-18,2018-04-21T23:23:23.479,1626185,"Jarell Martin",1610612763,202718,1626185,1627738,1627782,1628424,"Chandler Parsons","Jarell Martin","Deyonta Davis","Wayne Selden","Kobi Simmons",2,0,1,0,1,0,1,0,2,1,1,1,0,0,0,0,5,63
1626185_202718_1626185_1627738_1628415_1628504_2017-18,2017-18,2018-04-21T23:23:23.479,1626185,"Jarell Martin",1610612763,202718,1626185,1627738,1628415,1628504,"Chandler Parsons","Jarell Martin","Deyonta Davis","Dillon Brooks","Xavier Rathan-Mayes",0,0,0,0,0,1,0,0,0,0,0,0,0,0,1,0,2,14
1626185_202718_1626185_1627738_1628424_1628504_2017-18,2017-18,2018-04-21T23:23:23.479,1626185,"Jarell Martin",1610612763,202718,1626185,1627738,1628424,1628504,"Chandler Parsons","Jarell Martin","Deyonta Davis","Kobi Simmons","Xavier Rathan-Mayes",0,0,0,1,0,0,0,0,2,0,0,0,0,0,1,0,4,72
1626185_202718_203210_1626150_1626185_1627738_2017-18,2017-18,2018-04-21T23:23:23.479,1626185,"Jarell Martin",1610612763,202718,203210,1626150,1626185,1627738,"Chandler Parsons","JaMychal Green","Andrew Harrison","Jarell Martin","Deyonta Davis",5,1,0,0,1,1,0,0,2,2,2,1,1,1,0,0,5,71
1626185_202718_203210_1626185_1627362_1627738_2017-18,2017-18,2018-04-21T23:23:23.479,1626185,"Jarell Martin",1610612763,202718,203210,1626185,1627362,1627738,"Chandler Parsons","JaMychal Green","Jarell Martin","Briante Weber","Deyonta Davis",0,0,0,1,0,0,0,0,0,0,0,0,0,0,0,0,1,20
1626185_202718_203210_1626185_1627738_1628504_2017-18,2017-18,2018-04-21T23:23:23.479,1626185,"Jarell Martin",1610612763,202718,203210,1626185,1627738,1628504,"Chandler Parsons","JaMychal Green","Jarell Martin","Deyonta Davis","Xavier Rathan-Mayes",2,0,0,0,1,0,0,0,2,1,1,0,0,0,0,0,1,21
1626185_202718_203210_203463_1626185_1628415_2017-18,2017-18,2018-04-21T23:23:23.479,1626185,"Jarell Martin",1610612763,202718,203210,203463,1626185,1628415,"Chandler Parsons","JaMychal Green","Ben McLemore","Jarell Martin","Dillon Brooks",6,0,0,0,2,1,0,0,3,2,2,0,0,0,2,2,6,72
1626185_202718_203463_1626185_1627738_1628424_2017-18,2017-18,2018-04-21T23:23:23.479,1626185,"Jarell Martin",1610612763,202718,203463,1626185,1627738,1628424,"Chandler Parsons","Ben McLemore","Jarell Martin","Deyonta Davis","Kobi Simmons",0,0,1,0,0,0,0,0,0,0,0,0,0,0,0,0,1,17
1626185_202718_203463_1626185_1628397_1628424_2017-18,2017-18,2018-04-21T23:23:23.479,1626185,"Jarell Martin",1610612763,202718,203463,1626185,1628397,1628424,"Chandler Parsons","Ben McLemore","Jarell Martin","Ivan Rabb","Kobi Simmons",2,1,1,0,0,0,0,0,3,1,1,0,0,0,0,0,4,78
1626185_203104_1626185_1627738_1627782_1628415_2017-18,2017-18,2018-04-21T23:23:23.479,1626185,"Jarell Martin",1610612763,203104,1626185,1627738,1627782,1628415,"Marquis Teague","Jarell Martin","Deyonta Davis","Wayne Selden","Dillon Brooks",0,0,0,0,0,0,1,0,0,0,0,0,0,0,0,0,1,31
1626185_203104_203463_1626185_1627738_1627782_2017-18,2017-18,2018-04-21T23:23:23.479,1626185,"Jarell Martin",1610612763,203104,203463,1626185,1627738,1627782,"Marquis Teague","Ben McLemore","Jarell Martin","Deyonta Davis","Wayne Selden",2,0,1,0,0,1,0,1,2,1,0,0,0,0,0,0,4,79
1626185_203104_203463_1626185_1627738_1628415_2017-18,2017-18,2018-04-21T23:23:23.479,1626185,"Jarell Martin",1610612763,203104,203463,1626185,1627738,1628415,"Marquis Teague","Ben McLemore","Jarell Martin","Deyonta Davis","Dillon Brooks",0,0,0,0,0,1,0,0,1,0,0,1,0,0,0,0,2,30
1626185_203104_203463_1626185_1628397_1628415_2017-18,2017-18,2018-04-21T23:23:23.479,1626185,"Jarell Martin",1610612763,203104,203463,1626185,1628397,1628415,"Marquis Teague","Ben McLemore","Jarell Martin","Ivan Rabb","Dillon Brooks",5,0,0,1,0,0,0,0,3,2,2,1,1,1,0,0,4,80
1626185_203210_1626150_1626185_1627738_1628415_2017-18,2017-18,2018-04-21T23:23:23.479,1626185,"Jarell Martin",NULL,203210,1626150,1626185,1627738,1628415,"JaMychal Green","Andrew Harrison","Jarell Martin","Deyonta Davis","Dillon Brooks",4,1,1,3,1,1,0,1,7,2,1,1,0,0,0,0,14,234
1626185_203210_1626150_1626185_1627988_1628397_2017-18,2017-18,2018-04-21T23:23:23.479,1626185,"Jarell Martin",1610612763,203210,1626150,1626185,1627988,1628397,"JaMychal Green","Andrew Harrison","Jarell Martin","Myke Henry","Ivan Rabb",0,1,0,0,0,1,0,0,2,0,0,0,0,0,0,0,4,52
1626185_203210_1626185_1627362_1627782_1628415_2017-18,2017-18,2018-04-21T23:23:23.479,1626185,"Jarell Martin",1610612763,203210,1626185,1627362,1627782,1628415,"JaMychal Green","Jarell Martin","Briante Weber","Wayne Selden","Dillon Brooks",2,0,0,1,0,0,0,0,2,1,1,0,0,0,0,0,3,43
1626185_203210_1626185_1627738_1627782_1627988_2017-18,2017-18,2018-04-21T23:23:23.479,1626185,"Jarell Martin",1610612763,203210,1626185,1627738,1627782,1627988,"JaMychal Green","Jarell Martin","Deyonta Davis","Wayne Selden","Myke Henry",0,0,0,1,0,0,0,0,1,0,0,0,0,0,0,0,2,35
1626185_203210_1626185_1627738_1628415_1628424_2017-18,2017-18,2018-04-21T23:23:23.479,1626185,"Jarell Martin",1610612763,203210,1626185,1627738,1628415,1628424,"JaMychal Green","Jarell Martin","Deyonta Davis","Dillon Brooks","Kobi Simmons",3,1,3,0,1,0,0,0,4,1,0,1,0,0,1,1,9,146
1626185_203210_1626185_1628397_1628415_1628424_2017-18,2017-18,2018-04-21T23:23:23.479,1626185,"Jarell Martin",1610612763,203210,1626185,1628397,1628415,1628424,"JaMychal Green","Jarell Martin","Ivan Rabb","Dillon Brooks","Kobi Simmons",0,0,1,0,0,0,0,0,1,0,0,0,0,0,0,0,2,37
1626185_203210_203463_1626150_1626185_1628415_2017-18,2017-18,2018-04-21T23:23:23.479,1626185,"Jarell Martin",1610612763,203210,203463,1626150,1626185,1628415,"JaMychal Green","Ben McLemore","Andrew Harrison","Jarell Martin","Dillon Brooks",0,0,0,0,0,0,0,0,1,0,0,0,0,0,0,0,1,20
1626185_203210_203463_1626185_1627738_1628424_2017-18,2017-18,2018-04-21T23:23:23.479,1626185,"Jarell Martin",1610612763,203210,203463,1626185,1627738,1628424,"JaMychal Green","Ben McLemore","Jarell Martin","Deyonta Davis","Kobi Simmons",0,1,0,0,0,0,0,0,2,0,0,1,0,0,0,0,3,35
1626185_203210_203463_1626185_1627988_1628424_2017-18,2017-18,2018-04-21T23:23:23.479,1626185,"Jarell Martin",1610612763,203210,203463,1626185,1627988,1628424,"JaMychal Green","Ben McLemore","Jarell Martin","Myke Henry","Kobi Simmons",3,0,1,0,1,0,0,0,1,1,1,1,1,1,1,0,3,62
1626185_203210_203463_1626185_1628415_1628424_2017-18,2017-18,2018-04-21T23:23:23.479,1626185,"Jarell Martin",1610612763,203210,203463,1626185,1628415,1628424,"JaMychal Green","Ben McLemore","Jarell Martin","Dillon Brooks","Kobi Simmons",4,2,5,1,2,0,0,1,3,1,1,1,0,0,3,2,13,193
1626185_203210_203463_1626185_1628424_1628504_2017-18,2017-18,2018-04-21T23:23:23.479,1626185,"Jarell Martin",1610612763,203210,203463,1626185,1628424,1628504,"JaMychal Green","Ben McLemore","Jarell Martin","Kobi Simmons","Xavier Rathan-Mayes",2,0,0,1,1,1,0,0,1,0,0,0,0,0,2,2,4,47
1626185_203210_203463_203516_1626150_1626185_2017-18,2017-18,2018-04-21T23:23:23.479,1626185,"Jarell Martin",1610612763,203210,203463,203516,1626150,1626185,"JaMychal Green","Ben McLemore","James Ennis III","Andrew Harrison","Jarell Martin",0,0,0,1,0,0,1,0,1,0,0,0,0,0,0,0,3,43
1626185_203463_1626150_1626185_1627738_1627988_2017-18,2017-18,2018-04-21T23:23:23.479,1626185,"Jarell Martin",1610612763,203463,1626150,1626185,1627738,1627988,"Ben McLemore","Andrew Harrison","Jarell Martin","Deyonta Davis","Myke Henry",4,1,0,1,1,0,0,0,3,2,1,0,0,0,0,0,6,99
1626185_203463_1626150_1626185_1627738_1628415_2017-18,2017-18,2018-04-21T23:23:23.479,1626185,"Jarell Martin",1610612763,203463,1626150,1626185,1627738,1628415,"Ben McLemore","Andrew Harrison","Jarell Martin","Deyonta Davis","Dillon Brooks",2,0,2,2,0,1,0,0,1,1,1,0,0,0,0,0,6,78
1626185_203463_1626150_1626185_1627738_1628424_2017-18,2017-18,2018-04-21T23:23:23.479,1626185,"Jarell Martin",1610612763,203463,1626150,1626185,1627738,1628424,"Ben McLemore","Andrew Harrison","Jarell Martin","Deyonta Davis","Kobi Simmons",0,0,0,0,0,1,0,0,0,0,0,0,0,0,0,0,1,4
1626185_203463_1626150_1626185_1627988_1628397_2017-18,2017-18,2018-04-21T23:23:23.479,1626185,"Jarell Martin",1610612763,203463,1626150,1626185,1627988,1628397,"Ben McLemore","Andrew Harrison","Jarell Martin","Myke Henry","Ivan Rabb",0,0,3,1,0,0,0,0,2,0,0,0,0,0,0,0,5,64
1626185_203463_1626185_1627362_1627738_1628415_2017-18,2017-18,2018-04-21T23:23:23.479,1626185,"Jarell Martin",1610612763,203463,1626185,1627362,1627738,1628415,"Ben McLemore","Jarell Martin","Briante Weber","Deyonta Davis","Dillon Brooks",2,0,0,1,1,0,0,0,1,0,0,0,0,0,2,2,3,44
1626185_203463_1626185_1627362_1627738_1628424_2017-18,2017-18,2018-04-21T23:23:23.479,1626185,"Jarell Martin",1610612763,203463,1626185,1627362,1627738,1628424,"Ben McLemore","Jarell Martin","Briante Weber","Deyonta Davis","Kobi Simmons",4,0,1,3,1,1,0,0,2,1,0,0,0,0,2,2,7,118
1626185_203463_1626185_1627362_1628397_1628415_2017-18,2017-18,2018-04-21T23:23:23.479,1626185,"Jarell Martin",1610612763,203463,1626185,1627362,1628397,1628415,"Ben McLemore","Jarell Martin","Briante Weber","Ivan Rabb","Dillon Brooks",0,0,0,2,0,0,0,0,0,0,0,0,0,0,0,0,2,41
1626185_203463_1626185_1627738_1627782_1628424_2017-18,2017-18,2018-04-21T23:23:23.479,1626185,"Jarell Martin",1610612763,203463,1626185,1627738,1627782,1628424,"Ben McLemore","Jarell Martin","Deyonta Davis","Wayne Selden","Kobi Simmons",7,1,0,0,0,0,1,0,4,3,1,1,1,1,0,0,6,98
1626185_203463_1626185_1627738_1627782_1628504_2017-18,2017-18,2018-04-21T23:23:23.479,1626185,"Jarell Martin",1610612763,203463,1626185,1627738,1627782,1628504,"Ben McLemore","Jarell Martin","Deyonta Davis","Wayne Selden","Xavier Rathan-Mayes",8,0,0,2,2,0,0,1,4,2,1,0,0,0,4,4,8,121
1626185_203463_1626185_1627738_1628415_1628424_2017-18,2017-18,2018-04-21T23:23:23.479,1626185,"Jarell Martin",1610612763,203463,1626185,1627738,1628415,1628424,"Ben McLemore","Jarell Martin","Deyonta Davis","Dillon Brooks","Kobi Simmons",2,1,1,0,2,0,0,0,2,0,0,0,0,0,2,2,5,65
1626185_203463_1626185_1627738_1628415_1628504_2017-18,2017-18,2018-04-21T23:23:23.479,1626185,"Jarell Martin",1610612763,203463,1626185,1627738,1628415,1628504,"Ben McLemore","Jarell Martin","Deyonta Davis","Dillon Brooks","Xavier Rathan-Mayes",2,0,2,2,0,2,0,0,4,1,0,0,0,0,0,0,9,124
1626185_203463_1626185_1627744_1627988_1628424_2017-18,2017-18,2018-04-21T23:23:23.479,1626185,"Jarell Martin",1610612763,203463,1626185,1627744,1627988,1628424,"Ben McLemore","Jarell Martin","Brice Johnson","Myke Henry","Kobi Simmons",0,0,1,0,0,0,0,0,0,0,0,0,0,0,0,0,1,16
1626185_203463_1626185_1627744_1628415_1628424_2017-18,2017-18,2018-04-21T23:23:23.479,1626185,"Jarell Martin",1610612763,203463,1626185,1627744,1628415,1628424,"Ben McLemore","Jarell Martin","Brice Johnson","Dillon Brooks","Kobi Simmons",0,0,0,0,0,1,0,0,0,0,0,0,0,0,0,0,1,14
1626185_203463_203516_1626150_1626185_1627738_2017-18,2017-18,2018-04-21T23:23:23.479,1626185,"Jarell Martin",1610612763,203463,203516,1626150,1626185,1627738,"Ben McLemore","James Ennis III","Andrew Harrison","Jarell Martin","Deyonta Davis",3,0,2,1,0,0,0,3,3,1,1,2,1,1,0,0,7,116
1626185_203516_1626150_1626185_1627738_1627782_2017-18,2017-18,2018-04-21T23:23:23.479,1626185,"Jarell Martin",1610612763,203516,1626150,1626185,1627738,1627782,"James Ennis III","Andrew Harrison","Jarell Martin","Deyonta Davis","Wayne Selden",4,1,0,0,0,0,1,0,2,2,1,0,0,0,0,0,4,70
1626185_203516_1626150_1626185_1627738_1628415_2017-18,2017-18,2018-04-21T23:23:23.479,1626185,"Jarell Martin",1610612763,203516,1626150,1626185,1627738,1628415,"James Ennis III","Andrew Harrison","Jarell Martin","Deyonta Davis","Dillon Brooks",0,0,2,1,0,1,0,0,2,0,0,0,0,0,0,0,6,67
1626185_203516_1626150_1626185_1627782_1628397_2017-18,2017-18,2018-04-21T23:23:23.479,1626185,"Jarell Martin",1610612763,203516,1626150,1626185,1627782,1628397,"James Ennis III","Andrew Harrison","Jarell Martin","Wayne Selden","Ivan Rabb",0,0,1,1,0,0,0,0,1,0,0,0,0,0,0,0,3,47
1626185_203516_1626150_1626185_1628397_1628415_2017-18,2017-18,2018-04-21T23:23:23.479,1626185,"Jarell Martin",1610612763,203516,1626150,1626185,1628397,1628415,"James Ennis III","Andrew Harrison","Jarell Martin","Ivan Rabb","Dillon Brooks",0,0,1,0,0,0,0,0,0,0,0,0,0,0,0,0,1,8
1626185_203516_1626185_1627738_1628397_1628424_2017-18,2017-18,2018-04-21T23:23:23.479,1626185,"Jarell Martin",1610612763,203516,1626185,1627738,1628397,1628424,"James Ennis III","Jarell Martin","Deyonta Davis","Ivan Rabb","Kobi Simmons",3,1,0,1,0,0,0,0,1,1,1,1,1,1,0,0,3,37
