,playerName,Luck Adjusted ORAPM,Luck Adjusted DRAPM,ORAPM,DRAPM,Luck Adjusted RAPM,RAPM
0,Kevin Garnett,0.020706409584593456,2.1683797955122692,-0.8134573244339045,2.0869838688917133,2.1890862050968627,1.2735265444578088
1,Kobe Bryant,1.0684939797758746,-1.1564565450570563,0.5418113687018372,-2.1940223788727504,-0.08796256528118174,-1.6522110101709133
2,Tim Duncan,1.1129319535064222,2.7770759290234426,0.5918270011265971,4.118991254653209,3.890007882529865,4.710818255779806
3,Vince Carter,2.053113116175083,-0.22450998183402354,2.0133895161968143,0.3429430509652589,1.8286031343410596,2.356332567162073
4,Dirk Nowitzki,2.3803394780940414,0.024500832375829232,3.6314265570226216,0.2983484276474795,2.404840310469871,3.929774984670101
5,Paul Pierce,-0.8031491529026957,0.3828961151156064,-1.4328926735734149,0.7144824042798607,-0.42025303778708933,-0.7184102692935542
6,Nazr Mohammed,-0.19345587729901537,0.24510269562730722,-0.17830558459369952,0.1778711964885484,0.05164681832829185,-0.0004343881051511178
7,Elton Brand,-1.157418635735131,1.045808016359366,-1.9579355425117362,1.448668082875254,-0.11161061937576511,-0.5092674596364821
8,Andre Miller,0.8440751715241679,-0.9835211812280005,1.5173011207763076,-0.4128557106697096,-0.13944600970383259,1.1044454101065981
9,Jason Terry,0.8244202730555473,-0.05742276734702278,2.560911447415489,-0.05790150231674814,0.7669975057085245,2.503009945098741
10,Metta World Peace,0.13395649210389102,0.30444515643258635,-0.05945486560989195,1.0371374885687275,0.43840164853647734,0.9776826229588355
11,Manu Ginobili,2.3869065384045975,-0.32345144802833437,3.4047026240692575,-0.11471582618346447,2.063455090376263,3.289986797885793
12,Mike Miller,-1.2517324392506062,-1.6110906881844738,-1.7937436434638316,-2.470421869536656,-2.86282312743508,-4.264165513000488
13,Jamal Crawford,-1.64293181468108,-2.400922851914991,-1.8222475819440858,-2.679909454483071,-4.043854666596071,-4.502157036427157
14,Tyson Chandler,-2.0283567305664616,1.7103269009329398,-2.709618288256593,1.9089738237876352,-0.3180298296335218,-0.8006444644689579
15,Pau Gasol,-0.5441996304872194,-0.47332107807910573,-0.9124415800150805,0.7256593970425053,-1.0175207085663251,-0.1867821829725752
16,Joe Johnson,0.1992022047971119,-0.8957788652539724,-0.13194644307995465,-1.1069708344254974,-0.6965766604568605,-1.238917277505452
17,Richard Jefferson,-0.9335801002788631,0.3461778146291089,-1.0582659643043255,-0.8464920761407503,-0.5874022856497542,-1.904758040445076
18,Zach Randolph,0.5827385326180253,-1.0086345391799505,-0.11006497921384492,-2.1290000081998843,-0.42589600656192517,-2.2390649874137294
19,Tony Parker,0.36839028658711037,-1.117967206011871,-1.098556826065535,-1.1262551305883075,-0.7495769194247607,-2.2248119566538422
20,Chris Andersen,0.22055865926206575,1.586438869365955,1.1746058254028582,1.2474976757314147,1.8069975286280209,2.4221035011342726
21,Mike Dunleavy,-1.4042208288841018,-0.08020832771628673,-2.3491557091150708,0.5545729952992788,-1.4844291566003887,-1.794582713815792
22,Drew Gooden,-1.3928453948709707,-1.2575516787327659,-1.9958337647734563,-1.7837808449957206,-2.6503970736037363,-3.779614609769177
23,Nene,-0.35132248290673607,3.3781953320301406,-0.005917961977758521,3.604803112600934,3.0268728491234045,3.5988851506231754
24,Amare Stoudemire,-0.5006962443417643,1.059236154171162,-0.12561411174561013,0.6356510166513311,0.5585399098293976,0.510036904905721
25,Caron Butler,-0.5770219703408984,-0.3984774322931669,-1.3737613542999807,-0.6272888149682364,-0.9754994026340653,-2.001050169268217
26,Tayshaun Prince,-2.112845033370711,-1.6784727249276734,-2.098024268023794,-0.5662475103798469,-3.7913177582983844,-2.664271778403641
27,Matt Barnes,-0.4982336279580736,-0.815139066555921,-0.07726079153360084,0.11102275752559239,-1.3133726945139945,0.03376196599199155
28,Rasual Butler,0.8676910755470187,-0.5058691683207066,0.6708559054215361,0.03195798551915784,0.36182190722631213,0.7028138909406939
29,Luis Scola,-1.374205424997463,1.0660530498687266,-0.46137341703079454,0.5105066839697484,-0.3081523751287363,0.04913326693895387
30,LeBron James,5.523064710721975,2.2237134915855994,6.325254349609713,1.8840570172365454,7.746778202307574,8.209311366846258
31,Carmelo Anthony,3.7433573327304384,-1.6644202487719524,3.449162597679006,-1.1070836395741548,2.078937083958486,2.3420789581048513
32,Chris Bosh,1.2837813236465825,2.12743595111529,0.22277035119104527,2.8068229167628513,3.4112172747618725,3.0295932679538966
33,Dwyane Wade,0.720754032054166,-0.9526596484179182,0.7870501534707144,-0.9188836104971324,-0.23190561636375218,-0.13183345702641802
34,Chris Kaman,-0.6493548396468288,-0.4801834700816172,-0.5539037521253011,-0.4240244377370353,-1.1295383097284462,-0.9779281898623364
35,Kirk Hinrich,-1.4836336069057274,-0.2906279172819353,-1.8463475422536528,0.4501935741186567,-1.7742615241876627,-1.3961539681349961
36,Nick Collison,-0.8976304465359947,0.896329849851482,-2.267130847358243,1.6406357323749226,-0.001300596684512656,-0.6264951149833204
37,David West,-0.10855372681899249,3.697802435178899,-0.26092811884129474,4.887690234049859,3.5892487083599063,4.626762115208564
38,Dahntay Jones,-0.08432137891055136,0.23578015281895862,0.13310949841034958,0.1771224011179291,0.15145877390840726,0.3102318995282787
39,Boris Diaw,-0.4192119570026215,2.221033898634316,-1.2312568161832922,1.6024355604265803,1.8018219416316947,0.3711787442432881
40,Kendrick Perkins,-0.5128893963214256,0.08749903014495373,0.817838266219805,-0.43675032293626576,-0.42539036617647186,0.3810879432835393
41,Leandro Barbosa,0.5370295343674011,-0.1692192986300542,-0.736837518725241,-1.3934273117881995,0.3678102357373469,-2.1302648305134406
42,Steve Blake,-1.0419893064129966,-0.36676693873963934,-0.6833671970637244,-0.924769949111315,-1.4087562451526359,-1.6081371461750393
43,Zaza Pachulia,-2.426029044247865,2.84077777190778,-1.8065543105325887,2.3371251551049803,0.4147487276599149,0.5305708445723916
44,Matt Bonner,1.7566440205163127,0.6328292583400994,1.443284651361068,0.5027398470868653,2.3894732788564124,1.9460244984479331
45,Mo Williams,-1.19069040729475,0.0262385222311398,-2.6583485452045843,0.07717636271783547,-1.16445188506361,-2.581172182486749
46,James Jones,-2.7280854857449035,-1.0540488085397473,-2.7583706178985405,-1.2066797365271997,-3.782134294284651,-3.96505035442574
47,Kyle Korver,1.8192422029760404,1.26624624708883,1.1498488160046638,0.746729012377836,3.0854884500648705,1.8965778283824997
48,Udonis Haslem,-3.3796297445102392,-0.40094937918015267,-3.0678338681564226,-0.32768837763813585,-3.780579123690392,-3.3955222457945586
49,Dwight Howard,-2.0807549189318437,1.4809847282804967,-2.6814186426837647,1.3019290248713684,-0.5997701906513471,-1.3794896178123963
50,Emeka Okafor,-0.2836299448496996,0.20682975451535593,0.17226945281461586,0.34295846074101544,-0.07680019033434368,0.5152279135556312
51,Shaun Livingston,0.4306129204944968,-0.06671540789556034,-0.7210134429545235,0.906888359568267,0.36389751259893643,0.18587491661374345
52,Devin Harris,0.08245131276078983,0.26924564492994896,-1.1613364007002398,0.5418766129724375,0.3516969576907388,-0.6194597877278023
53,Luol Deng,-2.0066797758067696,-0.9605526471935283,-2.016271989416275,-0.3529794498790455,-2.967232423000298,-2.3692514392953203
54,Andre Iguodala,2.0899904527828697,2.23154307786176,1.445339670335066,2.302543230379821,4.321533530644629,3.7478829007148873
55,Kris Humphries,-2.895005488771047,-0.509980871425281,-2.5315207036721383,-0.4396913102267673,-3.404986360196328,-2.9712120138989055
56,Al Jefferson,-1.2636908862586143,0.12614054488155674,-1.4827027403785689,0.5316785384308009,-1.1375503413770576,-0.9510242019477679
57,Josh Smith,-1.4430315353527379,3.229611124078643,-2.087493497144067,3.138307313272971,1.7865795887259053,1.0508138161289038
58,JR Smith,0.695759720266767,-3.9275347479265963,1.1416365316417536,-4.801623305853919,-3.2317750276598294,-3.6599867742121655
59,Jameer Nelson,0.3610775792455728,-0.3256088945553294,-0.24825361831809445,-1.0612347761481498,0.035468684690243446,-1.309488394466244
60,Tony Allen,0.40520059151375304,1.2025366359753102,0.10740361008833678,3.384385520356312,1.6077372274890633,3.4917891304446487
61,Kevin Martin,-1.9654960684956289,-1.4784913597957938,-1.376332071992213,-1.9296175456804485,-3.4439874282914227,-3.3059496176726615
62,Sasha Vujacic,1.2772520302234671,0.5344371385533074,0.8191255556896295,0.9874380843890473,1.8116891687767747,1.8065636400786769
63,Beno Udrih,-0.44309207063999007,0.6920248615436141,0.3889341472133671,0.6625076246003416,0.24893279090362402,1.0514417718137088
64,Anderson Varejao,-0.20097885949364142,-0.4467981059556223,-1.5462744087719202,-0.6416891571819425,-0.6477769654492638,-2.1879635659538628
65,Trevor Ariza,0.9434087200600979,-0.905441914864936,0.33258594300731054,-0.7231763797970002,0.037966805195161935,-0.3905904367896897
66,Damien Wilkins,0.029648042774857695,-0.5864830811534506,0.27820164417198,-0.08518221354077025,-0.5568350383785929,0.19301943063120974
67,Andrew Bogut,-3.584311152443642,2.3512135257442175,-4.1364169670106214,3.4395793806042336,-1.2330976266994247,-0.6968375864063878
68,Marvin Williams,1.080025466896463,-0.6301205646461826,1.9277227591298163,0.023145107595783268,0.44990490225028046,1.9508678667255996
69,Chris Paul,4.325916031371298,2.3405110277470342,5.483220136905256,2.790693172941329,6.666427059118332,8.273913309846584
70,Raymond Felton,-0.7082049876862152,-1.1020087428348655,-1.6864888454563443,-0.9139059775045743,-1.8102137305210806,-2.6003948229609186
71,Charlie Villanueva,0.31901387598550623,0.35842224848304066,-2.499220475269405,0.6323260381687211,0.677436124468547,-1.866894437100684
72,Channing Frye,1.9158578966831976,0.2059041795840073,2.5452106219105803,0.2493810580501098,2.121762076267205,2.79459167996069
73,Deron Williams,1.6394346197942704,0.46667864441654366,-0.5475621773948711,1.620856961051306,2.1061132642108142,1.0732947836564348
74,Gerald Green,1.560344830763645,-1.482278466289483,0.6850341187966932,-0.09809990919461693,0.07806636447416193,0.5869342096020762
75,Nate Robinson,-0.23517264516491926,-0.003554891758208684,-0.5251270025995424,0.06463211534372276,-0.23872753692312795,-0.4604948872558196
76,Jarrett Jack,-1.235236746868046,-0.20510593526123846,-2.3065456644925426,-0.0328875285674853,-1.4403426821292846,-2.339433193060028
77,Ian Mahinmi,-0.6487638675298862,1.6489694431831503,-0.8941224271273405,1.7906508280076303,1.000205575653264,0.8965284008802898
78,David Lee,-0.04565751517059546,0.3039688646876393,-0.3744144970714239,0.5242634158421308,0.2583113495170438,0.14984891877070688
79,Brandon Bass,0.21174520240673742,-1.4122339762019869,0.004997969390543559,-0.6356493846468084,-1.2004887737952494,-0.6306514152562649
80,CJ Miles,1.8446898689545561,-0.1612656753675566,1.6332937084504031,-0.7446056238465594,1.6834241935869996,0.8886880846038437
81,Ersan Ilyasova,0.12477915152833362,-0.9587774524778345,1.4039357779107695,-1.3806227557181152,-0.8339983009495009,0.023313022192654298
82,Monta Ellis,-1.2858463988925366,-1.4826403676156084,-0.5430674096151329,-0.7732597361972166,-2.768486766508145,-1.3163271458123496
83,Lou Williams,2.841826548755297,-2.0529882945476015,2.875903344814671,-2.1645005158388684,0.7888382542076955,0.7114028289758028
84,Amir Johnson,-2.016395668153634,2.9500815602569093,-0.5274191926845807,3.8289048830899937,0.9336858921032753,3.301485690405413
85,Marcin Gortat,0.2783013719833091,0.6018474604719305,-0.44639933194063774,0.47879746889771985,0.8801488324552396,0.0323981369570821
86,Ronnie Price,-1.8961038311623493,-0.18571769301677737,-1.7821225580353095,0.6542736983373175,-2.0818215241791265,-1.127848859697992
87,Jose Calderon,-0.012958328377913098,0.3342716761739917,0.32410746301535115,0.49574552645269054,0.3213133477960786,0.8198529894680417
88,Alan Anderson,0.7273399180239989,-1.2017715603257557,-0.17451993801062285,-0.7216347439666432,-0.47443164230175683,-0.896154681977266
89,Chuck Hayes,-0.2172774443136468,0.06797027873011158,-0.3673094397614888,0.3392584268477946,-0.1493071655835352,-0.028051012913694162
90,John Lucas III,0.30534244190485454,0.36292213242053384,0.28399780219416837,0.43784163844620166,0.6682645743253883,0.7218394406403701
91,Andrea Bargnani,-1.4295315173552154,-2.5152984481402445,-1.7682453594663892,-2.382024752581504,-3.94482996549546,-4.1502701120478935
92,LaMarcus Aldridge,1.0396439971615623,1.8954216903320298,1.0485214063303907,0.9934475360509144,2.935065687493592,2.041968942381305
93,Randy Foye,0.3212165128329367,0.38912934760539497,-0.7058351086858217,-0.014420812555417292,0.7103458604383317,-0.7202559212412389
94,Rudy Gay,1.4297191310298984,0.9466494943997124,1.2239879715836919,2.5492021538385705,2.3763686254296106,3.7731901254222624
95,JJ Redick,4.280631776563816,-0.3760077729430559,3.591712729271987,-0.240134348634115,3.9046240036207607,3.351578380637872
96,Thabo Sefolosha,-1.9862662641448277,1.8752497164574473,-2.777264458264638,3.2078874550665173,-0.11101654768738034,0.4306229968018793
97,Rajon Rondo,-0.3301564939880969,-0.19106977743911085,-1.7295272224544134,-0.5851459539574064,-0.5212262714272078,-2.31467317641182
98,Kyle Lowry,4.795047332462138,3.3467750308273767,5.552880253371845,3.6854125991061784,8.141822363289515,9.238292852478024
99,Jordan Farmar,-0.47421378325784674,-0.7152845777264366,-0.05944850462848563,-1.0463604144018166,-1.1894983609842833,-1.1058089190303022
100,Sergio Rodriguez,0.13437085563684203,0.08506965035633474,0.9684181426813435,-0.44536245707220756,0.21944050599317677,0.523055685609136
101,Steve Novak,0.3060730761045767,-0.29373027979674493,-0.12221070561629849,-0.017139838854326853,0.01234279630783175,-0.13935054447062534
102,PJ Tucker,1.446976496826925,2.0504308745633755,2.352326972346497,2.354181010520451,3.4974073713903007,4.706507982866947
103,Paul Millsap,0.3946117880099356,1.9108572751896113,0.4720848974577769,3.1482744377802065,2.305469063199547,3.6203593352379833
104,Ryan Hollins,-1.2072676172415235,-1.515991576637806,-0.9587955575577373,-1.9398361919495664,-2.7232591938793296,-2.8986317495073037
105,Lou Amundson,-0.34267999548207867,-0.23808167918511156,-1.582187939551216,0.4280204615119746,-0.5807616746671902,-1.1541674780392412
106,J.J. Barea,0.5441316212397511,-0.15891705561253724,-0.10907439726699933,-0.40619285710669817,0.3852145656272139,-0.5152672543736975
107,Kevin Durant,5.143343255231694,-1.4209621151621745,5.105962024499726,-0.8044020760120062,3.72238114006952,4.30155994848772
108,Al Horford,0.1372948043958628,2.140388486365718,1.9150048334795449,2.570088308938334,2.2776832907615807,4.485093142417879
109,Mike Conley,3.7872504719870057,0.8323754732646386,3.136308191092847,2.065056178569062,4.619625945251644,5.201364369661909
110,Jeff Green,-0.39919885974059127,1.3900573180794296,-0.7522345558955796,1.9712020230059508,0.9908584583388382,1.2189674671103712
111,Corey Brewer,-1.5167760581912912,-0.4228987818914609,-2.1973452251843595,-1.027091850948269,-1.9396748400827521,-3.224437076132628
112,Brandan Wright,-0.28142382771773405,0.28505338088007326,-1.7211232175869806,1.5829043742243125,0.0036295531623392052,-0.1382188433626681
113,Joakim Noah,0.1800799141591197,0.3425303808725535,-0.5476659689626004,0.2005309901383244,0.5226102950316732,-0.347134978824276
114,Spencer Hawes,-0.6028296014171891,0.011104830370129416,-2.0595303605037434,1.0611327339014562,-0.5917247710470597,-0.9983976266022871
115,Thaddeus Young,0.2839027027473058,0.6109735239722398,1.5887605918576762,1.6757000412351342,0.8948762267195456,3.2644606330928103
116,Rodney Stuckey,-1.8852693547449029,0.9014722608143781,-1.0803023260626972,0.735136289384102,-0.9837970939305247,-0.34516603667859513
117,Nick Young,-1.7352400875627947,-1.4849819755615097,-2.603107748930787,-2.08758765050947,-3.2202220631243046,-4.690695399440257
118,Marco Belinelli,0.2734276304132473,-0.16360883674116874,0.27352457702060834,-0.22171745214557945,0.10981879367207856,0.05180712487502889
119,Jason Smith,-2.028552782975443,-0.004380303793979763,-1.1567094081992244,0.4898007296951418,-2.0329330867694226,-0.6669086785040825
120,Jared Dudley,-0.06029480151474825,2.4565185724012504,-0.7117746011430656,2.041318716303883,2.396223770886502,1.3295441151608172
121,Wilson Chandler,1.6471686458902197,-1.3408468774999167,1.5922266480810132,-0.9185491642147339,0.306321768390303,0.6736774838662793
122,Aaron Brooks,-1.6533626293953747,0.8171584876392577,-0.5228752198189576,0.41632261457909125,-0.836204141756117,-0.10655260523986632
123,Arron Afflalo,0.009275143488818888,-2.331819933950899,1.6119968736292865,-1.9697610559739327,-2.3225447904620804,-0.35776418234464624
124,Tiago Splitter,0.5165568051543185,2.0509380957076364,0.35524695945451584,3.2441202476219706,2.5674949008619548,3.5993672070764866
125,Carl Landry,0.8745918943636638,-0.7455896877264727,0.6569430278543328,-0.8872221838356077,0.12900220663719109,-0.2302791559812749
126,Josh McRoberts,-0.3174166676724992,-0.12554522069092225,-0.630240730143915,-0.892815139114269,-0.44296188836342143,-1.523055869258184
127,Marc Gasol,0.17910805986504216,1.4923761145440484,0.8883122206762691,1.2811477355350471,1.6714841744090905,2.169459956211316
128,Ramon Sessions,0.19823145636339604,-2.604998535235065,0.00882085740059156,-1.197893900286004,-2.4067670788716686,-1.1890730428854126
129,Joel Anthony,-0.5946760246167829,0.25414345535731075,-1.305877327394946,1.0511065647920608,-0.3405325692594722,-0.2547707626028852
130,C.J. Watson,-0.38009093619376844,-0.7449647013952945,-0.8083155275849399,-1.7400303373872983,-1.125055637589063,-2.548345864972238
131,Anthony Tolliver,0.39897828962373627,-0.7408129124045123,0.4357590320258816,-2.302217813760819,-0.34183462278077603,-1.8664587817349374
132,Michael Beasley,0.507412372631961,-0.839285872118936,0.03249375925343919,-1.1364923795634,-0.331873499486975,-1.103998620309961
133,O.J. Mayo,-0.4788000200463904,0.7972958413468026,-0.8590204472080037,1.9737629931517886,0.31849582130041226,1.114742545943785
134,Derrick Rose,-0.8866122956701955,-2.1228642901439008,-0.4100312025666094,-2.328114551864553,-3.009476585814096,-2.7381457544311623
135,Russell Westbrook,5.105231725688089,1.1902334716098615,5.765612566215236,1.5679077915470732,6.2954651972979505,7.33352035776231
136,Kevin Love,2.7487435604551993,-0.37036822733084507,2.572996747675508,1.915929928170475,2.378375333124354,4.488926675845983
137,Danilo Gallinari,2.0373315883668894,0.9594632118253409,2.11679208386874,1.4040034229637857,2.99679480019223,3.520795506832526
138,Eric Gordon,3.3919141542762623,-0.7091227831178473,3.898123418008165,1.0696081017536883,2.682791371158415,4.967731519761854
139,D.J. Augustin,0.2411301319734696,-2.2773038302794233,-1.2739891432742667,-1.5828975533997465,-2.0361736983059537,-2.856886696674013
140,Brook Lopez,0.4321665738941556,2.9316628255619226,0.6473462187902648,2.1466402081585603,3.363829399456078,2.793986426948825
141,Jerryd Bayless,-0.6523081446368658,-1.2571865093208647,-0.4598981240546458,-1.7969975416491866,-1.9094946539577307,-2.2568956657038326
142,Jason Thompson,0.07392719238420713,-0.5624218683286626,0.1540591458143048,-0.47739265322880026,-0.48849467594445545,-0.32333350741449546
143,Brandon Rush,1.7264252405126206,-2.7508897811070514,0.4774091375016884,-3.864138205676198,-1.0244645405944308,-3.3867290681745095
144,Robin Lopez,-0.1376509117400418,1.0414129165387893,-1.6957047577406945,0.2638903375979366,0.9037620047987476,-1.4318144201427578
145,Marreese Speights,-0.3519215976168427,-1.5954005857486218,1.0168612620747561,-0.6819320353161873,-1.9473221833654644,0.33492922675856884
146,Roy Hibbert,-2.261476666840333,-0.1758085495217375,-1.652393847811913,-0.9558225382568611,-2.4372852163620706,-2.608216386068774
147,JaVale McGee,1.1202421017879154,-0.0855387060536953,0.537715453696234,0.1258867137071764,1.03470339573422,0.6636021674034104
148,JJ Hickson,-0.17115209902664652,0.8396107520978001,-0.6054561864270656,1.6743150166388676,0.6684586530711536,1.068858830211802
149,Alexis Ajinca,-1.2871596680061093,1.5798213997428543,-1.1662048770683484,1.9947061836702364,0.29266173173674503,0.828501306601888
150,Ryan Anderson,1.4526956469286394,0.08017179703890415,1.4217658174832035,-1.3973129560241482,1.5328674439675436,0.02445286145905534
151,Courtney Lee,0.8075907915834835,-0.1511374025400978,1.145255188372148,-0.23164289678096858,0.6564533890433857,0.9136122915911794
152,Kosta Koufos,-3.6506550804648077,1.6918877498112592,-3.7739181163451927,0.5318210699375174,-1.9587673306535485,-3.2420970464076753
153,Serge Ibaka,1.8296248573439886,0.6878695178781385,1.8231912863867965,0.9028812308964009,2.5174943752221273,2.7260725172831974
154,Nicolas Batum,2.181604817061423,-0.6480770388480482,3.0778831421277655,-0.6022116327412566,1.533527778213375,2.475671509386509
155,George Hill,2.1449966880493676,1.4007368575987262,2.537467003099174,-0.11709585606862853,3.545733545648094,2.420371147030546
156,Darrell Arthur,-1.082905323080659,1.110204106226912,-1.6005732553675758,0.6461037305750119,0.027298783146253003,-0.9544695247925639
157,Nikola Pekovic,-1.1479814956184713,-0.9334372407513502,-1.1155131973903603,-1.6889743024340202,-2.0814187363698213,-2.8044874998243805
158,Mario Chalmers,0.1919320518765135,1.3761683186175377,0.2017695951104611,1.3212554505248815,1.5681003704940513,1.5230250456353427
159,DeAndre Jordan,0.751850149161985,2.1834058736067057,0.4339743058573243,3.007722650487804,2.935256022768691,3.4416969563451283
160,Omer Asik,-3.7116750791687694,-0.33878876720433265,-3.1343775966759386,-2.4322412023135316,-4.050463846373102,-5.56661879898947
161,Luc Mbah a Moute,-1.971611484616859,2.069129631710446,-0.6397452196286185,2.3964547724540948,0.09751814709358686,1.7567095528254764
162,Sonny Weems,-0.20875718279743055,0.11604760924314948,-0.9719256968912156,-0.16711504910752495,-0.09270957355428107,-1.1390407459987406
163,Goran Dragic,3.598397302446842,0.2082615570276427,2.7668712535946622,0.4422084968998948,3.806658859474485,3.209079750494557
164,Sasha Kaun,-0.6970213272885794,0.5491877507386914,-0.3612533799948442,0.9650977906003683,-0.14783357654988794,0.6038444106055241
165,Anthony Morrow,0.8636081771135827,-1.1914697132154357,0.9542422699261569,0.24305806558613768,-0.327861536101853,1.1973003355122946
166,Bobby Brown,-1.787172424088762,-1.2043888663926272,-1.481446586962605,-1.8125669172338068,-2.991561290481389,-3.294013504196412
167,Blake Griffin,1.2903254513157665,0.6177618813028507,2.664097789940925,1.0945669976511696,1.9080873326186172,3.7586647875920947
168,James Harden,5.807584678906275,-0.6380899985661377,5.9473617533237535,-0.9245334871611051,5.1694946803401365,5.022828266162648
169,Tyreke Evans,-0.8916831033558584,-1.3390739191278174,-1.2286629819329107,-1.266627493812423,-2.230757022483676,-2.4952904757453336
170,Ricky Rubio,1.1493186123136885,1.3949482741397088,0.7164188317544007,2.507978815805301,2.5442668864533973,3.2243976475597016
171,Stephen Curry,7.684112015321012,0.6806837739695537,9.183585539283282,1.7737176250868931,8.364795789290566,10.957303164370176
172,Jordan Hill,-0.524570285505975,-1.0130098019347633,-0.3972053212692011,1.0658232520944053,-1.5375800874407384,0.6686179308252043
173,DeMar DeRozan,2.719748555030044,-1.7098548499532555,3.3767027018394775,-1.1697986871500023,1.0098937050767887,2.206904014689475
174,Brandon Jennings,1.2994130171344211,-0.9806183518432623,1.2098383586433314,-0.7761003110006819,0.31879466529115885,0.43373804764264956
175,Gerald Henderson,-1.0289732860639536,0.5360538234079009,-1.6696455619004642,-0.41164069966235417,-0.4929194626560527,-2.0812862615628185
176,Tyler Hansbrough,-0.27372543649006736,-0.337753014904701,-0.12495980139998908,-0.3790447678417528,-0.6114784513947684,-0.5040045692417419
177,James Johnson,-0.6363337969899443,0.12682569380150913,-0.2658537672636693,-0.3596659927080083,-0.5095081031884352,-0.6255197599716776
178,Jrue Holiday,2.6200610686208203,1.9055544314959025,3.189845808627096,4.103343105634336,4.525615500116723,7.293188914261432
179,Ty Lawson,-1.5866050675831138,-1.2790656779168779,-2.46349696237019,-1.3042770835834059,-2.8656707454999917,-3.7677740459535958
180,Jeff Teague,2.2343810113465126,-0.9673988381123918,2.1918383791735896,-0.5640552096286364,1.2669821732341209,1.6277831695449532
181,Darren Collison,3.036221275290095,-1.3658095191796917,3.507563020562936,-0.7850427758884889,1.6704117561104033,2.722520244674447
182,Omri Casspi,0.3884449835533795,0.3445217341071805,-0.5161661456961603,0.2029240960159404,0.73296671766056,-0.31324204968021985
183,Taj Gibson,0.5163401601340952,0.023650782958744548,0.25146902473450844,-0.19067301615843138,0.5399909430928398,0.06079600857607706
184,DeMarre Carroll,1.995329065796209,1.5199882314193447,2.584536816214062,1.1728428751091402,3.515317297215554,3.7573796913232025
185,Wayne Ellington,0.389995049909331,-0.7827777768722124,-0.4962789173116764,-0.6958965963194241,-0.3927827269628814,-1.1921755136311005
186,Toney Douglas,1.07698690386628,-0.7978359973464454,0.7313680525204448,-1.6763783908437793,0.27915090651983465,-0.9450103383233345
187,Jeff Ayres,-0.23394062865422977,-0.5548019862946918,-0.6534455837728234,-0.977612855917562,-0.7887426149489216,-1.6310584396903853
188,Dante Cunningham,-0.9139668556025964,-0.20143281883318653,-0.6963298022478562,-0.39192843782596243,-1.1153996744357828,-1.0882582400738188
189,DeJuan Blair,-1.0770352761275948,-0.07701845626954322,-1.394333928042029,0.12969342962340363,-1.154053732397138,-1.2646404984186255
190,Jonas Jerebko,-0.06718588615344111,-0.5791027054447033,0.5149702647991745,-0.9492444143667846,-0.6462885915981444,-0.4342741495676101
191,Jodie Meeks,0.8939669394220788,-1.2464771793768308,0.6635361050237777,-1.2477077548055067,-0.35251023995475195,-0.584171649781729
192,Patrick Beverley,2.390916420118592,0.01912234039650611,1.7658693786059065,1.2876929452399544,2.410038760515098,3.0535623238458607
193,Marcus Thornton,-0.6262014532219432,-2.899737844950304,-1.20462546675096,-2.386624621555023,-3.525939298172247,-3.5912500883059826
194,Chase Budinger,0.16934500574027067,0.22891996366678868,-0.9969087063742824,0.0292301289795229,0.39826496940705935,-0.9676785773947595
195,Danny Green,3.0445569700362487,0.7599015613699762,2.1694755807258095,1.6348041940905846,3.804458531406225,3.8042797748163943
196,Patty Mills,1.6459637379360044,0.8747180708886647,3.133803772392063,-0.12840498434179412,2.520681808824669,3.005398788050269
197,Garrett Temple,-2.0789416829479626,0.4569948155636092,-3.4218412005337107,0.40396188686116685,-1.6219468673843533,-3.0178793136725437
198,Wesley Matthews,1.3959758858314844,-1.105883687157177,1.6326566978448793,-0.5157661000692627,0.29009219867430724,1.1168905977756167
199,Alonzo Gee,-1.9917897007528802,0.31080428937155175,-2.2655541781082205,-0.25303173093170417,-1.6809854113813285,-2.5185859090399245
200,Reggie Williams,-0.32462093296788386,-0.8063685323379456,-0.3971840036809597,-0.25043929009749627,-1.1309894653058294,-0.647623293778456
201,John Wall,3.296940060898694,1.4774237506556216,4.267608700317588,1.215010700678748,4.774363811554315,5.482619400996336
202,Evan Turner,-1.951684234374161,1.87967156306504,-3.185309055162407,2.3358726508356478,-0.07201267130912092,-0.849436404326759
203,Derrick Favors,-1.6799749664927917,1.3145088781323877,-0.8121986910752341,0.7934356826455805,-0.36546608836040395,-0.018763008429653616
204,Wesley Johnson,-1.6274790346511192,4.508871507323303,-1.9831065370142216,3.718611112212605,2.881392472672184,1.7355045751983835
205,DeMarcus Cousins,2.6688272448194326,2.067337811385192,3.0956341031832015,1.3838315878814214,4.736165056204625,4.479465691064623
206,Ekpe Udoh,-0.5590309167142624,0.33479588539081906,1.0767730718418613,0.5625857051579588,-0.22423503132344336,1.6393587769998201
207,Greg Monroe,0.09013007740111208,-0.4861113880269878,0.6494893693611455,-0.5380453457072434,-0.3959813106258757,0.11144402365390216
208,Al-Farouq Aminu,-1.7590799599555604,0.8758585988816013,-0.29335676115769826,1.8402366034431732,-0.8832213610739591,1.5468798422854748
209,Gordon Hayward,5.033719454953966,1.2696363065787069,3.791434832397549,1.3877447229132953,6.303355761532672,5.179179555310844
210,Paul George,2.335529521678292,-0.0786751453090357,2.62071715740948,0.6696032500233844,2.2568543763692563,3.2903204074328647
211,Cole Aldrich,-1.7649921094005245,0.2951525686957707,-1.6675729967465913,1.5142695478657542,-1.4698395407047538,-0.15330344888083713
212,Ed Davis,-0.35981309891582797,1.308124137496378,-0.9109499937949813,1.3605221769662195,0.94831103858055,0.44957218317123815
213,Patrick Patterson,2.370384930798605,1.6285180431344743,2.2316809384291103,1.9836271014687499,3.9989029739330793,4.21530803989786
214,Larry Sanders,-0.14795223491689802,-0.043945192774192524,-0.03843946455115947,-0.007593388292304633,-0.19189742769109053,-0.0460328528434641
215,Luke Babbitt,-0.880960232946049,-0.46019828070633445,0.3840868163216409,-1.3142510365637567,-1.3411585136523834,-0.9301642202421159
216,Kevin Seraphin,-2.314814383033515,0.9290659238097653,-1.452177712513899,-0.28913342919402324,-1.3857484592237497,-1.7413111417079223
217,Eric Bledsoe,2.172309921458785,1.232474319471628,2.648932379796406,0.5849646253250447,3.404784240930413,3.2338970051214506
218,Avery Bradley,0.8248164706625712,0.3761084784685926,1.3000170514465297,0.6544340537956247,1.2009249491311638,1.9544511052421543
219,James Anderson,0.18291945407928595,0.39354410374728815,-0.27815115350222797,-0.13334084493708948,0.5764635578265741,-0.41149199843931744
220,Elliot Williams,0.2964321842781423,-0.16256918281748256,0.3819584940773616,-0.16710937048641586,0.13386300146065971,0.21484912359094574
221,Trevor Booker,-1.2925808374715617,0.7322744884706356,-1.3884745080049135,1.8862369963754402,-0.5603063490009261,0.4977624883705267
222,Quincy Pondexter,-1.1408247766627966,-0.7525682729870409,-1.3878984416227063,-1.2987617288102982,-1.8933930496498375,-2.6866601704330044
223,Jordan Crawford,0.08691332932446508,-1.7463703697900168,1.0282213451196829,-2.6541236051003128,-1.6594570404655518,-1.6259022599806299
224,Greivis Vasquez,-0.8225092446035049,-1.50284043409692,-1.1173560292408715,-0.7350816334138454,-2.325349678700425,-1.852437662654717
225,Tibor Pleiss,0.05293360598060033,-0.3536924279135971,0.7784010094395513,-0.4286606886788806,-0.3007588219329968,0.3497403207606707
226,Hassan Whiteside,0.20431517692900034,2.0877440733946715,0.1307659695543695,3.6458779704785957,2.2920592503236716,3.776643940032965
227,Nemanja Bjelica,0.33463515544352923,-0.25921745578064037,-0.15854587969232903,0.8706461223486145,0.07541769966288886,0.7121002426562855
228,Lance Stephenson,0.032178881044699764,-2.0530781331810624,-0.6838299326290129,-2.325126061041519,-2.0208992521363625,-3.008955993670532
229,Jeremy Evans,-1.4984458798246534,-0.06221942018724391,-1.756199355254402,-0.5616823225454906,-1.5606653000118973,-2.3178816777998925
230,Donald Sloan,0.03858379583601811,0.11100992706313423,-0.07932214105563637,-0.25129645877189477,0.14959372289915235,-0.33061859982753117
231,Timofey Mozgov,-3.182630356374283,1.6544768371953997,-4.019490659389048,0.39775217954799047,-1.5281535191788833,-3.6217384798410572
232,Gary Neal,-0.43101423052489907,-0.865228885142899,-1.1870217443401587,-2.2437872045171123,-1.296243115667798,-3.430808948857271
233,Jeremy Lin,-0.6044982332987405,2.4143843613740743,-0.05603085949328555,2.4476883821938444,1.8098861280753338,2.3916575227005588
234,Ish Smith,0.40253243659052634,-0.13473868897907704,0.6584740655751581,-0.017237261999581394,0.2677937476114493,0.6412368035755767
235,Elijah Millsap,-0.1432258655276361,0.49451996268381376,-0.20780075177858984,1.519851048157215,0.35129409715617765,1.3120502963786251
236,Manny Harris,-0.0844143286119036,-0.39334941804330564,-0.28561832120127356,-0.4382798763832739,-0.47776374665520926,-0.7238981975845475
237,Lance Thomas,0.41680116584679827,-0.5740866041512667,-0.41380744512276096,-1.1347621984724259,-0.1572854383044684,-1.5485696435951868
238,Arinze Onuaku,-0.48573034474849613,-0.3634225802146696,-0.4297067552160861,-0.4712040118562556,-0.8491529249631657,-0.9009107670723417
239,Kyrie Irving,4.849804936040627,-2.6992617350172803,5.012875587452779,-1.9942775262364054,2.1505432010233467,3.0185980612163736
240,Derrick Williams,-1.0943519208043986,-0.3957275908477084,-1.2938527028939388,-0.043869365324571356,-1.490079511652107,-1.3377220682185103
241,Enes Kanter,2.778530872505453,-2.3798355286790316,2.6549395554889474,-1.6863373159307913,0.3986953438264216,0.9686022395581562
242,Tristan Thompson,-1.5216193388553958,0.6344538903237166,-1.964593715778513,1.83418825169472,-0.8871654485316792,-0.13040546408379283
243,Jonas Valanciunas,0.9652005343712371,-2.0977795764867566,0.7648093933738584,-2.1449495312858975,-1.1325790421155195,-1.380140137912039
244,Bismack Biyombo,-2.145434780583192,1.1848848245866739,-2.58291486991278,0.3309919507594089,-0.9605499559965183,-2.251922919153371
245,Brandon Knight,-2.109288238368697,-1.9140442981141232,-1.7559757043229418,-2.202534127053495,-4.023332536482821,-3.9585098313764364
246,Kemba Walker,2.9402753796722814,1.0713840706549655,4.09379113907494,1.209087350860432,4.011659450327247,5.302878489935372
247,Jimmer Fredette,-0.4845098513330153,-0.060706352786056295,-0.49507267600870974,-0.30824529466359424,-0.5452162041190716,-0.8033179706723039
248,Klay Thompson,2.811101645473091,-0.24694531459334468,4.145866834623919,0.702045299973111,2.5641563308797464,4.84791213459703
249,Alec Burks,-0.45241806271878116,0.586677612737345,-0.9625442962828602,0.05049032793500961,0.13425955001856382,-0.9120539683478506
250,Markieff Morris,-0.9097777258096428,-0.4175961175675231,-0.6735835710976098,-0.0449138123236977,-1.3273738433771658,-0.7184973834213075
251,Marcus Morris,0.7618385121000166,1.1098067193148005,1.335203854780223,1.3478296675811343,1.871645231414817,2.6830335223613573
252,Kawhi Leonard,4.787979963764603,3.386661351155831,6.59861006837027,3.815931361511878,8.174641314920434,10.41454142988215
253,Nikola Vucevic,-1.0924719159407885,0.34669640761471504,-1.5664410322265845,0.44616670076246295,-0.7457755083260735,-1.1202743314641215
254,Iman Shumpert,1.3168838064108834,1.6537619563137156,0.8040585872974283,3.069084150506612,2.9706457627245992,3.8731427378040406
255,Tobias Harris,0.22218406656631007,0.9184708094219458,1.8337607256666117,-0.19665961427340692,1.1406548759882558,1.6371011113932048
256,Donatas Motiejunas,-0.27260940502450537,-0.5508954056886849,-1.0509425026639532,-0.03978026800359882,-0.8235048107131903,-1.090722770667552
257,Kenneth Faried,0.8960131138346572,-1.8405394227492526,0.329774919943423,-2.9424911522355446,-0.9445263089145954,-2.6127162322921214
258,Nikola Mirotic,2.3739390736874455,0.06476750751718355,3.504737525182126,0.29511929725562186,2.438706581204629,3.799856822437748
259,Reggie Jackson,2.218715792486671,0.14076274776924516,2.048767695672334,-0.08256584670896827,2.359478540255916,1.966201848963366
260,Jordan Hamilton,-1.0802666582887765,-0.766638946563511,-0.19726302466191442,-0.5579746224584681,-1.8469056048522874,-0.7552376471203825
261,Norris Cole,-2.054385225800465,-1.357202437394281,-1.0181941565310386,-0.7093974801002737,-3.411587663194746,-1.7275916366313124
262,Cory Joseph,1.2674181453464262,-0.4347866545068731,0.625838587362282,-0.8595012095597657,0.8326314908395531,-0.23366262219748368
263,Jimmy Butler,3.158378631452519,1.4379268187961285,3.14347472901624,3.0221804188613106,4.596305450248647,6.165655147877551
264,Bojan Bogdanovic,-0.19980345722938328,-2.0868498534108633,0.0969957463125989,-2.0324395115602694,-2.2866533106402467,-1.9354437652476704
265,Justin Harper,-0.6817704740561179,-0.4064298805001366,-0.6235897584879553,-0.8185370288675757,-1.0882003545562546,-1.442126787355531
266,Kyle Singler,-0.37466859895385307,-0.3757898947981789,-1.770843358426588,1.196713891760134,-0.750458493752032,-0.5741294666664538
267,Shelvin Mack,-0.00960221350751381,-1.504247652983618,-0.1664605346817798,-1.2219329372304601,-1.5138498664911317,-1.38839347191224
268,Chandler Parsons,-0.5226551973143783,-1.2559503284441735,1.167444796580158,-1.7380104421540872,-1.7786055257585518,-0.5705656455739292
269,Jon Leuer,-0.8955878996707042,2.289183416690775,-0.5055397610766005,2.352581513146158,1.3935955170200711,1.8470417520695572
270,Davis Bertans,0.05944354793812904,1.116820912691519,0.3458696794654103,1.8740186137839123,1.176264460629648,2.2198882932493227
271,Andrew Goudelock,0.3953518314678702,0.2153141508945233,0.334423631570681,0.5726979202012211,0.6106659823623934,0.9071215517719021
272,Lavoy Allen,0.18888922006944708,1.2955752002127685,0.5407346871519754,1.5332945239764117,1.4844644202822157,2.074029211128387
273,DeAndre Liggins,-0.8744464574128279,-1.542977874643566,-1.1559257184466758,-3.5545083151041466,-2.417424332056394,-4.710434033550822
274,ETwaun Moore,-0.5774656861868883,1.3793886526302916,0.7786399524101361,0.07550401802891585,0.8019229664434033,0.8541439704390519
275,Isaiah Thomas,5.2789565744634706,-3.8199513121248727,6.10503496219938,-4.113531205692719,1.4590052623385978,1.9915037565066607
276,Dwight Buycks,-0.22502809581327485,1.8480663942767632,0.5632088428883386,1.053659850791992,1.6230382984634883,1.6168686936803307
277,Julyan Stone,-0.28859468082851614,-0.2994570517952521,-0.586425111655639,-0.021703216211485358,-0.5880517326237682,-0.6081283278671245
278,Greg Smith,-1.3320685562301884,-1.5490717391589126,-1.450810313726712,-1.4415043117155215,-2.881140295389101,-2.892314625442234
279,Anthony Davis,2.0554377880661097,1.0343780582853415,0.8151278880871956,1.2830287271604115,3.089815846351451,2.098156615247607
280,Michael Kidd-Gilchrist,1.575624182803241,2.528573553598202,1.9212346307342865,1.8959610547244075,4.104197736401443,3.817195685458694
281,Bradley Beal,2.472851924923837,-0.7353159580624482,2.763434604975853,-0.7705299043202906,1.7375359668613888,1.9929047006555627
282,Dion Waiters,-0.8324684931541283,0.5972902469673361,0.6505801414523942,-0.34279619153021107,-0.23517824618679217,0.3077839499221831
283,Thomas Robinson,-1.0542903410718163,-0.4237730736751943,-1.8428022379023565,-3.0448448774849495,-1.4780634147470106,-4.887647115387306
284,Damian Lillard,5.1951698042454035,-0.04435121733590289,5.124744820565815,0.8951790857036457,5.150818586909501,6.019923906269461
285,Terrence Ross,0.27453561586872166,0.8791772577546715,0.885911368543471,0.9295833216983258,1.1537128736233933,1.8154946902417968
286,Andre Drummond,-0.666184925917647,1.925113585993314,-0.8722226294269363,1.981911453296824,1.258928660075667,1.1096888238698877
287,Harrison Barnes,0.26377030892218084,0.5794089359212152,1.058997873862784,-0.5782940745877675,0.8431792448433961,0.4807037992750166
288,Austin Rivers,-0.05828253455337606,-2.50087444610437,1.9679214852003328,-3.271956738224627,-2.559156980657746,-1.3040352530242942
289,Meyers Leonard,-0.5426431364177361,-0.37170938979670193,0.04649233000971647,-1.1521386707075434,-0.9143525262144381,-1.105646340697827
290,Jeremy Lamb,0.11169402697245895,1.8875147437610358,0.5476286978025957,2.454746225010363,1.9992087707334947,3.0023749228129586
291,Kendall Marshall,-0.5205215799170452,-1.274982814304094,-0.07921109005773755,-2.3041583667385668,-1.795504394221139,-2.3833694567963044
292,John Henson,0.1431349836708466,0.3561181997698507,1.4309986446859988,1.0962776878976817,0.4992531834406973,2.5272763325836802
293,Maurice Harkless,-0.018530436510339775,0.2634761543064788,-0.30891991855355266,0.3586576560755457,0.24494571779613902,0.049737737521993064
294,Tyler Zeller,-2.426946464250173,-0.35859124322263314,-2.498670197008207,-0.9142097565393855,-2.7855377074728063,-3.412879953547592
295,Terrence Jones,-1.5321675776931003,-0.8984860039172884,-1.1989358875335308,-0.9871008203584387,-2.4306535816103887,-2.1860367078919696
296,Andrew Nicholson,0.5949164243490132,-0.18062219928603357,-0.41077497867969687,0.17737296931953747,0.4142942250629796,-0.2334020093601594
297,Evan Fournier,0.271772060738685,-1.6183616915265853,0.7378737513516891,-1.7596716245923245,-1.3465896307879004,-1.0217978732406354
298,Jared Sullinger,-0.9030153887777831,1.6943112593254845,-1.6846355780940088,1.8114093280915116,0.7912958705477015,0.1267737499975028
299,John Jenkins,-0.7714209565249273,-1.099357029285035,-1.6691575521798123,-1.1839694643020815,-1.8707779858099622,-2.853127016481894
300,Jared Cunningham,-0.9900679289011398,-1.360909627585626,-0.8388430154510269,-1.7550454564696534,-2.350977556486766,-2.59388847192068
301,Tony Wroten,-0.512273434491223,-0.10452342389687247,-0.7335318029109993,-0.5830983415739424,-0.6167968583880954,-1.3166301444849418
302,Miles Plumlee,-1.5442861186735868,-0.1257503751435699,-1.496413989459459,-0.47829169136314287,-1.6700364938171566,-1.974705680822602
303,Festus Ezeli,-1.0055847247567102,2.2801334390982104,-1.2641652864775557,2.3883945138337714,1.2745487143415002,1.1242292273562158
304,Tomas Satoransky,0.873617172747669,0.35737853782673956,1.3668312669557494,1.0765281212644857,1.2309957105744087,2.443359388220235
305,Jae Crowder,2.8737791346892476,-0.06326329778450146,1.346631347991486,0.6298272173411306,2.810515836904746,1.9764585653326165
306,Draymond Green,2.8812461273042826,3.262264862737533,3.2014093375136685,3.858372618274729,6.143510990041816,7.059781955788397
307,Orlando Johnson,0.08522160414447964,-0.42840150864986803,0.13757623683702844,-0.465508841902128,-0.3431799045053884,-0.3279326050650996
308,Quincy Acy,-1.8514092166016762,1.2912482581166087,-1.0666446446583073,-0.8551270634173539,-0.5601609584850675,-1.9217717080756613
309,Khris Middleton,2.2503439039783886,0.49744277969028783,2.1299596198497386,1.0068771342557274,2.7477866836686764,3.136836754105466
310,Will Barton,0.4787168503134422,-1.2467204387464739,-0.4280851501031149,0.842169435962359,-0.7680035884330316,0.41408428585924417
311,Mike Scott,0.4966242176709432,0.24098303889346243,-0.4596138547654601,0.37205209737171313,0.7376072565644056,-0.08756175739374694
312,Justin Hamilton,-1.1951054900835836,-0.5545709164078773,-2.976999873654285,-0.5530226997314986,-1.749676406491461,-3.530022573385784
313,Darius Miller,1.6506242788175227,-0.57183646325751,1.8150211879301974,1.0883983237628432,1.0787878155600126,2.9034195116930404
314,Kostas Papanikolaou,-1.0296769100006031,0.8712636058989145,-1.0337952396001517,0.4987602899387453,-0.15841330410168863,-0.5350349496614064
315,Kyle OQuinn,-0.7772311185551933,-1.4175585493155858,-0.20375854325659512,-2.0996909604433647,-2.1947896678707792,-2.3034495036999596
316,Robert Sacre,-0.2875388116362395,-0.11244318897634019,-0.6435552867195217,0.15002251428322452,-0.3999820006125797,-0.4935327724362971
317,Hollis Thompson,-1.3338378726788962,-1.4134384836340679,-1.256490991744779,-0.3979650895667156,-2.7472763563129643,-1.6544560813114946
318,Mirza Teletovic,0.6179599884480177,-0.3002279355960942,0.8155189894043744,-0.07439480508364034,0.3177320528519235,0.741124184320734
319,Chris Copeland,-0.5450889633929648,-0.5990452733785897,-0.8446400331385332,-1.4416865632248126,-1.1441342367715546,-2.2863265963633457
320,Pablo Prigioni,-0.5814685621497104,0.7663388842710769,-1.4977498056734888,1.8438944589057082,0.18487032212136645,0.34614465323221943
321,Kent Bazemore,0.5439354073829742,0.4164031504859459,0.7530550151741202,0.9493043572543995,0.9603385578689201,1.7023593724285198
322,Brian Roberts,-0.9648866935744024,0.257782780367879,-2.3872282078201263,0.1592150058912837,-0.7071039132065233,-2.228013201928843
323,Henry Sims,-0.45066712251153623,-0.6581576233159651,-0.4371717404355775,-0.7236034104689636,-1.1088247458275013,-1.160775150904541
324,Willie Reed,-0.6572924366441492,0.6624527351512103,-0.7833866166213943,0.02090679656226269,0.005160298507061123,-0.7624798200591316
325,Chris Johnson,0.15645843517329133,0.5643685923122964,-0.3716300874393566,1.2145456784342124,0.7208270274855877,0.8429155909948558
326,Justin Holiday,-0.7365425036886326,1.4242232369516963,-0.8786248003930378,1.756843470128372,0.6876807332630637,0.8782186697353341
327,JaMychal Green,-1.1209797256272553,-0.6759550975837454,-1.5936522667039836,-1.216719220288252,-1.7969348232110007,-2.810371486992236
328,Jorge Gutierrez,-0.12233501268974828,-0.24723073030697296,0.16103279160298142,-0.12994694593203407,-0.36956574299672124,0.031085845670947354
329,Aron Baynes,-1.4521865412656922,1.631397469357952,-1.2221028677524883,2.298279754100645,0.1792109280922598,1.0761768863481567
330,Nerlens Noel,-2.132620938856498,2.6915562289291204,-2.932358686595085,1.8862291696027853,0.5589352900726223,-1.0461295169922997
331,Alex Len,-3.5493003251631885,-0.7622042277927332,-4.091488312321438,-1.3535877088579729,-4.311504552955922,-5.4450760211794105
332,Allen Crabbe,2.1766721060260603,-2.9695294620949415,2.9032110783826583,-3.786538205848987,-0.7928573560688812,-0.8833271274663286
333,Andre Roberson,-0.7052821063346096,0.8291043870263235,-1.3708730717539883,2.069216700512059,0.12382228069171386,0.6983436287580707
334,Anthony Bennett,0.10891417829038022,-0.6398824476316008,0.1601662884891982,-1.8832175418810333,-0.5309682693412207,-1.7230512533918352
335,Archie Goodwin,-0.34238260786983243,-1.3555566490993154,0.13021594699879327,-2.3155455867538564,-1.6979392569691478,-2.185329639755063
336,Ben McLemore,-1.217965180282387,0.7070318110633318,-0.5740131616860511,-0.06291478953272302,-0.5109333692190552,-0.6369279512187741
337,Brandon Paul,-0.057167924822992267,1.0514366207547703,-0.9389136749957903,1.6080415644011279,0.994268695931778,0.6691278894053376
338,CJ McCollum,3.4600447913328503,0.8085470292995258,2.6204345649232663,0.09485521265208618,4.268591820632376,2.7152897775753524
339,Cody Zeller,1.5576196716358495,2.3021361104465075,1.2163032438752643,3.4183010470963153,3.859755782082357,4.63460429097158
340,Dennis Schroder,1.6466071712231398,-0.7277224650248441,1.9699042741891284,-1.2582332520787631,0.9188847061982958,0.7116710221103653
341,Dewayne Dedmon,-1.6999415584358684,2.041742640159744,-1.5289008225487333,2.478467606378634,0.3418010817238757,0.9495667838299009
342,Erick Green,0.4102350061355593,-0.3789723604398429,0.29607268792053876,-0.6560580569779845,0.03126264569571641,-0.3599853690574457
343,Gorgui Dieng,0.6523346367690351,1.4072605528497493,1.2705146284398123,1.3157611949631638,2.0595951896187845,2.586275823402976
344,Isaiah Canaan,-1.7550608680117723,-0.5520953790776819,-1.6491617731062707,-0.43068575679905935,-2.307156247089454,-2.07984752990533
345,Jeff Withey,-0.8357213242226444,1.6852977726649059,-0.8794612498850957,1.3220937539367879,0.8495764484422614,0.4426325040516922
346,Kelly Olynyk,-0.7233318070045376,0.8498731430042638,-0.6679348808593198,0.9978983571402031,0.12654133599972617,0.3299634762808833
347,Kentavious Caldwell-Pope,3.9156367442147,-0.6408057878262196,3.3545691498374177,1.9833867162062078,3.2748309563884805,5.337955866043625
348,Lorenzo Brown,-0.5117597344552846,0.43860348152689427,0.1101425461831468,-0.10604141907304916,-0.07315625292839029,0.004101127110097635
349,Mason Plumlee,-0.4626958789539385,-1.3983307353586678,0.8529278214562547,-2.847112553063296,-1.8610266143126064,-1.9941847316070413
350,Michael Carter-Williams,-1.2099442425535991,2.1040802912636924,-1.1113792473021717,1.3831298272892805,0.8941360487100933,0.2717505799871087
351,Mike Muscala,-0.36871129876561975,1.3534367187218717,-2.1059998319264412,-1.3173355725497995,0.9847254199562518,-3.4233354044762407
352,Nate Wolters,0.2417012855651392,0.07532993358417175,-0.026036668704010817,-0.0035077922738069004,0.317031219149311,-0.029544460977817717
353,Otto Porter Jr.,1.4455725687898564,1.8495850756339045,1.8343416439032667,2.6326297892807338,3.295157644423761,4.466971433184001
354,Ray McCallum,0.12843381995874095,-0.7734452325411106,0.421746755026882,-0.3376869883498489,-0.6450114125823697,0.08405976667703313
355,Reggie Bullock,0.5685294014818353,-1.7952650954006273,0.730344855695659,-2.5411961635003415,-1.226735693918792,-1.8108513078046826
356,Robert Covington,0.7886514467816765,2.259798727561754,0.8416013723885639,2.9720486909084065,3.0484501743434302,3.8136500632969703
357,Rudy Gobert,-0.5982763230170489,4.799561212948,0.832231983284486,5.910504414028735,4.201284889930951,6.742736397313221
358,Shabazz Muhammad,-1.8779163216098986,-2.1087985998619687,-3.523701277393521,-2.418472054877988,-3.9867149214718673,-5.9421733322715085
359,Shane Larkin,-2.304954776407232,0.3777538684051566,-2.9218907966512853,-1.0286217290623567,-1.927200908002075,-3.950512525713642
360,Steven Adams,1.3520419941300306,1.576691549616549,1.1336739447335689,1.3701285254164737,2.9287335437465796,2.5038024701500428
361,Tim Hardaway Jr.,2.68584129824845,1.3317789356214391,3.176862726291127,1.2281895708305328,4.017620233869889,4.40505229712166
362,Tony Snell,0.741244268671709,-0.6509381241293988,0.8344721492261661,-0.6875137381627928,0.09030614454231023,0.14695841106337326
363,Trey Burke,-1.0413272283236337,-0.740240104970196,-1.4391075198312955,-2.236462908693096,-1.7815673332938298,-3.6755704285243915
364,Vander Blue,0.09270712750167505,0.7373265298032246,0.20436641693701832,0.9620291208760801,0.8300336573048996,1.1663955378130983
365,Victor Oladipo,1.0707164363834634,1.8097180045184782,1.4376337857287644,2.190850955091586,2.880434440901942,3.62848474082035
366,Giannis Antetokounmpo,0.8516728773374483,1.1144677395471747,0.7280888960389043,0.7442835912060197,1.9661406168846232,1.472372487244924
367,Sergey Karasev,-0.020992663415016845,-0.009020455242752433,1.4205583472046512,1.0194439394083847,-0.03001311865776928,2.440002286613036
368,Lucas Nogueira,0.6647733874417212,-0.4411988253593351,1.3134433223479116,-0.9413607779004537,0.22357456208238613,0.3720825444474579
369,Phil Pressey,-0.7090122118085647,1.8222347414867581,-0.27114877835577694,1.4276421499656426,1.1132225296781935,1.1564933716098658
370,James Ennis III,0.07049716403779258,-0.24797539576665095,-0.4375817499868514,-0.5517545743214166,-0.17747823172885838,-0.989336324308268
371,Alex Abrines,1.1023758224484388,-0.23923312831538876,0.04955922066630329,-2.571744669186578,0.86314269413305,-2.5221854485202746
372,Matthew Dellavedova,1.853756954066826,1.8025806339114698,1.4625045419745903,1.4107663202605458,3.656337587978296,2.8732708622351364
373,Solomon Hill,1.7609700447978431,0.09481912569711552,0.5426642047868214,1.7013505749325928,1.8557891704949587,2.2440147797194143
374,Raul Neto,0.5269080891742353,1.2653736908265822,-0.30608275988260447,2.869021328515119,1.7922817800008175,2.562938568632515
375,Ryan Kelly,-0.6146163460762262,0.9851840138918023,-1.9316865782487758,1.877010863865835,0.37056766781557615,-0.05467571438294083
376,Joffrey Lauvergne,-1.7226973466470326,-2.795189247580742,-1.5716737315292184,-2.455411307260693,-4.517886594227774,-4.027085038789911
377,Ian Clark,0.05506196238915696,-2.4072897893247065,0.47472972699744814,-2.410724112023368,-2.3522278269355494,-1.9359943850259198
378,Seth Curry,0.8297618554725268,0.9313020561060452,0.6926059590021505,0.1778224075772919,1.761063911578572,0.8704283665794423
379,Larry Drew II,-0.018572203529830727,0.02685532135934481,-0.06482876517159752,0.022824223540806654,0.008283117829514082,-0.04200454163079087
380,Troy Daniels,0.6545137676529535,-1.8486019744718838,0.32156745279785875,-2.359678816279481,-1.1940882068189302,-2.0381113634816224
381,Rodney McGruder,1.122483216406986,-0.5158647671245,1.1656174195330435,-1.0246533031200749,0.606618449282486,0.1409641164129687
382,Jonathon Simmons,-1.0442004852643894,-0.09368090902109008,0.047565778463856,1.5151568460475757,-1.1378813942854795,1.5627226245114316
383,Reggie Hearn,0.08814010549693824,-0.12954560151705252,0.04405697077596409,-0.1930097161144767,-0.041405496020114285,-0.1489527453385126
384,Josh Magette,0.723781592929103,-0.11494307164663932,1.031300512728759,-0.03856328073202683,0.6088385212824637,0.992737231996732
385,C.J. Williams,0.3696839320113144,0.3330051834388751,0.24657892958575472,-1.093848489768865,0.7026891154501895,-0.8472695601831102
386,PJ Hairston,-1.7165424938649585,-0.5005084047339863,-2.901298815553963,-1.986110697696284,-2.217050898598945,-4.8874095132502475
387,Scotty Hopson,-0.15192860750179193,-0.18943788395619846,-0.0934636757770852,-0.22040261134156092,-0.34136649145799036,-0.3138662871186461
388,Russ Smith,0.065366968474905,0.16378512141968823,-0.21779208020243446,0.015702423519391943,0.22915208989459324,-0.20208965668304252
389,Shabazz Napier,0.3633045641307788,0.3704215946925338,1.318681503171394,-0.2150994550836653,0.7337261588233126,1.1035820480877288
390,Jordan McRae,-0.9280749077597061,-0.7929316871558002,-0.5717589270511289,-0.11796697992968838,-1.7210065949155062,-0.6897259069808173
391,Zach LaVine,-1.1333798071504027,-2.9874275756787263,-1.1905610038326357,-2.3356837625920503,-4.120807382829129,-3.526244766424686
392,Tyler Ennis,-2.221364130623302,-0.6275284028527455,-0.7854562481368017,-0.8151189175463642,-2.8488925334760475,-1.600575165683166
393,Markel Brown,-0.19811237274478705,-2.681804181716217,-0.2761875918385837,-4.365012617680703,-2.879916554461004,-4.641200209519287
394,Elfrid Payton,1.2569230945519392,-0.28469414548279764,0.9299286765001018,-0.9930292560637579,0.9722289490691416,-0.06310057956365611
395,Semaj Christon,0.5835652954798659,-1.2006957943406047,-0.2216650104184445,-0.9559920301608408,-0.6171304988607388,-1.1776570405792852
396,Jordan Clarkson,-0.27926200291682196,-1.9644829997359887,-0.12577938799635072,-1.4235763898540283,-2.2437450026528105,-1.549355777850379
397,Devyn Marble,-0.5453564462759742,0.887082784638567,-1.1729168020753924,1.0919773508615807,0.3417263383625928,-0.08093945121381174
398,KJ McDaniels,0.9288339687657243,-1.4755648254455986,0.7598588112374752,-0.13271502482289352,-0.5467308566798743,0.6271437864145817
399,CJ Wilcox,0.18730801127010432,-0.6573983482168632,-0.36411508275602805,-0.7197559803786983,-0.47009033694675884,-1.0838710631347264
400,Gary Harris,1.9610301047326737,-1.3774778729137316,3.048737426513539,-1.439833440760341,0.5835522318189421,1.6089039857531982
401,Spencer Dinwiddie,1.2985197388566145,0.5183651100837865,0.6665204198979596,0.6388356061362739,1.816884848940401,1.3053560260342336
402,Nik Stauskas,0.19917587570016648,-2.2438904116281484,-0.42447121310043623,-1.2207587953736685,-2.044714535927982,-1.6452300084741047
403,Rodney Hood,0.8844603384677668,-1.7622294171962136,1.8477847024044287,-2.3158845431676682,-0.8777690787284468,-0.4680998407632395
404,Jordan Adams,0.1509235642199697,0.21573203636103405,-0.052741651173056,0.13662818773282462,0.36665560058100377,0.08388653655976862
405,Khem Birch,0.996527761951785,0.10729963143841505,0.2503900016080832,0.11507301910475445,1.1038273933902,0.36546302071283765
406,Cleanthony Early,-0.5176520949437846,0.2321456472594613,-0.2389652860416889,0.9306209465934219,-0.2855064476843233,0.691655660551733
407,Glenn Robinson III,0.029205831244765005,0.39892837443297574,0.3323071159179623,-0.17575977271442,0.42813420567774074,0.1565473432035423
408,James Young,-0.10619354624260509,-1.1887736424180417,-1.4686671288386848,-2.236317692604759,-1.2949671886606469,-3.7049848214434435
409,Jerami Grant,-1.9551665611589952,0.9948283846569719,-1.304662800971142,-0.2804405892301591,-0.9603381765020234,-1.5851033902013012
410,Joe Harris,-0.0283889598808351,0.22808075007087897,-1.5193039968264062,0.8993187679022597,0.19969179019004388,-0.6199852289241464
411,Doug McDermott,-0.8525748936782701,-0.47098471477671305,-0.7775901675290419,-0.4658271946970128,-1.3235596084549832,-1.2434173622260547
412,Cory Jefferson,-0.27554314920789286,0.3840524208446903,0.05209177479953504,0.21935926159515232,0.10850927163679747,0.2714510363946874
413,Sean Kilpatrick,0.1003821596883036,-2.851503274097176,1.1200974984494672,-3.1016087911433994,-2.7511211144088725,-1.9815112926939322
414,Aaron Gordon,2.570058135102538,0.723194866701664,2.6506994532862427,1.5367226117836406,3.293253001804202,4.1874220650698835
415,TJ Warren,-0.2251499262412902,-2.1403510396674523,0.34839926273691,-2.557434047161024,-2.3655009659087427,-2.209034784424114
416,Lamar Patterson,0.6155714073702864,0.24368210346079325,0.5857836762486608,-0.5844598126901251,0.8592535108310796,0.0013238635585356429
417,Marcus Smart,1.2521103351469287,-0.13730192615365186,0.926157255131962,1.8086846761399373,1.1148084089932768,2.7348419312718995
418,Kyle Anderson,0.9600619309447522,1.2580427100402194,0.6813152003026371,3.1603203261101935,2.2181046409849716,3.841635526412831
419,Dwight Powell,-1.6675526376450844,0.7693277549456744,-1.2074165262910344,1.0635994009953627,-0.89822488269941,-0.1438171252956717
420,Adreian Payne,0.04515693828160315,-1.7069158416257202,-0.5559095388834733,-0.5249093202713393,-1.6617589033441171,-1.0808188591548125
421,Noah Vonleh,-4.377473089512313,0.7552667879000388,-4.9042227826672145,1.5894044296147476,-3.6222063016122745,-3.314818353052467
422,Julius Randle,1.2534731903557306,-0.6430285619686137,2.4598236442572436,-0.5868901207524112,0.6104446283871169,1.8729335235048326
423,Cameron Bairstow,-0.9087406783936322,0.3813353536314124,-0.7778521327763201,0.08047473575600525,-0.5274053247622197,-0.6973773970203149
424,Johnny OBryant III,-2.305739018179778,-2.482497442471713,-2.266306171150936,-2.206753139138641,-4.7882364606514916,-4.473059310289576
425,James Michael McAdoo,-3.425251566743087,-0.42875125513985635,-3.4572302634499397,-0.2876725391107757,-3.8540028218829434,-3.7449028025607154
426,Jarnell Stokes,-0.05586837039828351,-0.2218910122287606,-0.29760010317106617,0.05578990929615981,-0.2777593826270441,-0.24181019387490635
427,Andrew Wiggins,2.5033371753144196,0.028734092444957414,3.3266790864093907,-0.7299223797296176,2.532071267759377,2.596756706679773
428,Jabari Parker,-0.14954748953027386,-1.0349150338273838,-0.7988549127595596,-1.39457225018362,-1.1844625233576576,-2.1934271629431796
429,Joel Embiid,1.872891107363012,0.9521277698566749,1.856040066544028,2.9417674866288968,2.8250188772196867,4.797807553172925
430,Bryce Cotton,0.21065399396865034,-0.9849291136204155,0.3085635779176837,-0.8103695977423262,-0.7742751196517651,-0.5018060198246426
431,Mitch McGary,-0.730490907791818,-0.6498408694597574,-1.0979964594880267,-0.8338170615965682,-1.3803317772515755,-1.931813521084595
432,Dante Exum,-1.290425146979236,0.25252454103289645,-1.6018402188909966,-0.07803446762362955,-1.0379006059463396,-1.6798746865146261
433,JaKarr Sampson,-1.793238161144897,0.8448936133212341,-0.6240888807266733,-0.14378114734406855,-0.948344547823663,-0.7678700280707419
434,Eric Moreland,-0.7786362611246262,1.3055939484773054,-1.1361666266545338,0.45570812589145326,0.5269576873526791,-0.6804585007630806
435,Josh Huestis,-0.845358599639029,0.6778915717088999,1.1795602517589607,0.857260589760583,-0.16746702793012913,2.0368208415195435
436,Shayne Whittington,-0.2863204091893619,0.2720440556671647,-0.6902876278541232,0.26064779321664,-0.014276353522197194,-0.42963983463748323
437,Jamil Wilson,0.4106899065060441,-0.5172964453517711,1.0053763900183044,-0.6672321703639389,-0.10660653884572702,0.3381442196543655
438,Dario Saric,0.26106042967629756,-0.45407579072386756,1.2645278509739506,-1.3898203570802168,-0.19301536104757,-0.1252925061062662
439,Clint Capela,0.5616790725149885,3.5030636698471564,-0.3726487151710043,4.43619483444567,4.064742742362145,4.063546119274666
440,Bogdan Bogdanovic,0.047338069990070765,-0.9196382569612185,-0.04534323627268426,-0.8886371627601755,-0.8723001869711478,-0.9339803990328597
441,Jusuf Nurkic,-0.03435074686821123,2.2765700979361028,-0.4187136793101818,2.181924945720966,2.2422193510678916,1.7632112664107842
442,Damien Inglis,-0.6134738081740417,0.3534415894782923,-1.0059534956882668,-0.1018362001759199,-0.26003221869574944,-1.1077896958641866
443,Bruno Caboclo,-0.8790923629399482,0.5409765421123155,-1.245824105272309,0.49185792373387344,-0.3381158208276327,-0.7539661815384355
444,Nikola Jokic,4.570876261404788,4.0540228329238674,5.762267151744826,4.094060817157633,8.624899094328654,9.856327968902459
445,Kristaps Porzingis,1.27580483145728,0.9797648924386524,1.257019056050396,2.81135928366022,2.2555697238959325,4.068378339710616
446,Edy Tavares,-0.2869143572329243,0.009952411575771945,0.2076354994768808,-0.4437442149179425,-0.2769619456571524,-0.2361087154410617
447,Damjan Rudez,-0.22525370140906115,-1.5693998157242082,-1.5562546525484315,-1.8722048985583533,-1.7946535171332694,-3.428459551106785
448,Tyler Johnson,-0.927984879307347,-0.06570518396028287,-0.628372915663629,0.19183785126930067,-0.9936900632676299,-0.4365350643943283
449,Jack Cooley,-0.36162680115340423,0.17796146587342848,-0.08388645725280532,0.2679940791829121,-0.18366533527997575,0.18410762193010682
450,Tim Frazier,0.09864782582350248,-0.18768498214427456,0.1181276612668399,-0.14606676449883718,-0.08903715632077208,-0.027939103231997275
451,Tarik Black,-1.811118486501369,2.548300420321695,-1.2220994812989505,2.7366380825501775,0.737181933820326,1.514538601251227
452,Travis Wear,0.4396491358742047,0.02595722797170983,1.1745036634979555,-0.05127564962804475,0.46560636384591453,1.123228013869911
453,Langston Galloway,-0.691136538881316,-0.32041708924495954,-0.564912416059984,0.6028481333244252,-1.0115536281262756,0.03793571726444123
454,Joe Ingles,0.3159087621853204,0.22974868522724523,0.12264494822145247,-0.4349046494945302,0.5456574474125656,-0.3122597012730778
455,John Holland,-0.2331624891887342,-0.1209825023894658,-0.07342292399062703,-0.04803951274690834,-0.3541449915782,-0.12146243673753537
456,Jarell Eddie,-1.0957151896668165,0.06221024257315126,-1.0455343727989719,0.3619142093657744,-1.0335049470936652,-0.6836201634331975
457,Xavier Munford,-0.05736166041015569,0.23282983016216474,0.0170347528980303,-0.6411055977942237,0.17546816975200905,-0.6240708448961935
458,T.J. McConnell,0.15367032307458983,0.5199541634449206,-0.22229163188940368,0.09090517689722699,0.6736244865195105,-0.1313864549921767
459,Jahlil Okafor,-3.2015193628352208,-0.3635119425095893,-4.324765877172202,-1.1667658502406943,-3.56503130534481,-5.491531727412896
460,Emmanuel Mudiay,-2.4586703930624627,-0.9452198161580876,-2.2583948404967003,-2.284402514149268,-3.4038902092205503,-4.542797354645968
461,Tyus Jones,2.22863419727601,0.6313483724503756,1.6942897988554253,-0.25292782543921655,2.8599825697263856,1.4413619734162086
462,Cliff Alexander,-0.2208441492233085,-0.07631532649012822,-0.39565499129287324,-0.40085739680619675,-0.2971594757134367,-0.79651238809907
463,Justin Anderson,-0.3242556086822778,-2.572625883305495,-1.304315412939925,-2.465029651937797,-2.896881491987773,-3.7693450648777223
464,Anthony Brown,-0.18031667508933236,-0.14498169645929376,-0.14683135919995763,1.4461709696063352,-0.3252983715486261,1.2993396104063775
465,Montrezl Harrell,1.9323989172174147,0.45338300270622184,3.039639242917705,0.7338678454986483,2.3857819199236365,3.773507088416353
466,Andrew Harrison,-2.907901818060216,0.35116946104036756,-3.2914123517384346,0.23017723450902597,-2.556732357019848,-3.0612351172294088
467,Aaron Harrison,-0.5986121103613908,0.059071669590105944,-0.36875431295893285,0.23035394290419312,-0.5395404407712849,-0.13840037005473974
468,Delon Wright,-0.2901299103938455,0.49628489836754763,0.5220292965545771,2.3179272454100732,0.20615498797370213,2.8399565419646504
469,RJ Hunter,-1.4742375597027004,0.4933463484775561,-1.431078676632875,0.6264134817617806,-0.9808912112251443,-0.8046651948710943
470,Sam Dekker,0.44442195258664413,-0.5500498879802974,1.0765325933988226,-0.9810690108261387,-0.10562793539365328,0.09546358257268384
471,DAngelo Russell,0.4613955792354245,-2.631890346532068,-0.9891373732386824,-3.0405077364214335,-2.1704947672966437,-4.029645109660116
472,Karl-Anthony Towns,4.409922891614644,-1.1354074324346743,5.302642989556261,-1.187736491947521,3.2745154591799697,4.1149064976087395
473,Richaun Holmes,1.217182217604367,-0.3380377720093623,1.8544909992740695,0.13821064728232588,0.8791444455950046,1.9927016465563954
474,Justise Winslow,-0.9567420652766186,1.371241850212061,-1.119901774662438,1.829919471266377,0.41449978493544226,0.7100176966039391
475,Willie Cauley-Stein,0.9385546987349238,-1.9866414572728535,2.1777912736845444,-2.28394652130362,-1.0480867585379297,-0.10615524761907569
476,Kelly Oubre Jr.,0.48987962902063836,-2.256891051952476,0.34808867539606086,-2.173231928512203,-1.7670114229318377,-1.8251432531161422
477,Frank Kaminsky,0.9757317161927888,-1.6640036101721873,2.313222951220921,-2.17565251801054,-0.6882718939793986,0.13757043321038065
478,Devin Booker,1.800699313382049,-3.276526742727143,1.1311408975819601,-2.880678596358878,-1.475827429345094,-1.7495376987769178
479,Cameron Payne,-1.4854851963774098,-0.24632408237913397,-0.9493951115155325,-0.10577912528550552,-1.7318092787565438,-1.055174236801038
480,Myles Turner,0.19946543573446146,2.5265048538805694,-0.07447074590553776,3.1716355239281886,2.725970289615031,3.097164778022651
481,Trey Lyles,0.28870574651026043,0.494223348067381,-0.014483681279023592,1.4437768608766757,0.7829290945776415,1.429293179597652
482,Stanley Johnson,0.40706390799470843,1.5477045841375723,-0.04173831245124759,0.9807117544654128,1.9547684921322808,0.9389734420141652
483,Jerian Grant,-1.014122498436151,0.7692178835346114,-0.5167724896468193,-0.43060696763795214,-0.24490461490153959,-0.9473794572847715
484,Bobby Portis,1.1113799610579818,-1.7157091078654534,1.7721658046788273,-2.15875481483815,-0.6043291468074716,-0.38658901015932257
485,Kevon Looney,0.6223008142953641,1.3841610853685722,0.09290086962829808,-0.6011562500634186,2.006461899663936,-0.5082553804351204
486,Rashad Vaughn,-2.3872726858798163,-0.9687651026778327,-2.005781226853681,-0.9135221344415175,-3.356037788557649,-2.9193033612951984
487,Christian Wood,0.20958934068705137,-0.20092136916740422,0.030574175035604605,0.05126177213211552,0.008667971519647155,0.08183594716772012
488,Jordan Mickey,-0.9272707823168753,0.3329197014304038,-1.0513740304291437,-1.9215856359088,-0.5943510808864716,-2.9729596663379434
489,Rakeem Christmas,-0.06308142195258971,-1.3855070568722925,-0.1003754880749531,-1.2082235799767196,-1.4485884788248822,-1.3085990680516726
490,Dakari Johnson,-0.01749229562057381,1.1665339141431872,-0.6066639907358663,1.4473235006688958,1.1490416185226133,0.8406595099330295
491,Rondae Hollis-Jefferson,0.14377336757052467,0.5353988307920227,1.4999550272064444,0.8540409793760447,0.6791721983625474,2.353996006582489
492,Terry Rozier,-1.0296938288243622,0.24555600493254626,-1.6548056881389117,0.2368359358684791,-0.784137823891816,-1.4179697522704326
493,Norman Powell,0.7775160345107769,0.04899767902124438,0.4476593994338017,-0.3850084501204364,0.8265137135320213,0.06265094931336529
494,Branden Dawson,0.14599160962195679,-0.6427541210100415,0.033325586328835005,-0.547441415734054,-0.4967625113880847,-0.514115829405219
495,Chasson Randle,0.03566755377849242,-1.1991444274836494,-0.00933860974340018,-1.3278568476250654,-1.1634768737051568,-1.3371954573684657
496,Jarell Martin,-2.0517873763376593,0.06775159485156929,-1.8321470447998212,-1.1023012341321126,-1.98403578148609,-2.9344482789319337
497,Quinn Cook,0.7226320147829416,-1.0658380796598033,0.8042396277744217,-1.5251527470725132,-0.34320606487686167,-0.7209131192980915
498,Chris McCullough,-0.2931094089740123,-1.39786047232305,-0.039444746033965125,-1.4217164748609965,-1.6909698812970624,-1.4611612208949616
499,Pat Connaughton,-1.346830640685205,-0.6712104696090196,-0.22516999536703303,-0.9363214886902353,-2.0180411102942246,-1.1614914840572683
500,Willy Hernangomez,-1.2409354444421399,-0.1282859117261808,-1.3802796873937626,-0.13099887052657871,-1.3692213561683206,-1.5112785579203414
501,Josh Richardson,1.10914330878186,1.5908393037955142,1.9515244004329495,0.31740241623853555,2.699982612577374,2.268926816671485
502,Darrun Hilliard,0.9817230807270856,0.5569542033305344,0.8024271232190174,0.13773359196871904,1.53867728405762,0.9401607151877365
503,Joe Young,-1.8219805435357368,-2.17596598855067,-3.149761745971829,-3.441511930085434,-3.9979465320864067,-6.591273676057263
504,Treveon Graham,-1.0177794422024582,0.6037535815022124,-0.7256115146850317,0.30019047871509713,-0.41402586070024583,-0.4254210359699346
505,Larry Nance Jr.,1.1278696321463717,2.4420087222239073,0.18725913384358325,4.122043236863802,3.569878354370279,4.309302370707385
506,Vincent Hunter,0.08401360026912764,0.020338128921911947,-0.008714830850208868,-0.1215140584857418,0.10435172919103959,-0.13022888933595067
507,Mario Hezonja,-2.9915421281058787,-1.8307126037977075,-3.130643073047113,-2.578158334000545,-4.822254731903586,-5.708801407047658
508,Alan Williams,1.2207030426074879,-1.0151367655145294,0.36173923510813605,-0.6824472321652815,0.2055662770929585,-0.3207079970571454
509,Royce ONeale,-0.3456996918385771,1.4146334207575482,-0.06674930185523657,3.2600021349724995,1.068933728918971,3.193252833117263
510,Cedi Osman,-0.7930945173938124,1.0036684144516541,0.23039432672904406,0.20993799322420278,0.21057389705784169,0.44033231995324684
511,Luis Montero,-0.8024313599179672,0.033551966092511994,-1.1169514756222212,-0.4888029414625961,-0.7688793938254552,-1.6057544170848173
512,Cristiano Felicio,-1.5467365552343968,-0.27886867761462525,-2.5071754760315135,-0.4393536653627206,-1.825605232849022,-2.946529141394234
513,Boban Marjanovic,1.082314093678796,-0.19989583805251873,1.1545732556394455,-1.2488426689745817,0.8824182556262773,-0.09426941333513628
514,Duje Dukan,-0.007963014756826564,-0.2515105112608493,-0.23293739148616183,0.002201447764609246,-0.2594735260176758,-0.2307359437215526
515,Axel Toupane,0.3984278541317918,-0.5777876960760671,1.9197440601345261,-0.6808241615685271,-0.17935984194427523,1.238919898565999
516,Maurice Ndour,-0.06775897888506796,0.6436380861433972,-0.03451604396242939,0.44713398492717543,0.5758791072583292,0.412617940964746
517,Salah Mejri,-1.3644559136789014,2.854771914568333,-1.5300036441900713,2.0696138188410593,1.4903160008894316,0.539610174650988
518,Malcolm Miller,-0.18626841890044352,0.009772336317972141,0.11973487379702207,0.292629264486242,-0.17649608258247138,0.41236413828326407
519,Marcelo Huertas,-0.0376835562437535,-0.6054761792955825,1.33297807102565,0.11113141471791681,-0.643159735539336,1.4441094857435668
520,Jacob Pullen,-0.24224736117385826,0.07595747226652984,-0.2748287721714654,0.34551067040386313,-0.16628988890732843,0.07068189823239773
521,Malcolm Delaney,0.4520815702915787,-1.1594016169000187,0.5078588210273342,0.14151544882809466,-0.7073200466084401,0.6493742698554288
522,Briante Weber,0.2556979003763535,-2.4238208298347974,-0.6361652412665688,-3.008221291306548,-2.168122929458444,-3.644386532573117
523,Ben Simmons,-0.7206726209161587,-0.26604849978262013,-0.08759280610149363,-0.27378535178862445,-0.9867211206987788,-0.36137815789011807
524,Dragan Bender,-0.15896142131383767,0.3902605442849576,0.5614136843826043,-0.03380235010899161,0.23129912297111993,0.5276113342736127
525,Domantas Sabonis,-2.243052242679217,1.6514873590621448,-1.8375843452244773,0.7367592101988422,-0.5915648836170724,-1.100825135025635
526,Wade Baldwin IV,-3.7968173379300127,-0.6046831694541258,-2.3999188870667294,-0.49175550750512564,-4.401500507384139,-2.8916743945718553
527,Malik Beasley,-0.20770964520964624,0.026292893023143506,1.2711035441485858,0.39628406609753103,-0.18141675218650274,1.667387610246117
528,Marquese Chriss,-0.6716506513708629,0.5393695036745937,-0.4570999642255986,-1.518704133725022,-0.1322811476962692,-1.9758040979506206
529,Deyonta Davis,0.7023412401919122,-1.1914118413999641,0.976791923915989,-0.6180192528434818,-0.4890706012080519,0.3587726710725072
530,Kris Dunn,-0.2577872113645723,0.08762722497468241,0.048647183492854754,-1.1492503680615533,-0.17015998638988988,-1.1006031845686985
531,Henry Ellenson,-0.21852446965818517,0.9124914896905122,-0.6863745101568889,0.011246405263419954,0.693967020032327,-0.675128104893469
532,Buddy Hield,-1.6420430437211726,-1.9694579958873766,-1.5515245000243973,-1.318548349404978,-3.611501039608549,-2.8700728494293752
533,Brandon Ingram,0.3140688269012506,-1.6421912655925979,0.049063617477498885,-2.618347564000754,-1.3281224386913473,-2.5692839465232553
534,Demetrius Jackson,-0.7298858999963871,0.2532784345716995,-0.6654302085962269,-0.048756823437243885,-0.47660746542468757,-0.7141870320334708
535,Brice Johnson,-0.7229899078527421,-0.23903168256751958,-0.6032779417337643,-0.05372598492659044,-0.9620215904202617,-0.6570039266603547
536,Damian Jones,-0.767343957899432,-0.15029295967558476,-0.34864762558041196,-0.22246555669325735,-0.9176369175750168,-0.5711131822736693
537,Skal Labissiere,-1.3144173448635705,-0.33547698677202126,-0.7426557925128866,-0.45911677151495395,-1.6498943316355918,-1.2017725640278405
538,Caris LeVert,0.5829251349616097,-1.5527029083713273,0.06662845717465034,-1.7119509767623642,-0.9697777734097176,-1.645322519587714
539,Thon Maker,-1.6219634278667883,-1.1238821549393252,-1.6564285085990675,-3.398275516500401,-2.7458455828061137,-5.054704025099468
540,Dejounte Murray,-0.789937036274389,2.335309472354137,-1.2279487933669484,2.0060642280438334,1.5453724360797483,0.778115434676885
541,Jamal Murray,2.5607855972733167,-1.2399872417178057,2.6829553270724342,-2.332051578868602,1.320798355555511,0.3509037482038324
542,Jakob Poeltl,0.5560662022482759,0.7922630225151557,-0.19569236792653433,1.0840112616190614,1.3483292247634315,0.888318893692527
543,Taurean Prince,-0.7828908592467628,-0.42407594416615657,-1.4701946832922168,1.1749518865246138,-1.2069668034129193,-0.295242796767603
544,Zhou Qi,-0.7954553893128616,0.08695041777471031,-0.6799574029429809,-0.1854180687775726,-0.7085049715381513,-0.8653754717205535
545,Diamond Stone,-0.45103057376330075,-0.11924041112002703,-0.5140271837812798,0.046460961932629635,-0.5702709848833278,-0.46756622184865015
546,Tyler Ulis,0.13167450351817114,-1.146922448468445,-0.6653440706492717,-1.532328196031775,-1.0152479449502738,-2.197672266681047
547,Denzel Valentine,-0.8966495329295814,0.5215431697651451,-0.4273138795261167,0.538021005686954,-0.37510636316443624,0.11070712616083728
548,Stephen Zimmerman,-0.2163584244345578,-0.42341535996506807,-0.6657360704141884,-0.3124801296837953,-0.6397737843996258,-0.9782162000979837
549,Ron Baker,0.23811570619200492,0.2679078641232525,-0.5332160192711233,1.0744881849367267,0.5060235703152575,0.5412721656656034
550,Jaylen Brown,-0.6909694826385022,1.6299977746642345,-0.9195300835281509,0.41722688074126607,0.9390282920257322,-0.5023032027868848
551,DeAndre Bembry,-1.1896413817745284,-0.23798752369614268,-1.164874008106249,-0.7383825407078642,-1.427628905470671,-1.903256548814113
552,Joel Bolomboy,0.463578177293769,0.18778537336488518,-0.2815702361925534,0.3550351997844749,0.6513635506586541,0.0734649635919215
553,Malcolm Brogdon,2.4107198080825496,0.8204745851894234,2.8914923071316734,1.0004485120788944,3.231194393271973,3.891940819210568
554,Cheick Diallo,-1.038795209990911,-1.9854178397882825,-1.5204195661034572,-2.2933727030085884,-3.0242130497791937,-3.813792269112046
555,Kay Felder,-1.8118085694437047,-0.011332154143782863,-1.3808662725952314,0.35625489537680066,-1.8231407235874877,-1.0246113772184309
556,Michael Gbinije,-0.10822318273183591,-0.4483966293013168,0.16700705539276123,-0.6013059530610123,-0.5566198120331527,-0.4342988976682511
557,Daniel Hamilton,-0.3241576957644814,0.028579776885538727,-0.6403827800842904,0.3119256233386285,-0.2955779188789427,-0.3284571567456619
558,AJ Hammons,-0.8186688260504837,-0.21656764903781517,0.1440218620567777,0.11578527886543076,-1.035236475088299,0.25980714092220847
559,Jake Layman,-1.8755092936476678,0.0206593633572681,-1.002921038784641,-0.35311923865839934,-1.8548499302903998,-1.3560402774430402
560,Patrick McCaw,-2.3232581678089845,-2.6212639051603768,-2.636818379292685,-3.6556252569577015,-4.944522072969361,-6.292443636250386
561,Georges Niang,0.7689712375684906,0.20473417934956076,0.7952836163193345,-0.10964684931732638,0.9737054169180513,0.6856367670020082
562,Chinanu Onuaku,0.11439274150978598,-0.5614486269998781,-0.3988582489983368,-1.1224612082455467,-0.4470558854900921,-1.5213194572438835
563,Marcus Paige,-0.05943210529765811,-0.015787748478628353,-0.08110515718576042,-0.0055104493562372105,-0.07521985377628647,-0.08661560654199763
564,Gary Payton II,-0.2284133106165116,-0.7196815936940101,-0.6911618410597274,-1.1648055157529587,-0.9480949043105217,-1.8559673568126862
565,Malachi Richardson,0.24909996847895638,0.3117963349273867,0.0586875066789593,0.177043682622994,0.560896303406343,0.2357311893019533
566,Wayne Selden,0.01255006273059402,-0.9595788867671537,-0.357672697785495,-0.2340208591919106,-0.9470288240365597,-0.5916935569774056
567,Pascal Siakam,-0.1640819076863095,0.6119228647290154,0.003115788588168813,-0.8566676708803803,0.4478409570427059,-0.8535518822922115
568,Jarrod Uthoff,-0.6480574627150963,-1.2033509396767346,-0.7784925023362431,-1.9539791066256942,-1.851408402391831,-2.732471608961937
569,Isaiah Whitehead,-0.8124085528322458,0.46639438110304837,-1.1324504124450843,1.7843753061451453,-0.3460141717291974,0.651924893700061
570,Troy Williams,0.33686699405802417,-1.1559902304618221,-0.6231531567086314,-0.7786022268835469,-0.8191232364037979,-1.401755383592178
571,Kyle Wiltjer,-0.873871801680119,-0.5438258023650171,-0.9330296530922181,-0.428409941809246,-1.4176976040451361,-1.3614395949014642
572,Furkan Korkmaz,0.04355750132024187,-0.27568407554987434,-0.10695543220423907,-0.4195212477059908,-0.23212657422963245,-0.5264766799102298
573,Timothe Luwawu-Cabarrot,-0.9264130588287953,-0.8212263816627488,-1.8012553292435562,0.010720184487247698,-1.747639440491544,-1.7905351447563085
574,Ante Zizic,0.05659307695215828,-0.4300030654131152,-0.3819997742854901,-0.2758437278137726,-0.37340998846095697,-0.6578435020992627
575,Yogi Ferrell,-0.744106056857858,0.27781306557324187,-0.4533028559051417,1.5742978925822813,-0.46629299128461615,1.1209950366771395
576,Sheldon Mac,-1.7497092857348258,-0.014124347106742787,-1.2445154298308732,-0.4447990236619591,-1.7638336328415685,-1.6893144534928322
577,Alex Poythress,-0.41361748178307634,-1.6694930536656596,-0.2982588644725397,-1.7332305033432378,-2.083110535448736,-2.0314893678157775
578,Tim Quarterman,-0.15395627667877282,-0.34700154748780715,0.14859418429572258,0.00680016216010984,-0.50095782416658,0.15539434645583242
579,Isaiah Taylor,-1.087224148393383,-0.36664337365184446,0.4478553452559482,1.1649430535286927,-1.4538675220452275,1.6127983987846408
580,Tyrone Wallace,0.5099403497671052,-0.5958095842298293,0.07817792535403516,0.8518958841638732,-0.0858692344627241,0.9300738095179083
581,James Webb III,0.48170053807034824,0.5013618729797802,0.31289958055545297,0.4137667207080459,0.9830624110501285,0.7266663012634988
582,Juancho Hernangomez,0.9343529212382179,-1.4052604791278422,1.816390862951561,-1.9791835660990595,-0.47090755788962435,-0.1627927031474985
583,Guerschon Yabusele,-0.34453096667620187,-0.3918261282903244,-0.07432803294097994,-0.5648635612082362,-0.7363570949665263,-0.6391915941492161
584,Ivica Zubac,-1.5168165705653784,-0.16266726492543318,-2.0982470110707534,1.2597690448715841,-1.6794838354908117,-0.8384779661991693
585,Dorian Finney-Smith,0.18720909274323108,-0.27485377250950677,-0.5716640590513544,-1.31661699226836,-0.08764467976627568,-1.8882810513197144
586,Fred VanVleet,1.6358030084919863,1.0902504094056507,1.8393709064867303,3.0596911487382386,2.7260534178976368,4.899062055224968
587,Georgios Papagiannis,0.21698879324158976,-1.2748889047657916,1.0764910203522708,-1.7380446239733274,-1.057900111524202,-0.6615536036210565
588,Paul Zipser,-2.822030841877524,-0.4481697690485742,-2.7315322838301936,0.049888121745609415,-3.270200610926098,-2.6816441620845843
589,Abdel Nader,-1.5816687702842203,-0.29892953227193264,-1.2199690347892096,-2.575978477860334,-1.880598302556153,-3.7959475126495437
590,Shawn Long,1.0970186336767007,-1.1644474896160528,0.9935731355612599,-1.6797971443698854,-0.0674288559393521,-0.6862240088086254
591,Daniel Ochefu,0.03790665845160403,0.12594954749739565,0.025955989921383857,-0.5156925592621373,0.1638562059489997,-0.48973656934075344
592,Marshall Plumlee,-0.44091676999087104,-1.7766968734135167,-0.25236587989836173,-1.02200368871305,-2.2176136434043876,-1.2743695686114116
593,Mindaugas Kuzminskas,-0.18539383880775276,-1.615380397893636,-1.3281191992541341,-0.8566526849566511,-1.8007742367013888,-2.184771884210785
594,Nicolas Brussino,-0.4379117718665688,-0.6566790401768536,-1.2122790046485115,-2.6873626048450956,-1.0945908120434225,-3.899641609493607
595,Ryan Arcidiacono,0.35028360412807014,0.05692838581986906,0.03626132068152742,0.004688674006878225,0.40721198994793917,0.04094999468840564
596,Bryn Forbes,-0.12884173168054597,-1.0534139003747303,0.40550369336066444,-2.55480870269165,-1.1822556320552762,-2.149305009330986
597,Okaro White,0.9873624781301686,-0.1826675847991763,1.5933310070892663,0.3965452269899525,0.8046948933309923,1.9898762340792189
598,Matt Costello,-0.004670609164637753,-0.06774232489608789,0.36728418081833086,0.027706413188977923,-0.07241293406072564,0.3949905940073088
599,Kyle Collinsworth,0.45526209419845703,0.2600553744779648,0.9187436397623264,0.9198653665707474,0.7153174686764219,1.8386090063330738
600,Danuel House,0.25077341336911624,0.5982127364881376,-0.05931280826225156,0.7580168016106209,0.8489861498572537,0.6987039933483693
601,Jameel Warney,-0.10456616167617853,-0.08766310037608856,-0.20825968474405213,0.1647555684940734,-0.1922292620522671,-0.043504116249978714
602,Patricio Garino,-0.34301202995876,-0.3110956373054821,0.1480217100967689,-0.1666444256845458,-0.6541076672642421,-0.018622715587776895
603,Marcus Georges-Hunt,0.031097574381410805,-1.9147548241137489,1.049299388280444,-1.9692068655479102,-1.883657249732338,-0.9199074772674662
604,Jalen Jones,0.570821014079879,0.037647838376821695,1.009131732007936,0.01951909871483679,0.6084688524567007,1.0286508307227729
605,Derrick Jones Jr.,1.0989395620811129,-1.3341165911913604,0.28777516823356575,-0.07704464809327682,-0.23517702911024752,0.21073052014028892
606,Shaquille Harrison,-0.10000164994768818,1.1230314680591225,0.7101130473174191,1.1106202477853455,1.0230298181114343,1.8207332951027646
607,Alex Caruso,-0.6526085884152231,0.9886876469506284,-0.9595185469876618,1.2844740020063483,0.3360790585354053,0.3249554550186865
608,Josh Gray,-1.1104542672790956,-0.08089008757492927,-1.5927552788917594,-0.9842575601965076,-1.1913443548540248,-2.577012839088267
609,Myke Henry,0.13360494440361115,-0.9331044586409553,0.2119139117732246,-0.01681756128573543,-0.7994995142373441,0.1950963504874892
610,David Nwaba,0.48298646325600714,-0.7835119321737058,2.4937002321197275,1.624917265086447,-0.3005254689176987,4.118617497206174
611,Alfonzo McKinnie,0.1659438520690249,-0.39170515235108466,0.38427473784224564,-0.7968616775321106,-0.22576130028205976,-0.41258693968986493
612,Markelle Fultz,-0.5684489480185597,-0.8905789037498524,-1.5778584920319814,-0.3858004655008882,-1.459027851768412,-1.9636589575328696
613,Lonzo Ball,-0.8537478046909052,1.514816667781348,0.04287066212361836,1.4624888517703067,0.6610688630904428,1.505359513893925
614,Josh Jackson,-0.7953106122698438,-1.3752516669231856,-0.060110217041820506,-0.2662068410342438,-2.1705622791930295,-0.3263170580760643
615,DeAaron Fox,-1.3351990743202382,-1.6383590556928929,-0.3278777960401252,-2.7448118391548304,-2.973558130013131,-3.0726896351949557
616,Jayson Tatum,0.48900234013434773,1.3892136288282348,1.571586512578294,1.7006039035532143,1.8782159689625826,3.272190416131508
617,Malik Monk,-1.2236869825966306,-2.0540611562244764,-1.2735213781655743,-3.092782755499535,-3.277748138821107,-4.36630413366511
618,Jonathan Isaac,-1.4295542279946831,0.4918915795465875,-0.9908631282248962,0.7227878567025079,-0.9376626484480957,-0.2680752715223883
619,Dennis Smith Jr.,-2.015620260936138,-0.7741314578180368,-1.970888820266867,-0.995355313164112,-2.789751718754175,-2.966244133430979
620,Frank Ntilikina,-0.9537221467151619,1.7965436829020283,-0.17417426775748762,2.1485716046363916,0.8428215361868664,1.974397336878904
621,Lauri Markkanen,0.33184408782054314,-1.183061636532576,-0.14003230001086428,-0.7705923414248445,-0.8512175487120328,-0.9106246414357088
622,Donovan Mitchell,0.7927880988211322,2.470734815972795,0.7438339016447849,2.2412700256437756,3.263522914793927,2.9851039272885607
623,Luke Kennard,0.43374787812357946,-0.8037471663534411,0.964894107657312,-0.679822799878375,-0.36999928822986167,0.28507130777893697
624,Zach Collins,0.6062236403496548,0.5472820172200417,2.170769282609835,0.28546425011176346,1.1535056575696965,2.4562335327215985
625,John Collins,0.219206011199599,-1.5301419820206996,-1.6554557239977385,-0.6869601719812077,-1.3109359708211006,-2.342415895978946
626,Justin Jackson,-0.8075114141924996,0.2104713727893839,-0.6076469788656446,0.3500840275746843,-0.5970400414031157,-0.25756295129096024
627,OG Anunoby,1.2297734192473908,0.19687475863618364,0.8813083956369153,0.045032700798503945,1.4266481778835745,0.9263410964354193
628,Jarrett Allen,-1.4658239048874966,1.0801153160855104,-1.854586993243483,0.9570754829714733,-0.3857085888019862,-0.8975115102720098
629,Ike Anigbogu,0.11053816953209186,-0.6442674471661408,0.16430552900189754,-0.6893470228909443,-0.533729277634049,-0.5250414938890468
630,TJ Leaf,0.22977613450099782,-2.7822672560854227,0.23686279004775232,-2.909151123543289,-2.552491121584425,-2.6722883334955365
631,Bam Adebayo,-0.10568769712277047,0.8980835307864629,-0.5675896353090698,1.5806118203987345,0.7923958336636924,1.0130221850896648
632,Terrance Ferguson,-1.991460789998696,0.891656328661527,-0.7488406659989185,0.1781381178444406,-1.0998044613371691,-0.5707025481544779
633,D.J. Wilson,-0.06850331228961529,-0.36845788994846357,-0.6794285319018813,-0.583566381757793,-0.4369612022380789,-1.2629949136596743
634,Jawun Evans,-0.49815513307155057,-0.28770879527799587,-0.48053230117749535,-0.01989368689293563,-0.7858639283495464,-0.5004259880704309
635,Jordan Bell,2.307767980459211,2.249516249196491,3.44370450599286,1.4306052792118948,4.557284229655702,4.874309785204755
636,Tony Bradley,0.14217913786601852,0.2969613716011541,-0.036127130959539254,-0.13520576042691856,0.43914050946717265,-0.17133289138645783
637,Ivan Rabb,-1.07602805457832,-0.7584975374556548,-1.1165414734306576,0.2673578157294824,-1.834525592033975,-0.8491836577011751
638,Kyle Kuzma,0.6464704281736959,-0.24677559439162125,1.090011667006397,-0.09812217032759338,0.3996948337820747,0.9918894966788037
639,Tyler Lydon,-0.00040584529494625335,-0.08275439599093702,-0.011946453571887885,-0.13099717489951176,-0.08316024128588327,-0.14294362847139966
640,Semi Ojeleye,-1.8985147148412922,0.5404827977201202,-2.27374993478025,0.3120828215812578,-1.3580319171211719,-1.9616671131989922
641,Derrick White,0.8010632099863013,0.40848522149745403,0.7994349990138147,1.0421427940414156,1.2095484314837552,1.8415777930552304
642,Caleb Swanigan,-0.971820458287105,0.18211883418631866,-0.05743016356434419,-0.12415866192537539,-0.7897016241007863,-0.18158882548971958
643,Josh Hart,0.6018167609433598,-1.5489821192094941,1.0858338231266642,-2.2309427180598056,-0.9471653582661343,-1.1451088949331414
644,Johnathan Motley,0.16641622695675304,0.05628382910402453,0.5216615538728269,0.3965783093472808,0.22270005606077758,0.9182398632201076
645,Dwayne Bacon,-2.0010496631916306,0.7760617360606654,-1.514979372238858,-0.09458436919366224,-1.2249879271309652,-1.6095637414325203
646,PJ Dozier,-0.1221733274224924,-0.03408950216530121,-0.11919628479691237,-0.031706538246156345,-0.1562628295877936,-0.1509028230430687
647,Alec Peters,0.10958166009188042,0.6893078028545336,-0.10652720069283235,0.6585181145119395,0.798889462946414,0.5519909138191071
648,Wes Iwundu,-0.017844650136250157,0.279551814428174,-0.711720402849203,-1.2742489889463193,0.26170716429192387,-1.9859693917955223
649,Frank Mason,0.019572005089848146,0.1537737801618111,0.4897359082481948,-0.29017786723642064,0.17334578525165922,0.19955804101177416
650,Sindarius Thornwell,-2.1688096005018056,0.22115060450024915,-3.6537219869929864,-0.2388433228180996,-1.9476589960015565,-3.892565309811086
651,Dillon Brooks,-0.8611509668092178,-1.0607033714717766,-0.49462258137169823,-0.7564742327952275,-1.9218543382809945,-1.2510968141669259
652,Tyler Dorsey,0.42545931018318606,0.823170091073834,0.8520840662693565,-0.19004120873376937,1.24862940125702,0.6620428575355871
653,Thomas Bryant,-0.4105385944783405,-0.34816730048300515,-0.0782387792566015,-0.6377525312951389,-0.7587058949613457,-0.7159913105517404
654,Monte Morris,-0.10203268944853952,0.01402441825212642,-0.17142234215062072,-0.0927179687683549,-0.08800827119641311,-0.2641403109189756
655,Damyean Dotson,-0.5809460043573146,-0.5749051354795591,-1.5329084814727367,-0.9288038040078173,-1.1558511398368738,-2.461712285480554
656,Kobi Simmons,-1.292356050416342,-2.6147216051358275,-1.1628525400705767,-2.82212315986138,-3.9070776555521696,-3.9849756999319568
657,Sterling Brown,-1.3610522699511234,0.9942744558436151,-1.9748571705061093,1.0996455355072545,-0.3667778141075083,-0.8752116349988548
658,Charles Cooke,0.0140906109431876,0.07160434841032087,0.13530659842459497,0.29115749547247644,0.08569495935350847,0.4264640938970714
659,Davon Reed,-0.8170936302677988,-0.5362292029823762,-0.5789171369285179,-1.1661370385625427,-1.353322833250175,-1.7450541754910605
660,Luke Kornet,0.3845110169610467,-0.12237322932717157,0.3129575146348662,-1.351043892607779,0.2621377876338752,-1.0380863779729128
661,Isaiah Hicks,-0.11734513122435844,0.16750813895717906,0.1309421317568569,-0.7438089834991358,0.05016300773282062,-0.612866851742279
662,Kadeem Allen,-0.02386914606352406,0.019097356798389573,-0.1970667456492981,-0.11018373801149316,-0.004771789265134486,-0.3072504836607913
663,Jabari Bird,-0.007536307247176822,0.25533128555217094,0.029195080637200266,0.36291852274794184,0.2477949783049941,0.3921136033851421
664,Jacob Wiley,-0.03005103770592336,0.40059137628271246,-0.2813247490524125,0.21936839237851932,0.3705403385767891,-0.06195635667389318
665,Mike James,-0.2501048813660202,-0.1071160708264993,0.14848185492320926,0.48251449149932757,-0.3572209521925195,0.6309963464225368
666,Milos Teodosic,2.379231241192174,-0.632457727161324,1.7524212316694618,0.06641047678797189,1.74677351403085,1.8188317084574337
667,Tyler Cavanaugh,-0.15799395620229137,-0.07369419823878158,1.0909650376581017,0.49965353452848205,-0.23168815444107294,1.5906185721865838
668,Daniel Theis,-0.24039369630792207,0.7395268067633445,0.17993451033876262,-0.3306420057676655,0.4991331104554224,-0.15070749542890288
669,Maxi Kleber,-1.4355966841125067,-0.39769544496729525,-0.9477559077249013,0.019579682737277098,-1.833292129079802,-0.9281762249876242
670,Antonio Blakeney,0.3281377586214419,-0.86863206208385,0.24280636378353024,-0.786229406368089,-0.5404943034624081,-0.5434230425845588
671,Torrey Craig,-0.3824427271300474,1.4183598769321009,-0.6214681663349143,0.5018115325315561,1.0359171498020534,-0.11965663380335823
672,Matt Williams Jr.,0.0886058595002811,0.04663323713811783,0.17528046163042776,0.26002233367667343,0.13523909663839895,0.4353027953071012
673,Derrick Walton Jr.,-0.5213708039243689,-0.09600787072091614,-0.3184553280042943,-1.5013321010542073,-0.617378674645285,-1.8197874290585017
674,Mangok Mathiang,0.06099122309592655,0.1721934803863475,0.016870612248663236,0.20117454237130436,0.23318470348227405,0.2180451546199676
675,Milton Doyle,-0.655701056864512,0.4344794998095554,-0.25563603090570536,0.3082649512028687,-0.22122155705495655,0.05262892029716332
676,Antonius Cleveland,-0.2749411349664063,0.3942625276612748,-0.7029199494299371,0.4081422904646733,0.11932139269486847,-0.29477765896526376
677,Ben Moore,-0.2429876481157162,-0.2582074909331813,-0.17732789249515185,-0.5552332255088887,-0.5011951390488975,-0.7325611180040406
678,Nigel Hayes,0.22577578389042863,-0.047141252631888314,0.23215298176995292,-0.039583633958916925,0.1786345312585403,0.192569347811036
679,Jamel Artis,0.059969713234074934,0.2734061221803382,0.07737431652735995,0.2005376271636475,0.3333758354144132,0.27791194369100747
680,Xavier Rathan-Mayes,-0.877580808368318,-0.2025007983306622,-0.7762830890096382,-0.09322392751561637,-1.0800816066989802,-0.8695070165252545
681,London Perrantes,-0.10590569010056748,-0.26668139680191577,-0.27152114778072123,-0.3406160795186457,-0.37258708690248327,-0.6121372272993669
682,Andrew White III,0.1458515238030702,0.4258290508284761,-0.27042738712267717,-0.6060596389315983,0.5716805746315463,-0.8764870260542754
683,Naz Mitrou-Long,0.14060088189911216,0.1276169113501886,0.16281757388491655,0.12636706671337467,0.26821779324930073,0.2891846405982912
684,Jaylen Morris,-1.3542032153448724,0.5463180924320024,-1.1658647109022775,-0.1788047708183593,-0.8078851229128701,-1.3446694817206368
685,Erik McCree,0.21988043399170318,-0.11921052176575372,0.06630698647490756,-0.012357288348391969,0.10066991222594945,0.05394969812651559
686,Rodney Purvis,-0.2996334911948402,0.19415683419769844,-0.49672182273126575,-0.5379293023001699,-0.10547665699714173,-1.0346511250314356
