,playerId,playerName,Luck Adjusted ORAPM,Luck Adjusted DRAPM,ORAPM,DRAPM,Luck Adjusted RAPM,RAPM
0,1713.0,Vince Carter,-0.23777526834147325,0.555006957342813,0.35500839254274585,0.3720879848869062,0.3172316890013398,0.727096377429652
1,1717.0,Dirk Nowitzki,0.041143787820334725,-0.5796727244368157,0.9133871619165936,-1.3533768135601119,-0.538528936616481,-0.4399896516435182
2,1891.0,Jason Terry,0.16606795724631088,0.5484648874239562,0.7609894644690745,0.29838937237844876,0.714532844670267,1.0593788368475232
3,1938.0,Manu Ginobili,1.7678219143836436,-0.9839465096642686,1.7117037595589284,-1.4086722327263925,0.783875404719375,0.30303152683253587
4,2037.0,Jamal Crawford,-0.561540056547037,-2.9954877533890873,-0.18557198521713192,-3.8290378385799992,-3.557027809936124,-4.014609823797131
5,2199.0,Tyson Chandler,-0.7367626546835058,-0.030583499663455364,-0.9130152426362783,-0.09297482285030877,-0.7673461543469612,-1.005990065486587
6,2200.0,Pau Gasol,-1.1094335497429968,0.8991206171640044,-1.7618257619065287,1.299148211050205,-0.21031293257899242,-0.46267755085632367
7,2207.0,Joe Johnson,0.4842701573451531,-0.38703471278384866,-2.4011692479041997,-0.562095068888176,0.09723544456130445,-2.9632643167923756
8,2210.0,Richard Jefferson,-0.9109100422925192,0.19254410178340478,-0.7012409644344269,-0.4402986282845311,-0.7183659405091144,-1.141539592718958
9,2216.0,Zach Randolph,-0.8553085630154101,-1.2706409002057255,-0.3039003296579978,-2.5022254365562713,-2.1259494632211355,-2.806125766214269
10,2225.0,Tony Parker,-0.9101158064853104,-0.8545158839307602,-1.2441766661083078,-0.5280283333590573,-1.7646316904160706,-1.7722049994673652
11,2403.0,Nene,0.09872559716270964,1.791532253961606,1.0692597700875384,1.8009452113366657,1.8902578511243158,2.8702049814242043
12,2544.0,LeBron James,2.524148397622564,-0.9091791777247442,4.082721650099706,-1.6988578941013635,1.6149692198978198,2.3838637559983424
13,2546.0,Carmelo Anthony,2.1566309312309118,-0.9442010010644304,1.479174321278703,-0.6737388149908999,1.2124299301664814,0.805435506287803
14,2548.0,Dwyane Wade,0.4725074956187344,-0.35544791355950117,-0.9014853859232405,-0.18341535732828676,0.11705958205923322,-1.0849007432515272
15,2555.0,Nick Collison,-0.2778620183230706,0.2723564811089804,-0.27028409668082737,0.11580833930318134,-0.005505537214090195,-0.15447575737764602
16,2561.0,David West,-0.5323278679742718,0.7142396198690826,-2.032748414229312,1.9642282598973309,0.1819117518948108,-0.06852015433198111
17,2570.0,Kendrick Perkins,-0.006700185358696314,0.08324475524202704,0.19650251566980975,-0.0945378636101228,0.07654456988333072,0.10196465205968695
18,2585.0,Zaza Pachulia,0.21643252747549332,0.8391763998242985,1.3140526129974353,-0.019861655315051373,1.0556089272997917,1.2941909576823838
19,2594.0,Kyle Korver,2.43387679715007,1.3776803290372952,2.3147116855104795,1.5302049357561327,3.811557126187365,3.844916621266612
20,2617.0,Udonis Haslem,-0.35278754689713465,0.2919935645744787,-0.4186215085349548,0.42758853556175447,-0.060793982322655926,0.00896702702679969
21,2730.0,Dwight Howard,-0.15963750125862655,0.39287684974623754,0.035827594105015785,0.22546055160629805,0.233239348487611,0.2612881457113138
22,2731.0,Emeka Okafor,-0.44770815423281124,0.7068809271991252,-0.6749301936546729,0.4738813448591669,0.25917277296631397,-0.201048848795506
23,2733.0,Shaun Livingston,0.5678662482203054,0.7653366366127264,0.33291995586157724,0.9819197850943273,1.3332028848330317,1.3148397409559045
24,2734.0,Devin Harris,0.6488769862810095,0.8886755829436201,1.3666407738211406,0.2729495902348729,1.5375525692246297,1.6395903640560134
25,2736.0,Luol Deng,-0.1764292638913833,0.10750085787655,-0.15221490308541114,-0.040156527825696745,-0.0689284060148333,-0.19237143091110787
26,2738.0,Andre Iguodala,0.8339326068017396,0.7655740910408255,0.011301944063673495,2.127610066149209,1.5995066978425652,2.1389120102128825
27,2744.0,Al Jefferson,-0.3773209403782811,-0.6937714941174079,-0.12408635317961887,-0.434625723910511,-1.071092434495689,-0.5587120770901299
28,2747.0,JR Smith,0.92316443029627,-1.9027009714587777,0.8791814499560603,-2.6511789345235814,-0.9795365411625077,-1.771997484567521
29,2749.0,Jameer Nelson,-1.0162546309050613,-0.38093572957440563,-1.4157580083374,-1.3094975748372626,-1.3971903604794669,-2.7252555831746625
30,2754.0,Tony Allen,0.12732955297839205,-0.2056037554621954,-0.15301394981088237,0.49528702956520776,-0.07827420248380335,0.3422730797543254
31,2772.0,Trevor Ariza,0.19194497184724915,0.08799343280790506,0.10965474894962231,0.38260312822660764,0.2799384046551542,0.49225787717622993
32,2863.0,Damien Wilkins,0.09718880538267025,-0.5480453406833435,0.600524595454632,-0.08396822168381853,-0.45085653530067327,0.5165563737708134
33,101106.0,Andrew Bogut,-1.909915558342064,0.02031608694266739,-1.4742103535273077,0.8774548599320482,-1.8895994713993967,-0.5967554935952595
34,101107.0,Marvin Williams,0.17865153616950158,0.527880026086335,0.04519771125464118,0.44712048488310957,0.7065315622558366,0.49231819613775074
35,101108.0,Chris Paul,1.9004396022569598,0.7549603132649921,3.965451881666132,0.2863705879824943,2.655399915521952,4.251822469648626
36,101109.0,Raymond Felton,-0.7229771811593096,-0.1191803377813164,-1.1179008578564664,-0.036979202848433305,-0.8421575189406261,-1.1548800607048997
37,101112.0,Channing Frye,1.2297257233163348,0.15501942558170356,1.8193007722430332,0.22913077370015067,1.3847451488980385,2.048431545943184
38,101123.0,Gerald Green,0.22347175014600118,-0.45038235482162514,-1.0357516113355902,0.5439254592055471,-0.22691060467562396,-0.4918261521300431
39,101127.0,Jarrett Jack,0.43994816358016675,0.0618222348173982,1.089822960820895,0.6120709984923116,0.501770398397565,1.7018939593132065
40,101133.0,Ian Mahinmi,0.2481771572107083,0.5721770350279256,0.6259929712136586,0.8487618299178432,0.8203541922386339,1.474754801131502
41,101139.0,CJ Miles,0.8787228228322956,0.23071847194337627,-0.09080750930891827,0.3118189397844033,1.109441294775672,0.221011430475485
42,101141.0,Ersan Ilyasova,0.7710591249379254,0.6980911144913529,0.7326782161438395,0.7768159288434682,1.4691502394292781,1.5094941449873076
43,101150.0,Lou Williams,2.4590140976549764,-2.342154288709506,3.197359104411579,-2.0194095486838566,0.11685980894547043,1.1779495557277224
44,101161.0,Amir Johnson,-1.7425828563340675,1.1375036545745068,-1.4447719107504657,1.0831023400995587,-0.6050792017595608,-0.361669570650907
45,101162.0,Marcin Gortat,-0.6633633253507946,1.1844043295356863,-0.5776627258895208,0.8951521173787909,0.5210410041848917,0.31748939148927
46,101181.0,Jose Calderon,-0.8354865444248883,0.23169701663910935,0.4796950131361488,0.4182053510192906,-0.603789527785779,0.8979003641554395
47,200746.0,LaMarcus Aldridge,1.5442293129656888,2.2471132946401,1.6743705972383485,1.9149151191916696,3.791342607605789,3.589285716430018
48,200752.0,Rudy Gay,0.06839032225143381,-0.30770450679082867,0.18666351082832888,0.12017214621579661,-0.23931418453939485,0.3068356570441255
49,200755.0,JJ Redick,1.748152457710467,0.1293403184209056,1.4757371785206506,-0.4431356832082966,1.8774927761313727,1.032601495312354
50,200757.0,Thabo Sefolosha,-0.6360143386892214,0.9780049811235805,-0.11687537671778815,1.1621977180092211,0.34199064243435906,1.045322341291433
51,200765.0,Rajon Rondo,-0.8970540491825887,-0.7103723080298764,-0.8542840136529118,-1.296537917625351,-1.6074263572124652,-2.150821931278263
52,200768.0,Kyle Lowry,1.1397967577840007,1.5832013149408173,1.031051368588973,1.3278337236919218,2.7229980727248178,2.358885092280895
53,200782.0,PJ Tucker,1.8211489234225573,0.5993632247651951,2.0342222042328424,1.064407724058997,2.4205121481877523,3.0986299282918397
54,200794.0,Paul Millsap,0.03918625744284442,0.12854633234653548,0.1703414892146877,0.5164405338849204,0.1677325897893799,0.6867820230996081
55,200826.0,J.J. Barea,1.3599497739785904,-0.24361012356166978,1.5543690466810385,-0.49692622356014493,1.1163396504169207,1.0574428231208937
56,201142.0,Kevin Durant,3.2877530606907754,-1.283006670525047,3.2490259944574076,-1.61275604784219,2.0047463901657285,1.6362699466152175
57,201143.0,Al Horford,0.04696884870758027,1.2336901928532362,1.2783393639055751,1.274979772056345,1.2806590415608166,2.55331913596192
58,201144.0,Mike Conley,0.36834423298211977,0.34732477069205037,-0.015292191536407106,0.8848875552608261,0.7156690036741702,0.8695953637244189
59,201145.0,Jeff Green,0.9764613482264906,-0.8036400231657358,-0.13905503536526317,0.678256754253788,0.17282132506075476,0.5392017188885248
60,201147.0,Corey Brewer,-0.5573963252884444,-0.7852286634399387,-0.5039502733801536,-1.20222789626099,-1.342624988728383,-1.7061781696411438
61,201148.0,Brandan Wright,0.21213141086275067,0.5027786336651199,-0.21790674384143438,1.5703182413150278,0.7149100445278705,1.3524114974735935
62,201149.0,Joakim Noah,-0.5451712674211155,0.219686595265803,-0.5770418961312035,0.4774586860873656,-0.3254846721553125,-0.09958321004383791
63,201152.0,Thaddeus Young,0.0876406687176469,1.2276694237917691,1.0211180950783285,1.2765008314304134,1.315310092509416,2.2976189265087417
64,201156.0,Nick Young,-0.27457779715389025,-0.3355061493589973,0.15989804831973373,-0.5731760506467997,-0.6100839465128876,-0.4132780023270659
65,201158.0,Marco Belinelli,1.4391608807673668,-0.18973509524127752,0.4006163501071622,-0.9973617279476444,1.2494257855260893,-0.5967453778404823
66,201160.0,Jason Smith,-0.6500551788728506,0.17279328876257644,-1.4577148428659878,-1.0893941207882165,-0.47726189011027415,-2.547108963654204
67,201162.0,Jared Dudley,0.30507242549163716,0.4731134130879439,1.1577075297758765,0.44924373108803445,0.778185838579581,1.606951260863911
68,201163.0,Wilson Chandler,-0.3974178368414918,-0.5237101824531911,-0.2102720810939175,-0.193020948965512,-0.9211280192946829,-0.4032930300594295
69,201166.0,Aaron Brooks,-0.48468987458553536,-0.5678767935262221,-0.334240743437088,-1.322367770365206,-1.0525666681117576,-1.656608513802294
70,201167.0,Arron Afflalo,-0.9779696175202427,-0.1868964469714819,-0.41170798036230905,-0.6689404452654869,-1.1648660644917246,-1.080648425627796
71,201177.0,Josh McRoberts,-0.07834152272280202,0.14954595269577872,-0.027557461503182286,0.02447110222942896,0.0712044299729767,-0.003086359273753326
72,201188.0,Marc Gasol,-1.0158214073920981,0.9292765042369056,-0.9948702312168612,0.03538130458786569,-0.08654490315519259,-0.9594889266289955
73,201196.0,Ramon Sessions,-0.46928499069077095,-0.5973189043695178,-0.8142747964138544,-0.7564885623847956,-1.0666038950602887,-1.5707633587986498
74,201229.0,Anthony Tolliver,0.5309845502040568,1.0322051620073607,0.22125767794439538,-0.18254749591656247,1.5631897122114173,0.03871018202783291
75,201281.0,Andre Ingram,-0.1257830379139017,0.41885038192894414,0.20975790711717748,0.4588995977704369,0.2930673440150424,0.6686575048876143
76,201563.0,Michael Beasley,1.0551176120279215,-1.3485560572550055,0.7867742333785032,-0.7497843757344598,-0.29343844522708395,0.03698985764404339
77,201565.0,Derrick Rose,-0.3589849680837489,-0.7373993005429543,-0.3841882491912224,-0.7171899786558835,-1.0963842686267031,-1.101378227847106
78,201566.0,Russell Westbrook,1.9712514417154954,0.537396509999979,2.127066967026482,1.1966770365367625,2.5086479517154743,3.3237440035632444
79,201567.0,Kevin Love,1.1297528573188325,-0.12718781731744855,1.3688851599697758,-0.13432865675210115,1.002565040001384,1.2345565032176746
80,201568.0,Danilo Gallinari,0.14831840465368787,1.284156793751867,-0.565611973679318,1.46245546259245,1.4324751984055548,0.8968434889131319
81,201569.0,Eric Gordon,2.9529551536311156,-0.11995460453430327,3.9418799616088314,1.5855104409342937,2.833000549096812,5.527390402543125
82,201571.0,D.J. Augustin,-0.14296247576875973,-0.1440632520565487,-1.2934797856462004,1.058726248660077,-0.28702572782530844,-0.23475353698612333
83,201572.0,Brook Lopez,-0.4647451051913293,0.1285688229398806,0.14948535356193549,-0.985186720776789,-0.3361762822514487,-0.8357013672148536
84,201573.0,Jerryd Bayless,-1.4933920062328712,-1.8214065262613974,-1.3958983721972777,-1.4157558353770316,-3.314798532494269,-2.8116542075743096
85,201577.0,Robin Lopez,-0.5297459920952804,1.1488817572748256,-1.451114618967499,1.1732688676339322,0.6191357651795452,-0.2778457513335668
86,201578.0,Marreese Speights,1.0802293823847977,0.017618155306420902,1.4769609528779049,0.8170226500348085,1.0978475376912187,2.2939836029127134
87,201580.0,JaVale McGee,0.22351384115153264,-0.25636854197019177,0.39217963561265295,-0.511973185846707,-0.03285470081865913,-0.11979355023405408
88,201583.0,Ryan Anderson,0.8777526127261156,-0.8659917327967819,0.42574765947234,-1.3888040294706359,0.011760879929333723,-0.9630563699982959
89,201584.0,Courtney Lee,-0.5801243208531054,-1.1634641247265587,-0.7528050460123669,-1.9632224822460302,-1.7435884455796642,-2.716027528258397
90,201585.0,Kosta Koufos,-0.8192398440877957,0.3771950461380252,-2.188774052843814,-0.037177797923023344,-0.44204479794977053,-2.2259518507668377
91,201586.0,Serge Ibaka,1.9304556013703664,-0.19156852260990395,1.2598185554094763,0.5915103706058531,1.7388870787604624,1.8513289260153294
92,201587.0,Nicolas Batum,0.8497852434357953,-0.7176154781552383,0.3369543494865513,-1.1579824095520286,0.13216976528055702,-0.8210280600654773
93,201588.0,George Hill,0.7642832047023347,-0.45284289915213527,1.1168710906967556,-0.9337105537386758,0.3114403055501994,0.18316053695807977
94,201589.0,Darrell Arthur,-0.7348229069715301,-0.3636175906882213,-0.25699111013215764,-0.4079641418299839,-1.0984404976597513,-0.6649552519621416
95,201596.0,Mario Chalmers,-0.2229264131295631,1.558402679599117,-0.8776714607264515,1.4878639406705079,1.3354762664695539,0.6101924799440563
96,201599.0,DeAndre Jordan,-0.9982201832676179,-0.40528781152112126,-0.5779631585504565,-0.12093847683263859,-1.4035079947887392,-0.6989016353830951
97,201600.0,Omer Asik,-0.19652302632572108,-0.023128768406109248,-0.07384807542560548,-0.7158611641673295,-0.21965179473183033,-0.7897092395929349
98,201601.0,Luc Mbah a Moute,0.31847063323985236,1.2665948347672153,0.37362182310530284,1.7028249263426385,1.5850654680070677,2.0764467494479413
99,201609.0,Goran Dragic,1.047559651178298,-0.28645632781160363,0.6660114882904867,0.05938500738082598,0.7611033233666944,0.7253964956713127
100,201628.0,Bobby Brown,-1.508450080956997,-0.05017688828322758,-0.8688948485109645,-0.8987846428248153,-1.5586269692402246,-1.7676794913357798
101,201933.0,Blake Griffin,-0.7126357214670387,-0.7383964978025763,0.5592866505062435,0.26384709632150455,-1.451032219269615,0.823133746827748
102,201935.0,James Harden,3.4735053816646078,0.0497891420936694,3.355692807644121,-0.04806442068280597,3.523294523758277,3.307628386961315
103,201936.0,Tyreke Evans,1.2198819379878192,0.2516810729372952,2.1645459807263054,1.0521284360974998,1.4715630109251143,3.216674416823805
104,201937.0,Ricky Rubio,-0.31054305401002036,1.4179461082821054,-0.5317883789538489,1.6344148181499614,1.1074030542720852,1.1026264391961125
105,201939.0,Stephen Curry,4.3701573160708325,0.2110001237674554,5.59400288237106,0.10673114633361941,4.581157439838288,5.70073402870468
106,201942.0,DeMar DeRozan,2.9113109572341695,-0.3848081819668017,2.8258767218100656,-0.47230435710062935,2.526502775267368,2.353572364709436
107,201943.0,Brandon Jennings,-0.7403855899862832,-0.3392728061277903,-1.2481758293652285,-0.8596266290982165,-1.0796583961140735,-2.107802458463445
108,201949.0,James Johnson,0.1447910827064532,-1.1308320255802875,0.4989132244289622,-0.7138982423668898,-0.9860409428738344,-0.21498501793792762
109,201950.0,Jrue Holiday,1.1241831508404054,2.475351220811811,1.2916484792270408,3.277474158518195,3.5995343716522163,4.569122637745235
110,201952.0,Jeff Teague,0.6410684542625213,-0.721420178537734,0.6436848591633472,-0.709150310371235,-0.08035172427521264,-0.06546545120788783
111,201954.0,Darren Collison,0.4045085450427482,-0.5702738464529373,1.7942218420153682,-1.202368671970156,-0.16576530141018914,0.5918531700452121
112,201956.0,Omri Casspi,0.2755528927468013,0.4634811233643065,-0.04666450584813128,0.49872247145589393,0.7390340161111077,0.4520579656077627
113,201959.0,Taj Gibson,1.852147598482602,0.03790712272550614,1.4322108950374215,-0.09270784463500795,1.890054721208108,1.3395030504024135
114,201960.0,DeMarre Carroll,1.0207433259760865,0.7216413335971609,0.17582763657798867,1.157053453812689,1.7423846595732475,1.3328810903906778
115,201961.0,Wayne Ellington,0.5263041230788504,0.2778721508359035,0.5800282749526818,0.4962381565116949,0.804176273914754,1.0762664314643766
116,201967.0,Dante Cunningham,-0.45935550759144345,0.023144848030808275,-0.12949788516491018,0.22830391371564648,-0.43621065956063515,0.09880602855073631
117,201973.0,Jonas Jerebko,0.30407751325683036,-0.17118503635874444,0.4028467665017746,-0.26310487381810854,0.13289247689808592,0.13974189268366605
118,201975.0,Jodie Meeks,0.06601454481381365,-0.9886735901652621,-0.8157206334885566,-1.3205104152438756,-0.9226590453514485,-2.1362310487324323
119,201976.0,Patrick Beverley,1.0843060266023026,0.9187665107698205,0.6747967170529116,0.11245581565292828,2.003072537372123,0.7872525327058398
120,201980.0,Danny Green,1.3085693837034382,0.2273681470962975,-0.23122770191715702,0.7750235311650218,1.5359375307997358,0.5437958292478647
121,201988.0,Patty Mills,2.4535291456409443,-1.4568545556165748,1.9180620037885288,-1.5009267398423836,0.9966745900243694,0.4171352639461452
122,202066.0,Garrett Temple,-0.8427348465235948,0.38152976691897006,-1.8031441476654277,0.39175658868167484,-0.4612050796046247,-1.411387558983753
123,202083.0,Wesley Matthews,-0.1975074817619885,-1.5485346621544094,-0.7254644825319789,-2.0650540197703298,-1.746042143916398,-2.7905185023023087
124,202322.0,John Wall,0.7633405037381554,0.3884618756600401,0.9487861882593844,0.35505166517015985,1.1518023793981955,1.3038378534295443
125,202323.0,Evan Turner,-1.3759423566191034,-0.9455605906573135,-2.373843934135206,-0.27761477121563244,-2.321502947276417,-2.6514587053508385
126,202324.0,Derrick Favors,0.016390786816171305,0.716439935215734,-0.07121307719846794,0.0994545319100806,0.7328307220319054,0.02824145471161267
127,202325.0,Wesley Johnson,-1.205708134269642,0.5920718417773582,-1.143009917746716,0.5141510170677027,-0.6136362924922839,-0.6288589006790132
128,202326.0,DeMarcus Cousins,1.059720343611814,-0.00978884663435841,0.5064648715021663,-0.6161187631881316,1.0499314969774558,-0.10965389168596529
129,202327.0,Ekpe Udoh,-0.98817340239961,0.8096201428796851,0.19444013303909544,1.0708387487302136,-0.17855325951992496,1.265278881769309
130,202328.0,Greg Monroe,-0.5194005542420584,-1.5443751563706865,-0.9583069425563099,-1.6788689613133951,-2.063775710612745,-2.637175903869705
131,202329.0,Al-Farouq Aminu,1.4582580965009624,1.12363426924584,1.8994272841697064,0.8456823399457427,2.5818923657468025,2.7451096241154493
132,202330.0,Gordon Hayward,0.0885495857102756,0.049692483247479706,-0.027486020709187618,0.08652807790239249,0.13824206895775532,0.05904205719320487
133,202331.0,Paul George,0.7901558052702682,0.49719998137709476,0.25767276430634606,-0.1411335913128306,1.287355786647363,0.11653917299351546
134,202332.0,Cole Aldrich,0.14157107213201733,-0.062189861952296345,0.2891855984990957,-0.2554049358939496,0.079381210179721,0.03378066260514612
135,202334.0,Ed Davis,-0.6135237571685714,0.31960738708575526,0.3812807885344213,0.8641778375961964,-0.2939163700828162,1.2454586261306178
136,202335.0,Patrick Patterson,-0.6013153639427518,-0.37833984234466367,-1.2150979381677582,-0.16498440275313384,-0.9796552062874154,-1.380082340920892
137,202337.0,Luke Babbitt,0.33689326151080157,-0.1990332830674734,0.805872709661292,-1.0890286050493851,0.13785997844332817,-0.28315589538809316
138,202339.0,Eric Bledsoe,1.612614330742978,0.3474026899055661,1.4927825734121247,-0.3570091094792704,1.9600170206485443,1.1357734639328543
139,202340.0,Avery Bradley,-1.33146076213998,1.1538933574169632,-0.9319096168876292,0.7284005525301955,-0.1775674047230169,-0.20350906435743366
140,202344.0,Trevor Booker,0.020514589310050842,-0.540822602783759,0.6137910625834591,-0.18055723030579188,-0.5203080134737083,0.4332338322776672
141,202347.0,Quincy Pondexter,-1.4434351310389582,-0.31061714573417715,-1.664438409699074,-0.3920241389578706,-1.7540522767731352,-2.0564625486569446
142,202348.0,Jordan Crawford,-0.10783221470450895,-0.8176085768974217,0.3660959916670374,-0.896866805005199,-0.9254407916019307,-0.5307708133381617
143,202355.0,Hassan Whiteside,-1.1836339143190366,0.8752542509764382,-1.9538255148030932,1.0084339089224812,-0.3083796633425985,-0.945391605880612
144,202357.0,Nemanja Bjelica,0.3748849182006503,-0.9430839186684684,0.042002254620676846,0.9252960335823213,-0.5681990004678181,0.9672982882029981
145,202362.0,Lance Stephenson,0.7659141350245072,-2.0792552045659014,0.5520074452817373,-2.2459690549758857,-1.3133410695413943,-1.6939616096941483
146,202379.0,Jeremy Evans,0.11342080018406415,-0.00047127524015194494,-0.02397360518107265,-0.1287153858911405,0.11294952494391221,-0.15268899107221315
147,202389.0,Timofey Mozgov,-1.809156175666931,0.2623010772639804,-2.3037100903178827,0.17968337985251503,-1.5468550984029505,-2.1240267104653676
148,202391.0,Jeremy Lin,-0.12426238439393447,-0.42031544737149507,0.13522948467196233,-0.21426948850346114,-0.5445778317654295,-0.07904000383149881
149,202397.0,Ish Smith,0.6983886350689614,0.15652963436637857,0.7452068491882166,0.6417808961485328,0.85491826943534,1.3869877453367494
150,202498.0,Lance Thomas,-0.7432373113771888,-0.0842863412204291,-1.56792409638616,-0.22022265072071165,-0.827523652597618,-1.7881467471068717
151,202681.0,Kyrie Irving,1.8539614204291266,-1.3188599943895096,1.6903441185603916,-0.9650979934408193,0.535101426039617,0.7252461251195723
152,202682.0,Derrick Williams,-0.15436607743605993,0.3164924068873023,-0.4421750451509269,0.3203439981374336,0.16212632945124236,-0.12183104701349334
153,202683.0,Enes Kanter,0.5786106803105502,-1.0328907462501469,0.42740302144743136,-1.3954970718230681,-0.4542800659395967,-0.9680940503756368
154,202684.0,Tristan Thompson,-0.5006229208806522,-1.2986334145409073,-0.7529350323444242,-1.786831410831432,-1.7992563354215596,-2.539766443175856
155,202685.0,Jonas Valanciunas,0.25635783910793203,-0.5400153885692761,0.8835134475357701,-1.0058208678699387,-0.2836575494613441,-0.12230742033416864
156,202687.0,Bismack Biyombo,-3.0827619102925103,-0.6467949771885602,-3.4866877809392,-1.4200816142128148,-3.7295568874810705,-4.906769395152015
157,202689.0,Kemba Walker,1.98461634019247,1.2384697583072233,2.664233176865044,0.9349159677873207,3.223086098499693,3.5991491446523645
158,202691.0,Klay Thompson,1.241367839249339,0.5899177221876303,1.2244417654775712,1.3329554603895646,1.8312855614369692,2.5573972258671356
159,202692.0,Alec Burks,-0.8625968530335771,-0.47103454195316385,0.17875005916697326,-1.2556120498240704,-1.333631394986741,-1.076861990657097
160,202693.0,Markieff Morris,-0.5661279980830808,-1.2982925585748526,-0.6565373819970526,-1.038117373148544,-1.8644205566579335,-1.6946547551455966
161,202694.0,Marcus Morris,-0.8442657544391635,-1.0132696901353078,-0.4923494306519076,-0.7517945024604678,-1.8575354445744714,-1.2441439331123754
162,202695.0,Kawhi Leonard,-0.6211859544193614,0.7882759367520943,-0.8086670086100167,1.2496409975463993,0.16708998233273287,0.4409739889363826
163,202696.0,Nikola Vucevic,-0.6462261064316575,1.1692968943496742,0.06643562640478402,0.8770599079948239,0.5230707879180168,0.943495534399608
164,202697.0,Iman Shumpert,-0.5161992150368346,0.3210451480979282,-0.19287285176261476,0.7212939513226466,-0.1951540669389064,0.5284210995600318
165,202699.0,Tobias Harris,0.36505506038250335,-0.6470115667143264,1.2699208354018525,-1.4493719659829325,-0.281956506331823,-0.17945113058107998
166,202702.0,Kenneth Faried,-0.10719310021898817,-0.8710842372195494,-0.8085092604796902,-0.5209019241944571,-0.9782773374385376,-1.3294111846741474
167,202703.0,Nikola Mirotic,1.9121102476461358,0.14711476248834462,2.0404235798151933,0.3521167191459512,2.0592250101344804,2.3925402989611446
168,202704.0,Reggie Jackson,0.004733426182467642,0.10244487890774838,0.7768347040432914,0.3500050909086622,0.10717830509021602,1.1268397949519535
169,202705.0,MarShon Brooks,0.8720491614086933,-0.48878501605046587,1.3919015588541856,-0.851718205909653,0.3832641453582274,0.5401833529445327
170,202709.0,Cory Joseph,0.05890757784234362,-0.8881177308905023,-0.6186093431419727,-0.24785951858804284,-0.8292101530481587,-0.8664688617300156
171,202710.0,Jimmy Butler,2.017145261737875,1.4762283718710238,1.7905772285214772,2.3543267409731787,3.4933736336088987,4.144903969494656
172,202711.0,Bojan Bogdanovic,-0.4823094176573174,-0.2548436107642323,-0.9710851238121356,0.4256714739002756,-0.7371530284215497,-0.54541364991186
173,202713.0,Kyle Singler,-0.16377146133897227,0.20453028333138495,-0.47627456483419767,0.4364141233946168,0.04075882199241268,-0.03986044143958084
174,202714.0,Shelvin Mack,-0.6335195683256968,0.33560438388166836,-0.017353359968501122,0.2955987108067111,-0.2979151844440284,0.27824535083820995
175,202718.0,Chandler Parsons,-0.22237865033209492,-0.7289248884796362,0.5604180263921764,-1.711417931315605,-0.9513035388117311,-1.1509999049234287
176,202720.0,Jon Leuer,0.0034931585442613783,0.34681117367322756,-0.3751695600876323,0.775010017075022,0.3503043322174889,0.39984045698738974
177,202722.0,Davis Bertans,-0.046169865561922464,1.1487924762742214,-0.26002447465475365,1.0753608042451959,1.102622610712299,0.8153363295904422
178,202732.0,DeAndre Liggins,-1.0534797967899228,0.1484717395259092,-2.5111690540856797,-0.9222659569990483,-0.9050080572640136,-3.433435011084728
179,202734.0,ETwaun Moore,0.4269723241695919,0.8788247391825802,0.5628872953763084,-0.21482001473425164,1.305797063352172,0.34806728064205683
180,202738.0,Isaiah Thomas,1.0517112541883236,-2.0658612648030057,0.20945205013160179,-2.01507560164584,-1.0141500106146821,-1.8056235515142385
181,202779.0,Dwight Buycks,-0.9253173121444218,0.747226425623823,-0.626174621012347,0.6237187292567965,-0.1780908865205988,-0.002455891755550499
182,202918.0,Xavier Silas,0.05992846705808146,0.036149517536512424,0.11152263041779345,0.007291701585767096,0.09607798459459388,0.11881433200356055
183,202933.0,Julyan Stone,0.11969067246243145,0.3592783091823805,0.40400020412003634,0.6202684146052866,0.47896898164481194,1.024268618725323
184,203076.0,Anthony Davis,1.123064638960773,0.7480105402709163,1.2098050092333106,1.8079237811229427,1.8710751792316893,3.0177287903562533
185,203077.0,Michael Kidd-Gilchrist,-0.5370032016508076,0.8510243814830767,-0.1561170195368096,0.6780650942794763,0.31402117983226907,0.5219480747426667
186,203078.0,Bradley Beal,0.3236579487523438,0.3539070966875322,0.5286180292267639,1.0103574079717164,0.6775650454398761,1.5389754371984803
187,203079.0,Dion Waiters,-1.4953561642366129,0.5549092614009627,-1.9658354791062989,-0.10153405590088438,-0.9404469028356501,-2.0673695350071832
188,203081.0,Damian Lillard,1.8930969504728195,0.5581393156969728,2.9335174952551775,1.2575654775015959,2.451236266169792,4.1910829727567736
189,203082.0,Terrence Ross,-0.834940559152579,0.3598853679430208,-0.4484571645033932,0.20944330032593755,-0.47505519120955825,-0.23901386417745563
190,203083.0,Andre Drummond,-0.6148976537828499,-0.47513923468642244,0.18751962093336383,-0.46314066199469617,-1.0900368884692724,-0.27562104106133234
191,203084.0,Harrison Barnes,-0.7786732490817002,-0.49164503093385403,-0.8747355980290664,-0.24775006480107792,-1.2703182800155544,-1.1224856628301443
192,203085.0,Austin Rivers,0.6244666380001604,-1.2341699677454876,1.3147334216143964,-1.404227420033414,-0.6097033297453271,-0.0894939984190175
193,203086.0,Meyers Leonard,-0.3824118180658128,-0.506436125112973,-0.23533069093146788,-1.3360535834797103,-0.8888479431787858,-1.5713842744111781
194,203087.0,Jeremy Lamb,0.17073426719098067,-0.047103223691585934,1.6397472198605505,-0.10584316426618438,0.12363104349939474,1.5339040555943662
195,203089.0,John Henson,0.10108227106324408,0.01697110646380824,1.0391074344836848,0.8472254238413508,0.11805337752705232,1.8863328583250356
196,203090.0,Maurice Harkless,-1.7330018301987546,0.31352051595140545,-1.6043348466788223,-0.7268926244988485,-1.4194813142473492,-2.331227471177671
197,203092.0,Tyler Zeller,0.3044934172684001,0.49095582556129924,0.1712155480620977,0.45948210830600356,0.7954492428296993,0.6306976563681013
198,203095.0,Evan Fournier,0.9145758026652515,-0.9044612175399924,1.8035703005623274,-0.40719077415508154,0.01011458512525909,1.3963795264072458
199,203101.0,Miles Plumlee,-1.559950027779319,0.8678852538888863,-1.7472968619776414,-0.1888874893937021,-0.6920647738904327,-1.9361843513713435
200,203104.0,Marquis Teague,-0.17417934655606757,-0.22755260934128554,-0.09789723000280551,-0.3449361316392658,-0.4017319558973531,-0.4428333616420713
201,203107.0,Tomas Satoransky,1.3850914546263546,-0.5433543013504647,0.8820513860228337,0.7018449737796435,0.8417371532758899,1.5838963598024773
202,203109.0,Jae Crowder,0.7591611465388786,0.278068140920849,-0.9428953949146923,-0.3689279496802799,1.0372292874597275,-1.3118233445949723
203,203110.0,Draymond Green,1.1007671672090917,1.6734975395170604,0.9837401646910999,1.0984176689652556,2.774264706726152,2.0821578336563555
204,203112.0,Quincy Acy,0.002270173332627988,1.2418345933686692,0.7050039697029445,0.0321074192609721,1.2441047667012972,0.7371113889639167
205,203114.0,Khris Middleton,1.983095845394294,0.3356910350205373,1.579113124750094,-0.7621646768953484,2.318786880414831,0.8169484478547456
206,203115.0,Will Barton,0.48756019238374504,-1.3850533329804537,0.5294502172077327,-0.3635297647664965,-0.8974931405967087,0.16592045244123615
207,203118.0,Mike Scott,0.2938924294631945,-0.6936844932896185,0.15035626128319243,-1.0255769384652778,-0.39979206382642396,-0.8752206771820853
208,203121.0,Darius Miller,1.2571307272224739,-2.174171935514363,1.2708120000298053,-1.2083747297106415,-0.9170412082918893,0.062437270319163796
209,203124.0,Kyle OQuinn,0.5080595699022888,-0.2759379736375759,0.8555105095576512,-0.8701870843097977,0.23212159626471296,-0.014676574752146565
210,203141.0,Mirza Teletovic,-0.6462824094196395,0.0035117917837970726,-0.4210367089286016,-0.31573633885138985,-0.6427706176358424,-0.7367730477799914
211,203145.0,Kent Bazemore,-1.0253351285097723,0.4218398305788329,-0.30531468983263044,1.0924629924157396,-0.6034952979309394,0.7871483025831092
212,203186.0,Willie Reed,-0.2188841218202367,-0.32881825683243343,0.1455292809217196,-0.20022427042444388,-0.5477023786526701,-0.05469498950272428
213,203200.0,Justin Holiday,0.052082379250775974,1.5767846384153568,1.1486134837723676,0.998551521480146,1.6288670176661328,2.1471650052525137
214,203210.0,JaMychal Green,-0.6298638112241108,-1.2131555284958089,-0.36812223607348454,-1.016930288457634,-1.8430193397199197,-1.3850525245311185
215,203382.0,Aron Baynes,-2.0698132859180047,1.7906371743599483,-1.6992226677690336,3.1340097661998194,-0.27917611155805644,1.4347870984307858
216,203457.0,Nerlens Noel,-1.9132270558947,0.5570276113600082,-2.1406976642811797,0.4049086651591876,-1.3561994445346919,-1.7357889991219921
217,203458.0,Alex Len,-0.3275993627547209,0.1430407065188543,-0.8866567374078084,-0.7142182436181694,-0.1845586562358666,-1.600874981025978
218,203459.0,Allen Crabbe,0.5175653795538702,-1.1072948681095864,0.647546206665918,-0.11345472425105549,-0.5897294885557163,0.5340914824148625
219,203460.0,Andre Roberson,0.37268300375783076,2.3232276907207647,-0.7571798012038613,3.6369544794622453,2.6959106944785955,2.879774678258384
220,203463.0,Ben McLemore,-2.5768665310221057,-0.2882486336763689,-2.5622274986709628,-1.0608935569519575,-2.8651151646984747,-3.6231210556229203
221,203464.0,Brandon Paul,-0.8492545363996052,0.25161623316266774,-1.3586295043325807,1.093455614285792,-0.5976383032369375,-0.2651738900467886
222,203468.0,CJ McCollum,0.6638617726527465,0.059370215501833225,0.30895654522389393,-0.30257449074511905,0.7232319881545797,0.006382054478774879
223,203469.0,Cody Zeller,0.2640488293664556,0.520581256268808,0.13937525977228626,0.6850927214478996,0.7846300856352636,0.8244679812201858
224,203471.0,Dennis Schroder,0.3156390896375427,-0.8930789833717024,0.035283899244061334,-1.59611813235431,-0.5774398937341597,-1.5608342331102487
225,203473.0,Dewayne Dedmon,-1.1994267036619162,-0.06776373251440902,-0.4440995875578986,0.5829836400061758,-1.267190436176325,0.13888405244827717
226,203476.0,Gorgui Dieng,-0.7393308211365375,-0.8109278699108468,-1.448846101391256,-1.8411328153645317,-1.5502586910473841,-3.2899789167557874
227,203477.0,Isaiah Canaan,0.46106847107371757,0.05082636955744654,1.1007980077226338,0.4287660290152328,0.5118948406311641,1.5295640367378667
228,203482.0,Kelly Olynyk,1.6513982662093578,0.29834055759854605,3.018535543427453,0.06620446603609509,1.9497388238079039,3.0847400094635478
229,203484.0,Kentavious Caldwell-Pope,0.9856569033258803,-0.7620690872708213,0.6832041514008418,0.04794550201927388,0.22358781605505895,0.7311496534201156
230,203485.0,Lorenzo Brown,0.04293617636597124,0.7500170509041311,0.005758970972973627,1.0198844104704987,0.7929532272701023,1.0256433814434724
231,203486.0,Mason Plumlee,-1.1643491468977358,0.4744282167367071,-0.7053540480084012,-0.5959057168153797,-0.6899209301610287,-1.301259764823781
232,203487.0,Michael Carter-Williams,-0.6797671186576046,0.2634505225137829,-0.4620452773603473,0.16762349688929312,-0.4163165961438217,-0.29442178047105416
233,203488.0,Mike Muscala,-0.10510757098389853,0.2932954672267712,0.1902293138165324,0.15757678299350683,0.18818789624287266,0.34780609681003927
234,203489.0,Nate Wolters,0.0488988946103139,-0.06746670808711025,0.04921922292391362,-0.07348748282281953,-0.018567813476796348,-0.02426825989890591
235,203490.0,Otto Porter Jr.,2.131638016004847,0.894386737701686,2.9802577702813586,1.7118597585744495,3.026024753706533,4.692117528855809
236,203493.0,Reggie Bullock,-0.5538766757841541,0.2677760045520953,-0.10494522296444118,0.28338626386103366,-0.2861006712320588,0.17844104089659246
237,203496.0,Robert Covington,0.8640780866813251,2.5387120166086765,1.3644080990825502,3.6828795989414336,3.402790103290002,5.047287698023984
238,203497.0,Rudy Gobert,-0.2866065264316039,2.9168094121365256,0.11492484291076643,3.0313501267133094,2.6302028857049216,3.1462749696240757
239,203498.0,Shabazz Muhammad,-0.3852176157840725,-1.366386290571128,-0.8734978826333312,-1.9054467114210623,-1.7516039063552005,-2.7789445940543933
240,203499.0,Shane Larkin,-1.7746314239678016,0.5166974024792018,-1.5678641728634044,1.629912998420369,-1.2579340214886,0.06204882555696467
241,203500.0,Steven Adams,1.6282040483850837,0.2919810529971355,1.7415534948596743,0.7413319440494343,1.920185101382219,2.4828854389091086
242,203501.0,Tim Hardaway Jr.,1.8226739361823248,0.3582094982926682,1.1670308111533383,0.3668654653626692,2.180883434474993,1.5338962765160074
243,203503.0,Tony Snell,0.3410848925199418,-1.5011326490022303,0.35532790371914197,-2.227409331020942,-1.1600477564822884,-1.8720814273018
244,203504.0,Trey Burke,1.4488169656282093,-1.939677211741857,1.7479771855572988,-2.584759801968392,-0.49086024611364776,-0.8367826164110934
245,203505.0,Vander Blue,-0.01979892295794815,0.4815276648727271,-0.031088557366646986,0.4575353871967874,0.4617287419147789,0.4264468298301404
246,203506.0,Victor Oladipo,1.5897442833559166,2.350597581779987,1.6246886646627396,2.5668406165275135,3.9403418651359035,4.191529281190253
247,203507.0,Giannis Antetokounmpo,0.698159060726637,2.379067400965736,1.1735077232909688,2.607505781501891,3.0772264616923732,3.7810135047928597
248,203512.0,Lucas Nogueira,-0.027125159785376524,1.1937839066633562,-0.1061713924813726,1.2868382028281637,1.1666587468779797,1.1806668103467912
249,203516.0,James Ennis III,-0.4329108716449667,-0.7417324038986174,-0.8682282353960321,-0.14061959110611397,-1.174643275543584,-1.008847826502146
250,203518.0,Alex Abrines,0.0002760652100238669,-0.5491696324168486,0.19734706855010423,-0.4761711154105405,-0.5488935672068247,-0.27882404686043627
251,203521.0,Matthew Dellavedova,-0.7409874707289172,-0.7467101894616995,-0.2546620647142581,-0.7583833987253936,-1.4876976601906167,-1.0130454634396517
252,203524.0,Solomon Hill,0.019015315631933084,-0.027600210949421878,-0.6893506625437879,-0.3426976942112802,-0.008584895317488794,-1.032048356755068
253,203526.0,Raul Neto,-0.017976614152350683,0.7600037932703508,0.3629789090720014,1.4948193159897651,0.7420271791180002,1.8577982250617666
254,203530.0,Joffrey Lauvergne,-0.3540411094340436,-0.6510816954840404,-0.8441380515367364,-0.7476495322281252,-1.005122804918084,-1.5917875837648616
255,203546.0,Ian Clark,0.6112288946811383,-0.4863423007009364,0.33910462264528646,-0.15479953005535593,0.12488659398020185,0.18430509258993052
256,203580.0,Larry Drew II,-0.1294273663452762,0.01807033819325464,-0.02138834515860602,-0.3393099949203211,-0.11135702815202157,-0.3606983400789271
257,203584.0,Troy Daniels,0.24375394396788233,-2.0907303071620627,-0.3431877977485505,-2.7179653152283354,-1.8469763631941802,-3.061153112976886
258,203585.0,Rodney McGruder,1.0015598390022913,0.99316272467932,1.0443189981810777,-0.7611582210209905,1.9947225636816113,0.28316077716008714
259,203613.0,Jonathon Simmons,-0.47406250534126604,-1.489591407478967,0.20890721101778947,-1.6700825851158418,-1.963653912820233,-1.4611753740980524
260,203687.0,Reggie Hearn,0.03180734894627245,-0.07356134672350613,-0.05818608289073966,-0.05551946042420227,-0.04175399777723368,-0.11370554331494193
261,203705.0,Josh Magette,0.509138515959745,-0.0510458018430246,0.32473157056521734,0.10960779964468445,0.4580927141167204,0.43433937020990177
262,203710.0,C.J. Williams,0.23996705193159296,0.3723599962069635,-0.014925816325607131,-0.11500987857501906,0.6123270481385564,-0.12993569490062618
263,203816.0,Scotty Hopson,-0.20225899903524344,-0.11237584796727232,-0.14039073148145068,-0.15757626198787328,-0.31463484700251576,-0.297966993469324
264,203894.0,Shabazz Napier,0.15946746058165523,0.41430615624122513,0.019599517659264994,0.1866575837602989,0.5737736168228804,0.20625710141956388
265,203897.0,Zach LaVine,0.22173483893431492,-1.5313638978850999,-0.2810926230702236,-2.047938331886197,-1.3096290589507849,-2.3290309549564205
266,203898.0,Tyler Ennis,-1.2806090098751817,0.5262269163893379,-0.9241929052236186,1.5355926977696874,-0.7543820934858437,0.6113997925460688
267,203900.0,Markel Brown,0.00505592095609077,-0.20344664527553524,-0.20793864670767181,-0.3262657386393912,-0.19839072431944446,-0.534204385347063
268,203901.0,Elfrid Payton,0.7034095728607441,-1.2485823843418984,-0.163312626423827,-2.738035471820272,-0.5451728114811543,-2.901348098244099
269,203903.0,Jordan Clarkson,-0.0181738903927741,0.14326792507922198,-0.9042375564713868,0.4024819112905101,0.1250940346864479,-0.5017556451808767
270,203914.0,Gary Harris,0.7616800061628689,-0.8480438982957199,0.5025613634122119,0.5828427385721022,-0.086363892132851,1.0854041019843141
271,203915.0,Spencer Dinwiddie,0.7699858437766681,-0.06664752602276708,0.9742560958410743,-0.14489933145654912,0.703338317753901,0.8293567643845252
272,203917.0,Nik Stauskas,-0.8680444031813198,-0.48682499996305656,-0.7928173079406712,0.15795087189171872,-1.3548694031443764,-0.6348664360489524
273,203918.0,Rodney Hood,-0.2696453125821152,-0.7202001159254358,-0.053138842548541,-1.6936836082592084,-0.989845428507551,-1.7468224508077494
274,203920.0,Khem Birch,0.6542926125774081,0.006800762187410829,0.29472493863103877,0.3529323779331534,0.661093374764819,0.6476573165641921
275,203922.0,Glenn Robinson III,0.12269550504885449,0.5404445286036741,-0.1684148923343789,0.43190342952354005,0.6631400336525286,0.26348853718916115
276,203923.0,James Young,-0.19302566976924518,-0.16855725941378055,-0.3416116887889052,-0.6141021663213213,-0.3615829291830257,-0.9557138551102264
277,203924.0,Jerami Grant,-0.5605097112347605,0.4639933335061001,0.08325724263261425,-0.2336293116119038,-0.09651637772866034,-0.15037206897928956
278,203925.0,Joe Harris,0.20882509217142628,-0.43481201946480097,0.5269662464244779,-0.512497980403942,-0.2259869272933747,0.014468266020535858
279,203926.0,Doug McDermott,-0.303283880438313,0.28617493464296745,-0.4679960908004454,0.32353934246251403,-0.017108945795345554,-0.14445674833793137
280,203930.0,Sean Kilpatrick,-0.38140834902484644,-0.9120011767961693,-0.7897728133354905,-1.1977223438178237,-1.2934095258210156,-1.9874951571533144
281,203932.0,Aaron Gordon,0.3230278079358239,0.02913640998264334,0.24470677021244824,1.1339054902992893,0.35216421791846725,1.3786122605117375
282,203933.0,TJ Warren,0.13822973140048084,-0.9775042941635752,-0.11767932673647123,-0.667894998000312,-0.8392745627630944,-0.7855743247367832
283,203935.0,Marcus Smart,1.0038772837980168,1.2669829033914461,0.23304157735951034,1.8084976984579924,2.270860187189463,2.041539275817503
284,203937.0,Kyle Anderson,-0.13144625782954222,0.7821701178858568,-0.24130198721332277,1.49859505033853,0.6507238600563146,1.257293063125207
285,203939.0,Dwight Powell,0.6518398129717602,0.8225402731131141,0.39779858208298124,0.9491055394601267,1.4743800860848744,1.346904121543108
286,203940.0,Adreian Payne,0.050373509801891,-0.3650271737393087,-0.1725626233368369,-0.6261575337286454,-0.3146536639374177,-0.7987201570654823
287,203943.0,Noah Vonleh,-1.3521214282226506,0.4962307422720291,-1.3711335855206226,0.9573545479370178,-0.8558906859506215,-0.4137790375836048
288,203944.0,Julius Randle,0.6668605487904441,-0.45026555920744293,1.0410554386753985,-0.398123155898894,0.21659498958300116,0.6429322827765045
289,203948.0,Johnny OBryant III,-1.2105246631232431,-0.07215773515138281,-2.0984932462833474,0.47856432571937313,-1.282682398274626,-1.6199289205639742
290,203949.0,James Michael McAdoo,-0.21451453590236338,0.03927350023542004,-0.0029462528413792435,0.08489165028108658,-0.17524103566694335,0.08194539743970734
291,203952.0,Andrew Wiggins,0.8812413379802322,-0.2743141731270012,0.8843172825429713,-0.5757613522004036,0.6069271648532311,0.3085559303425677
292,203953.0,Jabari Parker,-0.70816187682279,-0.6301463589674722,-0.6274696243720632,-1.4090404268411127,-1.338308235790262,-2.0365100512131757
293,203954.0,Joel Embiid,1.7308239881669978,0.9353460188199739,2.4242856194599045,2.1860875300295013,2.6661700069869716,4.610373149489406
294,203957.0,Dante Exum,0.3766151858665405,1.0513600470264848,0.38414021959505973,0.26399691990166313,1.4279752328930253,0.6481371394967228
295,203960.0,JaKarr Sampson,-0.49359797585620546,0.3410007031381114,-0.9238796786637153,1.580977980760113,-0.15259727271809403,0.6570983020963976
296,203961.0,Eric Moreland,-0.8261517312540423,1.4818642934934054,-1.615160531636087,0.9660722792089754,0.6557125622393631,-0.6490882524271117
297,203962.0,Josh Huestis,0.37303456503710214,0.9410743827284316,1.2474808515643592,0.6024025995873947,1.3141089477655337,1.849883451151754
298,203966.0,Jamil Wilson,-0.12638908268418556,0.6271320080499783,-0.18190628934670272,0.7385268004945529,0.5007429253657927,0.5566205111478502
299,203967.0,Dario Saric,1.1558051807027006,0.9697548531376242,0.7179174856982943,0.6804024774541696,2.125560033840325,1.3983199631524639
300,203991.0,Clint Capela,1.0253105928347808,0.42209211659993956,0.6327160998317561,0.8061146066785251,1.4474027094347204,1.4388307065102812
301,203992.0,Bogdan Bogdanovic,-0.4724215573189326,-0.9401114614482745,-0.701077730211672,-1.7315381718236784,-1.4125330187672072,-2.4326159020353506
302,203994.0,Jusuf Nurkic,-0.4619584384040281,1.7944132833819,-1.3447980739558467,2.1408985650485053,1.332454844977872,0.7961004910926586
303,203998.0,Bruno Caboclo,0.004536109236699979,0.5397042272879172,-0.2832205049794896,0.6472409447902887,0.5442403365246172,0.3640204398107991
304,203999.0,Nikola Jokic,3.055644651555511,1.0104159973897138,3.1154151605440297,0.6347966501528388,4.066060648945225,3.7502118106968685
305,204001.0,Kristaps Porzingis,0.3219044879108992,1.008030243405422,0.2980513124537972,2.0897714909853065,1.3299347313163212,2.3878228034391036
306,204020.0,Tyler Johnson,-0.3376950037029673,0.6899920757354573,-0.39678788257427483,0.5966880400881194,0.35229707203249,0.19990015751384455
307,204022.0,Jack Cooley,-0.34786284089059166,-0.3493469117951008,-0.4374725134159332,0.3046317805073711,-0.6972097526856924,-0.13284073290856208
308,204025.0,Tim Frazier,0.1632906949291201,0.28734341892419524,-0.08652690965015292,-0.48869405728213694,0.4506341138533153,-0.5752209669322899
309,204028.0,Tarik Black,-1.5616939947837818,-0.596225838415726,-2.344888178571725,-0.19236141225716036,-2.1579198331995078,-2.5372495908288855
310,204037.0,Travis Wear,-0.025804358720505485,0.1327627386830404,0.2634033781714713,0.3183750280949851,0.1069583799625349,0.5817784062664564
311,204038.0,Langston Galloway,-0.5942492889553782,1.2683831942998793,-0.8268375823365199,1.8995173951940745,0.6741339053445011,1.0726798128575545
312,204060.0,Joe Ingles,0.7955128378995169,1.0157706231142978,0.7377842782218967,0.8609114893190167,1.8112834610138147,1.5986957675409135
313,204065.0,David Stockton,-0.007634253926329133,-0.14136671606041012,-0.08750654112916792,-0.20423602069252791,-0.14900096998673926,-0.29174256182169583
314,204066.0,John Holland,-0.6520129584511354,-0.4358991304417635,-0.4203626697140101,-0.8271145904865721,-1.0879120888928988,-1.2474772602005821
315,204067.0,Jarell Eddie,0.11019484581296861,0.16481693880859424,-0.04854569886983048,-0.00806909132033008,0.27501178462156284,-0.05661479019016056
316,204098.0,Xavier Munford,-0.2175141173757081,-0.18378690614137091,-0.15311215080245377,-0.2513548418548895,-0.401301023517079,-0.40446699265734326
317,204179.0,Omari Johnson,0.6708368334702607,-0.20973332800463929,0.9457785350107016,-0.4900772108675619,0.4611035054656214,0.45570132414313974
318,204456.0,T.J. McConnell,-1.2765829150910637,-0.011492296966568784,-1.8964005061795617,-0.43870107377036055,-1.2880752120576324,-2.335101579949922
319,1626143.0,Jahlil Okafor,-1.9958308079698817,-1.1154942789036768,-2.0808311296392534,-1.4996359330423084,-3.1113250868735585,-3.580467062681562
320,1626144.0,Emmanuel Mudiay,-2.0996853855970934,-0.8321090005895538,-1.898845760158971,-2.0477012427647194,-2.931794386186647,-3.9465470029236904
321,1626145.0,Tyus Jones,1.9077750811077006,0.5934930444099576,2.014664416445679,1.3488115123405708,2.501268125517658,3.36347592878625
322,1626147.0,Justin Anderson,-0.8206838265571298,-0.9648449982673507,-0.9656882292234074,-0.8100135304462834,-1.7855288248244805,-1.775701759669691
323,1626148.0,Anthony Brown,-0.012852210973314642,-0.05707358103885334,0.07423173183472276,0.03497367592391615,-0.06992579201216799,0.1092054077586389
324,1626149.0,Montrezl Harrell,2.044612176568523,0.49687236672643215,1.5658909179543057,0.19686320881242803,2.541484543294955,1.7627541267667337
325,1626150.0,Andrew Harrison,-1.3851971037484334,0.7164994432762054,-1.2038073264852973,-0.6091219552953866,-0.668697660472228,-1.812929281780684
326,1626151.0,Aaron Harrison,-0.4875578839578147,-1.2125620056881765,-0.6925316830838808,-1.146943072933705,-1.7001198896459913,-1.8394747560175857
327,1626153.0,Delon Wright,0.39209896634028363,0.12611839731876726,0.5649042901791077,0.3903085022295574,0.5182173636590509,0.9552127924086651
328,1626154.0,RJ Hunter,0.06803604040905024,-0.11464127299494445,-0.0696827862277915,0.20759503037817642,-0.046605232585894205,0.13791224415038492
329,1626155.0,Sam Dekker,1.183169673258164,0.3941095328085042,0.5421406438188756,0.820926478199049,1.5772792060666683,1.3630671220179247
330,1626156.0,DAngelo Russell,0.015929699731484323,-0.4246620501058478,0.03642588659021291,-1.9650738647736066,-0.40873235037436345,-1.9286479781833936
331,1626157.0,Karl-Anthony Towns,3.0478833541605628,-0.13405859395660952,3.76899667824547,-0.22109654789023592,2.913824760203953,3.547900130355234
332,1626158.0,Richaun Holmes,0.07463118120770519,-0.7083719942015215,-0.3600281833409489,-0.672200737417584,-0.6337408129938163,-1.032228920758533
333,1626159.0,Justise Winslow,-0.8547340213050793,0.7477192111169112,-1.0527310146418432,1.2288656472538544,-0.10701481018816805,0.17613463261201123
334,1626161.0,Willie Cauley-Stein,-0.6549423508090995,0.3130241841207301,-1.2284283398075253,0.07422822933190343,-0.3419181666883694,-1.1542001104756219
335,1626162.0,Kelly Oubre Jr.,-0.1260117080135034,-1.3013588463575048,-0.49789499281417543,-1.1964346129571672,-1.4273705543710082,-1.6943296057713426
336,1626163.0,Frank Kaminsky,0.09497614015815567,-1.3263260774042733,0.8475346135725846,-1.686581817738054,-1.2313499372461176,-0.8390472041654694
337,1626164.0,Devin Booker,0.4038436493880513,-1.3312202036381338,0.3730359975750263,-0.9837811377987974,-0.9273765542500825,-0.6107451402237711
338,1626166.0,Cameron Payne,-1.2310242642959672,-0.6915308775910405,-0.1607497301675708,-0.7587594328679341,-1.9225551418870077,-0.9195091630355049
339,1626167.0,Myles Turner,-0.6260549998479283,0.7137726477246978,0.08522005826543057,0.15398448380970767,0.0877176478767695,0.23920454207513825
340,1626168.0,Trey Lyles,1.3260906955186134,-0.9350773715024737,0.7703356578873002,-0.8400597403768506,0.39101332401613964,-0.06972408248955042
341,1626169.0,Stanley Johnson,-1.3372323256676966,1.0015452178404967,-0.9976086107536063,1.0004825656232432,-0.3356871078271999,0.00287395486963693
342,1626170.0,Jerian Grant,-0.30195790645905235,-0.5273101486909564,-0.9870072055534118,-1.3392701684868258,-0.8292680551500087,-2.3262773740402376
343,1626171.0,Bobby Portis,1.451477463727374,-0.7241786421925119,2.6260862994059258,-0.8001406076488295,0.727298821534862,1.8259456917570962
344,1626172.0,Kevon Looney,1.0556035827083627,0.7627863821000304,1.4556828908072732,0.25726948577028697,1.818389964808393,1.7129523765775603
345,1626173.0,Rashad Vaughn,-0.25900394480478883,-0.8004364491867106,0.015288403954163364,-0.35343559755646903,-1.0594403939914994,-0.33814719360230566
346,1626175.0,Jordan Mickey,-0.19853742663826915,0.20853854019139811,-0.24197668213448661,-0.8826076915438963,0.010001113553128965,-1.124584373678383
347,1626177.0,Dakari Johnson,-0.37726558843870633,0.6674687282968261,-0.5379773179612651,1.26029766353455,0.2902031398581198,0.7223203455732848
348,1626178.0,Rondae Hollis-Jefferson,-0.023194415016181857,-0.8730080581336029,0.20259176904716392,-0.49673678221278567,-0.8962024731497849,-0.29414501316562175
349,1626179.0,Terry Rozier,-0.7692448679226153,0.3968707579174084,-0.35325402941312767,1.0181703364538912,-0.37237411000520687,0.6649163070407635
350,1626181.0,Norman Powell,-0.8083822122422027,-0.5235021683566071,-1.5084552771050839,-1.0724473295313166,-1.3318843805988099,-2.5809026066364007
351,1626185.0,Jarell Martin,-0.930650472757013,0.07934729263542753,-1.1623491045727465,-0.1164324942878251,-0.8513031801215855,-1.2787815988605717
352,1626188.0,Quinn Cook,-0.6724335507810051,-0.5303308442836236,-0.7612121734894387,-0.8513120714223145,-1.2027643950646287,-1.6125242449117532
353,1626191.0,Chris McCullough,-0.08530401946738211,0.008400612763450877,0.04898081965090127,-0.2584568012161231,-0.07690340670393124,-0.2094759815652218
354,1626192.0,Pat Connaughton,0.35685903638954425,-0.13049738092737137,0.8011914540085697,-0.03287249349576668,0.22636165546217288,0.768318960512803
355,1626195.0,Willy Hernangomez,-0.6085907536542552,0.7474923531859832,-0.38089684981158217,0.619806813795329,0.13890159953172798,0.2389099639837468
356,1626196.0,Josh Richardson,-0.3306532410450939,1.0182052284627223,0.0005002596326278468,0.9882347037445792,0.6875519874176284,0.9887349633772071
357,1626199.0,Darrun Hilliard,0.19280783765283163,-0.5043423642883271,0.5097181384522093,-0.4846005984483056,-0.3115345266354955,0.02511754000390365
358,1626202.0,Joe Young,-1.053547604299176,-1.0308352078622114,-1.0550586717643249,-0.6381963927580296,-2.0843828121613877,-1.6932550645223545
359,1626203.0,Treveon Graham,-0.3090384607965948,0.23374559709803072,-0.6004270971595516,-0.4683191589738805,-0.07529286369856408,-1.068746256133432
360,1626204.0,Larry Nance Jr.,0.23708815602137984,1.0501854844758667,-0.8611017963950506,1.9884449134947109,1.2872736404972465,1.1273431170996604
361,1626205.0,Vincent Hunter,0.12840506366501955,0.1430254634704649,0.04959651594247803,0.030867454655638817,0.27143052713548443,0.08046397059811684
362,1626209.0,Mario Hezonja,-1.156565001657044,-1.4001584364997532,-0.4831058977139519,-1.856803725261864,-2.556723438156797,-2.339909622975816
363,1626210.0,Alan Williams,-0.3800269776273208,0.5806915722881287,-0.5855501675518049,0.6882990741718162,0.20066459466080794,0.10274890662001135
364,1626220.0,Royce ONeale,0.27762188141280475,1.0654893569953607,0.6173459852464289,2.3469749424458626,1.3431112384081656,2.9643209276922917
365,1626224.0,Cedi Osman,-0.03656764650291576,0.3737974475813589,1.1969201051287341,-0.5377341089660046,0.33722980107844314,0.6591859961627295
366,1626242.0,Luis Montero,-0.1416258603088372,0.0695397082438778,-0.14743230646616473,0.0070702329939442456,-0.0720861520649594,-0.1403620734722205
367,1626245.0,Cristiano Felicio,-2.8214201916700037,-0.6520806485816352,-3.908476511142593,-1.5236821695593232,-3.473500840251639,-5.432158680701916
368,1626246.0,Boban Marjanovic,0.6511737645592722,0.5546329996030862,0.8533427915367006,0.1425094276630614,1.2058067641623584,0.995852219199762
369,1626257.0,Salah Mejri,-0.1689982471230316,1.4719818927139798,0.7411878412934891,1.46064647679546,1.3029836455909483,2.201834318088949
370,1626259.0,Malcolm Miller,0.2793562409827487,-0.2802471649428671,-0.05769377737225264,0.2107522729423108,-0.0008909239601184171,0.15305849557005816
371,1626643.0,Jacob Pullen,-0.06312127552871746,0.02113391030528149,-0.1109076236114916,0.21086159868151227,-0.04198736522343598,0.09995397507002067
372,1626780.0,Jonathan Gibson,0.20930915358372665,-0.24513063897916051,0.31231750466522307,-0.3560670337254385,-0.035821485395433866,-0.04374952906021545
373,1627098.0,Malcolm Delaney,-0.22737893953870159,-0.9798232201377852,-0.3913582919995861,-0.39943176967370897,-1.2072021596764868,-0.790790061673295
374,1627362.0,Briante Weber,-0.5039811254927801,-1.0982477893904248,-0.7634423995105021,-2.0700900977153966,-1.602228914883205,-2.8335324972258986
375,1627732.0,Ben Simmons,0.17387857985464553,-0.4521316622396377,0.8918015643491667,0.997689480461749,-0.27825308238499213,1.8894910448109157
376,1627733.0,Dragan Bender,-0.9764108572406234,-0.6334100109511764,-1.0886859624459053,-0.4225702784603977,-1.6098208681917998,-1.511256240906303
377,1627734.0,Domantas Sabonis,0.1830719603012839,0.0790594010357522,0.02364288190700672,0.28336365785736756,0.2621313613370361,0.30700653976437425
378,1627735.0,Wade Baldwin IV,0.12828939846112714,0.23527599257074625,0.09396416373290349,0.17029101273833994,0.36356539103187335,0.2642551764712434
379,1627736.0,Malik Beasley,0.02336327791671435,0.30623365738107367,0.31298908876482084,0.0073241068991392036,0.329596935297788,0.32031319566396005
380,1627737.0,Marquese Chriss,-1.2897585761707662,0.8071325118704398,-0.8528451945722055,0.2328060025984034,-0.4826260643003264,-0.6200391919738022
381,1627738.0,Deyonta Davis,0.02451050926601138,-2.3148013786981076,0.25619190252003665,-1.0418664659690249,-2.2902908694320963,-0.7856745634489882
382,1627739.0,Kris Dunn,-0.6569852078748559,-0.6352060905434148,-0.7168242059786385,-0.8033083673619692,-1.2921912984182709,-1.5201325733406077
383,1627740.0,Henry Ellenson,-0.6525649796168392,0.0019512560813309732,-0.9666500851563498,0.5140534671276905,-0.6506137235355083,-0.45259661802865925
384,1627741.0,Buddy Hield,-0.2708711671616485,0.018796367717898374,0.57376641612613,0.5010550310067516,-0.2520747994437501,1.0748214471328816
385,1627742.0,Brandon Ingram,-0.8508787255201801,-0.014364167707902104,-1.495586087642167,-0.011401949997652924,-0.8652428932280821,-1.50698803763982
386,1627743.0,Demetrius Jackson,-0.5611247935302635,0.15114960129561708,-0.5642181346898525,-0.2972786653042265,-0.4099751922346464,-0.861496799994079
387,1627744.0,Brice Johnson,-0.44450351575473573,-0.09306861338401201,-0.28595030643768216,-0.033578431385951714,-0.5375721291387477,-0.3195287378236339
388,1627745.0,Damian Jones,-0.18707796701234064,-0.038094384837651665,-0.34339471446506886,0.25683323075651543,-0.2251723518499923,-0.08656148370855343
389,1627746.0,Skal Labissiere,-0.2941284856819674,-0.40693269706933644,0.7826269608917129,-0.4558517395244395,-0.7010611827513038,0.3267752213672734
390,1627747.0,Caris LeVert,-0.6263991780475137,-0.6840585778437093,-1.3573443417662947,-0.8755757744028431,-1.310457755891223,-2.232920116169138
391,1627748.0,Thon Maker,0.15416313278559762,-0.5609767634353642,-0.023176482070461323,-2.1128032221011486,-0.40681363064976656,-2.1359797041716098
392,1627749.0,Dejounte Murray,-0.9287231458860972,2.8505040990786106,-1.4223516884594691,3.551213542133493,1.9217809531925134,2.1288618536740236
393,1627750.0,Jamal Murray,2.3114094056926278,-0.6220995840712042,3.665110276336645,-1.6501530487434437,1.6893098216214235,2.014957227593201
394,1627751.0,Jakob Poeltl,1.5941833801591276,0.2740654175607314,1.6311280966508934,-0.17528064138481372,1.868248797719859,1.4558474552660796
395,1627752.0,Taurean Prince,-0.16529983921757366,-1.415554169285972,0.09927161461318329,-1.7340534182827592,-1.5808540085035458,-1.6347818036695758
396,1627753.0,Zhou Qi,-1.4320040798654605,-0.19201910580368037,-1.492560780102071,-0.3489198154230309,-1.624023185669141,-1.841480595525102
397,1627755.0,Tyler Ulis,-0.6371974107031726,0.3664290620632974,-0.7741009635747185,0.0011754891193596559,-0.2707683486398752,-0.7729254744553589
398,1627756.0,Denzel Valentine,-1.2521100148503599,-0.5602361992327544,-1.1087952771598661,-0.08473600480158328,-1.8123462140831141,-1.1935312819614494
399,1627758.0,Ron Baker,0.14165384781205684,-0.18244730880681276,0.5933712650153469,0.3397906712599304,-0.04079346099475592,0.9331619362752772
400,1627759.0,Jaylen Brown,1.1219006056126195,1.6865157979420269,1.3129150312251527,2.1693976193341746,2.8084164035546464,3.4823126505593276
401,1627761.0,DeAndre Bembry,-1.0735038760709776,0.1799887431220623,-0.8450661322123958,0.23098537798894012,-0.8935151329489153,-0.6140807542234556
402,1627762.0,Joel Bolomboy,-0.03654494344067171,0.2653091592704576,-0.6556628894275969,0.22939130423552723,0.2287642158297859,-0.42627158519206965
403,1627763.0,Malcolm Brogdon,1.0300100166379427,0.16433801205391185,-0.06348157939106158,-0.03405969355555879,1.1943480286918544,-0.09754127294662038
404,1627767.0,Cheick Diallo,-1.1978761425715776,-0.9211559068239613,-0.9819624771794928,-1.993269960756834,-2.119032049395539,-2.975232437936327
405,1627770.0,Kay Felder,-0.7819153204397398,0.08957212938094915,-0.7466585840607299,0.02662682511328053,-0.6923431910587906,-0.7200317589474494
406,1627772.0,Daniel Hamilton,-0.038189868357513444,-0.20864389798532787,-0.3288536666796753,0.010399259101186945,-0.24683376634284132,-0.31845440757848836
407,1627774.0,Jake Layman,-0.7336618516749964,-0.054847272078299945,-0.45098391386283726,-0.3165225117566378,-0.7885091237532964,-0.767506425619475
408,1627775.0,Patrick McCaw,-0.019872379587468524,-1.1108671333873255,-0.826676609269649,-1.426349003036814,-1.130739512974794,-2.253025612306463
409,1627777.0,Georges Niang,-0.17737559609460368,0.054791497564799285,-0.29235200763222335,0.01932177481274125,-0.1225840985298044,-0.27303023281948213
410,1627778.0,Chinanu Onuaku,-0.20385287624211526,0.09644244804465735,-0.22534379843737826,0.08701166382887086,-0.10741042819745791,-0.1383321346085074
411,1627779.0,Marcus Paige,0.26319676180177864,-0.057063940335275086,0.3098534713889014,-0.023338525475324237,0.20613282146650355,0.2865149459135772
412,1627780.0,Gary Payton II,0.42700797703200405,0.08708206636172436,0.5540567443837241,-0.09662396881006267,0.5140900433937284,0.4574327755736614
413,1627781.0,Malachi Richardson,-0.15468540585088278,-0.02866122888855374,-0.6126280769830241,-0.7602303940523563,-0.18334663473943652,-1.3728584710353804
414,1627782.0,Wayne Selden,0.1492384365451186,-0.8254681092245447,-0.24711619834779097,-0.31786070475258965,-0.6762296726794261,-0.5649769031003806
415,1627783.0,Pascal Siakam,0.4531115730776523,0.826302907401588,1.8303238103203792,0.6672442955325375,1.2794144804792402,2.497568105852917
416,1627785.0,Isaiah Whitehead,-0.2296514040130857,-0.2622984883014813,-0.6327629733476908,0.7237618932322375,-0.491949892314567,0.09099891988454667
417,1627786.0,Troy Williams,0.5921472453652936,-0.6424655647637197,0.42529920512971686,-0.6430990060170838,-0.050318319398426126,-0.21779980088736695
418,1627788.0,Furkan Korkmaz,-0.13650327582637256,-0.6509173690697441,-0.563886655364214,-1.0197588962804194,-0.7874206448961166,-1.5836455516446333
419,1627789.0,Timothe Luwawu-Cabarrot,-0.5049751550714903,-0.5545697837784088,-1.236381352222103,0.13294664214120366,-1.059544938849899,-1.1034347100808994
420,1627790.0,Ante Zizic,-0.15898198184523407,-0.8833781439055508,-0.6086562330457056,-1.2600486379322116,-1.0423601257507848,-1.868704870977917
421,1627812.0,Yogi Ferrell,0.29972427910091337,1.3387240152066164,-0.0673728465028481,2.644242918651318,1.6384482943075298,2.57687007214847
422,1627814.0,Damion Lee,0.37719016063525895,0.12492732008108025,-0.29915858208672397,0.7594810344368538,0.5021174807163392,0.4603224523501298
423,1627816.0,Alex Poythress,-0.12944430502493084,-0.9230629019886785,0.16698911272543798,-0.7102658871871905,-1.0525072070136092,-0.5432767744617526
424,1627819.0,Isaiah Taylor,-0.7884040875955771,0.04410491249184689,0.4190614137055439,0.7034231339379586,-0.7442991751037302,1.1224845476435026
425,1627820.0,Tyrone Wallace,0.21267550153000664,-0.9124810036505014,-0.21066120113681233,0.48198144252183633,-0.6998055021204947,0.271320241385024
426,1627821.0,James Webb III,0.38076027639024673,-0.0827322257376698,-0.08910992820433655,-0.3190794320825684,0.2980280506525769,-0.40818936028690495
427,1627823.0,Juancho Hernangomez,0.46209706684701257,0.13012523032104495,-0.03646696439036643,-0.6764886663517548,0.5922222971680575,-0.7129556307421212
428,1627824.0,Guerschon Yabusele,-0.0964869100791412,-0.03877026080913041,0.28829299003275166,-0.43906577892956394,-0.1352571708882716,-0.15077278889681228
429,1627826.0,Ivica Zubac,-1.1765024389431442,1.090429303920496,-0.7916968290466451,1.8940477696910774,-0.08607313502264824,1.1023509406444323
430,1627827.0,Dorian Finney-Smith,-0.6014460807850704,0.7038255924134409,-0.7977838867793396,0.7420828072043109,0.10237951162837045,-0.05570107957502879
431,1627832.0,Fred VanVleet,1.9629107493042859,1.0658171524373796,2.2363235625161786,1.7406362741704493,3.0287279017416653,3.976959836686628
432,1627834.0,Georgios Papagiannis,-0.04450366347524781,-0.35996520641842344,0.5833888067001949,-0.8122530550438127,-0.40446886989367126,-0.22886424834361785
433,1627835.0,Paul Zipser,-1.9737370252910522,-1.3332320170777712,-2.040776713151625,-1.2539963592599503,-3.3069690423688236,-3.2947730724115756
434,1627846.0,Abdel Nader,-1.3088626541479644,0.40028308232660664,-1.27752329200888,-1.4864780487061244,-0.9085795718213578,-2.764001340715004
435,1627850.0,Marshall Plumlee,-0.41628387602464223,0.19245396665386108,-0.5081321492251379,0.4901233215577629,-0.22382990937078115,-0.01800882766737505
436,1627852.0,Nicolas Brussino,0.13803511705070234,0.06133979049332829,0.145564607704474,0.39626942184284786,0.19937490754403064,0.5418340295473218
437,1627853.0,Ryan Arcidiacono,-0.3566387896085306,0.6834473948110681,-0.6797329154059022,0.6911801897508304,0.32680860520253746,0.011447274344928204
438,1627854.0,Bryn Forbes,0.6038026225256553,-0.5742114672087937,1.0061062475519522,-0.4208868603922648,0.029591155316861628,0.5852193871596874
439,1627855.0,Okaro White,-0.09725992824568333,-0.14179410926971142,-0.1732610468647174,0.04333704208294223,-0.23905403751539475,-0.12992400478177518
440,1627856.0,Matt Costello,0.01704311244078427,0.024412257422176002,0.41420220564108534,-0.015067890380591729,0.04145536986296027,0.3991343152604936
441,1627858.0,Kyle Collinsworth,0.6569666875715285,-0.7888435178892489,0.26720325465445466,-0.7827960295613009,-0.13187683031772035,-0.5155927749068463
442,1627863.0,Danuel House,0.07457888986187333,0.6345662800672294,0.714071398666857,0.6798282891676315,0.7091451699291027,1.3938996878344885
443,1627866.0,Jameel Warney,0.2037216544387909,-0.13865694963005495,0.05109120774829507,-0.11224340340343657,0.06506470480873594,-0.061152195655141496
444,1627875.0,Marcus Georges-Hunt,0.25260746503572834,-0.24488395312553726,0.5704265399568396,-0.7882185099746439,0.007723511910191078,-0.21779197001780437
445,1627883.0,Jalen Jones,0.10158163728219047,-0.9002143061662106,0.6924880992758536,-1.234221955960958,-0.7986326688840201,-0.5417338566851043
446,1627884.0,Derrick Jones Jr.,-0.4541849219273357,0.04596198661369067,-0.9255069987446329,0.6482377373447539,-0.40822293531364506,-0.27726926139987906
447,1627885.0,Shaquille Harrison,0.05552814045510394,1.4773196468003595,1.3672835140674355,0.9834801634353819,1.5328477872554636,2.3507636775028176
448,1627936.0,Alex Caruso,-0.15686137958579985,0.23165897941893848,-0.9418830986417438,1.0331808302473546,0.07479759983313863,0.09129773160561083
449,1627982.0,Josh Gray,-0.5386419871073468,-0.0808089043467599,-1.081009512763012,-0.6905430204418597,-0.6194508914541067,-1.7715525332048716
450,1627988.0,Myke Henry,0.25793890797959385,-1.1213182110757922,0.48151798674563095,-0.6252092469275998,-0.8633793030961984,-0.14369126018196887
451,1628021.0,David Nwaba,-0.1316327656168156,-1.4188524495331367,0.16973580350780393,-0.6099107554788971,-1.5504852151499524,-0.44017495197109313
452,1628035.0,Alfonzo McKinnie,0.08020640052885049,-0.44607354207577943,0.06486362095312932,-0.5401950208062422,-0.36586714154692895,-0.47533139985311285
453,1628365.0,Markelle Fultz,-0.3378628092260276,-0.2443374281801953,-0.5148822443114814,0.9545700355919108,-0.582200237406223,0.43968779128042934
454,1628366.0,Lonzo Ball,-0.8024330499803597,1.5597608174644306,-0.9358490682118766,2.048134414106076,0.7573277674840709,1.1122853458941995
455,1628367.0,Josh Jackson,-1.6238615027196115,-0.8235970973494776,-2.488627914078369,-0.6708568543567184,-2.447458600069089,-3.1594847684350875
456,1628368.0,DeAaron Fox,-1.7434605162391725,-1.025130546490829,-1.207324372170573,-1.372591427260365,-2.7685910627300014,-2.579915799430938
457,1628369.0,Jayson Tatum,0.6376518297617243,0.8925908427648621,1.4086839347681996,1.8196852797992003,1.5302426725265863,3.2283692145674
458,1628370.0,Malik Monk,-1.4607583415923808,-2.26512096069466,-1.8090096698710225,-2.7055843169559854,-3.7258793022870407,-4.514593986827008
459,1628371.0,Jonathan Isaac,-1.9295763188923756,0.5177605666587106,-2.304780811398539,0.9913615567072794,-1.411815752233665,-1.3134192546912598
460,1628372.0,Dennis Smith Jr.,-1.3072134456496174,-1.297409569818391,-0.9156488069108917,-1.18081514760649,-2.6046230154680083,-2.0964639545173815
461,1628373.0,Frank Ntilikina,-1.5337069005226474,1.0725748924621175,-1.641846449674402,1.2858410122906625,-0.4611320080605299,-0.3560054373837396
462,1628374.0,Lauri Markkanen,-0.9989783656493265,-0.4650987890953051,-1.022536659566503,-0.6043505568817544,-1.4640771547446316,-1.6268872164482575
463,1628378.0,Donovan Mitchell,0.9815838859851332,1.4438761501328763,1.2744143634776186,2.0350225974292666,2.4254600361180096,3.3094369609068854
464,1628379.0,Luke Kennard,0.01793517187652795,-0.32063166409701865,1.265676533127002,0.5458353932650222,-0.3026964922204907,1.811511926392024
465,1628380.0,Zach Collins,0.0366978122757187,-0.16829772636816784,0.5670589220191813,-0.5112891629933363,-0.13159991409244914,0.05576975902584502
466,1628381.0,John Collins,-0.7774911145456673,1.034096098826599,-1.6175788204257597,0.8143416447578364,0.2566049842809317,-0.8032371756679233
467,1628382.0,Justin Jackson,-0.5343364218708103,0.0945812456025595,-0.6624757890296632,0.17674054642104006,-0.43975517626825084,-0.4857352426086231
468,1628383.0,Justin Patton,-0.012852210973314645,-0.05707358103885332,0.07423173183472274,0.03497367592391615,-0.06992579201216796,0.10920540775863889
469,1628384.0,OG Anunoby,0.43692916305932034,0.5935729264877637,1.0014019585462575,1.4146998431086575,1.030502089547084,2.416101801654915
470,1628386.0,Jarrett Allen,0.20896429991801557,0.04392011608508735,-0.5952744257736077,0.26227545315425205,0.2528844160031029,-0.3329989726193556
471,1628387.0,Ike Anigbogu,0.10181891153749689,-0.5962650679995916,0.11754375042053257,-0.5774140293729603,-0.49444615646209467,-0.4598702789524277
472,1628388.0,TJ Leaf,-0.08975146826715862,-1.6962799351950122,-0.17962679559159694,-1.841228356942093,-1.7860314034621707,-2.02085515253369
473,1628389.0,Bam Adebayo,-0.816131405548927,0.5005074613525528,-1.553848058294418,1.3322019838975756,-0.3156239441963743,-0.22164607439684247
474,1628390.0,Terrance Ferguson,-1.1240193159462324,-0.7073532733644814,-0.897132936896793,-1.9320316142684484,-1.8313725893107138,-2.8291645511652415
475,1628391.0,D.J. Wilson,-0.2236670100047202,-0.2901829786458231,-0.6896629528964401,-0.6091791446921073,-0.5138499886505433,-1.2988420975885475
476,1628393.0,Jawun Evans,-0.9399339691719403,0.10046494333930836,-0.5364060730657138,0.24313114708336683,-0.8394690258326319,-0.29327492598234695
477,1628395.0,Jordan Bell,1.4830721018653505,0.9208433950922805,1.9419491883842206,0.9047451147750979,2.403915496957631,2.8466943031593184
478,1628396.0,Tony Bradley,-0.0428687842194184,0.2682460428928998,-0.096864621537908,0.0375884647628959,0.22537725867348143,-0.05927615677501209
479,1628397.0,Ivan Rabb,-0.5228981000498633,-0.7736128951416195,-0.22971933433640154,-1.2157250975331182,-1.2965109951914826,-1.4454444318695197
480,1628398.0,Kyle Kuzma,0.6125427135640454,-1.1461599369145068,0.5729334505098927,-0.5439893938996824,-0.5336172233504614,0.028944056610210378
481,1628399.0,Tyler Lydon,-0.0006190933090975203,-0.09100234799731816,-0.007338060970565428,-0.14651908265635963,-0.09162144130641568,-0.15385714362692507
482,1628400.0,Semi Ojeleye,-1.6308143342059396,-0.3503877387536634,-2.7906260478054197,-0.3864033487296848,-1.981202072959603,-3.1770293965351044
483,1628401.0,Derrick White,0.45727316783466926,0.263631909758223,-0.08441285886455868,1.1031958062165614,0.7209050775928922,1.0187829473520027
484,1628403.0,Caleb Swanigan,-1.133090847604243,0.14345207238460822,-0.89277331264871,0.5791206410864872,-0.9896387752196347,-0.31365267156222276
485,1628404.0,Josh Hart,0.4722860341206257,-0.8338812979988063,0.916617305236063,-1.0391558022852596,-0.3615952638781806,-0.12253849704919662
486,1628405.0,Johnathan Motley,-0.24750993598384283,-0.5166018794401921,-0.21374810268318845,0.019819399165764025,-0.764111815424035,-0.19392870351742442
487,1628407.0,Dwayne Bacon,-1.3186213161070928,0.08839396362649111,-0.20945374961932706,0.7024131934159319,-1.2302273524806016,0.49295944379660483
488,1628408.0,PJ Dozier,-0.03682714594039985,-0.030254530043575402,-0.03597212993498602,-0.02196174774217076,-0.06708167598397524,-0.05793387767715678
489,1628409.0,Alec Peters,0.7248146632659092,0.25632547300695774,0.8572864097898175,0.21551002637536792,0.9811401362728669,1.0727964361651854
490,1628410.0,Edmond Sumner,-0.04382049272969492,-0.0708432801015909,-0.07648208125341112,-0.08151360679682,-0.11466377283128582,-0.15799568805023112
491,1628411.0,Wes Iwundu,-1.0619528315294893,0.7692778965737315,-1.3996382830577196,1.0492858037234303,-0.2926749349557578,-0.35035247933428937
492,1628412.0,Frank Mason,0.15710444600942056,-0.2636981279753966,0.36969128694105885,0.26733706315981076,-0.10659368196597604,0.6370283501008696
493,1628414.0,Sindarius Thornwell,-0.6996026102441605,2.2226803851024517,-1.320751078713767,1.4123465632291459,1.523077774858291,0.0915954845153788
494,1628415.0,Dillon Brooks,-0.9275716409460611,-0.22002917635817176,-0.7929720852379951,0.8416378763770599,-1.147600817304233,0.048665791139064773
495,1628416.0,Tyler Dorsey,-0.711137415821311,-0.12757776199492502,-0.7028934974814245,-1.1645526543337894,-0.838715177816236,-1.867446151815214
496,1628418.0,Thomas Bryant,-0.4046947026924693,-0.21607715131986643,-0.13361831097706817,-0.22565799459742863,-0.6207718540123357,-0.3592763055744968
497,1628420.0,Monte Morris,0.09402162616765951,0.11510572399987712,-0.07376740961189591,-0.06575071219412865,0.20912735016753664,-0.13951812180602458
498,1628421.0,Devin Robinson,0.343327239380237,0.23434105953346898,0.0738578976096826,0.1802428381607665,0.577668298913706,0.2541007357704491
499,1628422.0,Damyean Dotson,-1.058140755783849,0.18631286419915496,-1.7503302064619253,0.5138905299284527,-0.871827891584694,-1.2364396765334726
500,1628424.0,Kobi Simmons,-0.4225930061389032,-1.8905369329944821,-0.3553792674093938,-2.537356783013373,-2.3131299391333853,-2.892736050422767
501,1628425.0,Sterling Brown,-1.0535150281761534,0.39447695157716567,-1.6135486748266006,0.8936556759067008,-0.6590380765989877,-0.7198929989198998
502,1628429.0,Charles Cooke,-0.3857337460813886,0.1106222044984878,-0.3342828271482147,-0.02223624460124509,-0.2751115415829008,-0.3565190717494598
503,1628432.0,Davon Reed,-0.6456498699931493,0.37181521153710245,-1.7730625014190218,-0.3550874892344586,-0.2738346584560469,-2.12814999065348
504,1628436.0,Luke Kornet,-0.2394747866914484,0.11931550738492466,-0.49920195016608226,-0.5596324560865131,-0.12015927930652373,-1.0588344062525954
505,1628439.0,Isaiah Hicks,-0.779950136917129,-0.3742752091267448,-0.16637875736500904,-0.2545977520719086,-1.1542253460438738,-0.42097650943691767
506,1628443.0,Kadeem Allen,-0.2439647874026924,-0.021639643897256082,-0.2705941521839771,0.16688737819741062,-0.2656044312999485,-0.10370677398656647
507,1628444.0,Jabari Bird,0.5245563139275631,0.0060645494095026295,0.5943748797556518,0.08387871560761713,0.5306208633370657,0.678253595363269
508,1628449.0,Chris Boucher,-0.06634608378491164,-0.04362100476809002,-0.06549062810405522,0.002463101948827284,-0.10996708855300166,-0.06302752615522793
509,1628451.0,Jacob Wiley,-0.1508063312177435,0.34128698908023253,-0.28709839945330023,0.5330501421874559,0.19048065786248902,0.2459517427341557
510,1628455.0,Mike James,0.18891107443397742,0.1783520522402273,0.27642634968341934,0.4704733052480124,0.3672631266742047,0.7468996549314317
511,1628462.0,Milos Teodosic,1.795888912834103,-0.08874851939002987,0.751730535003946,0.4627509660775887,1.707140393444073,1.2144815010815346
512,1628463.0,Tyler Cavanaugh,0.1926498978837868,-0.46932830977460444,0.6589838586271489,-0.03504726222449078,-0.27667841189081765,0.6239365964026582
513,1628464.0,Daniel Theis,-0.6404104073432184,0.6026365846510201,-0.6529006052025257,0.07815728328080805,-0.03777382269219831,-0.5747433219217176
514,1628467.0,Maxi Kleber,-1.1723662552709662,0.6229375451241936,-1.1467824660638335,1.2045813911156087,-0.5494287101467725,0.057798925051775196
515,1628469.0,Antonio Blakeney,0.654836710969776,-0.456355384606853,0.810665441156477,-0.1333415970760272,0.19848132636292304,0.6773238440804498
516,1628470.0,Torrey Craig,0.5215365431077895,-0.2450833364426829,0.3188965967052477,-0.918755965597464,0.27645320666510664,-0.5998593688922162
517,1628475.0,Matt Williams Jr.,0.016747296378805537,0.1864845179051351,0.16713925596870385,0.3278671079125985,0.20323181428394063,0.49500636388130237
518,1628476.0,Derrick Walton Jr.,-0.47057289353026616,0.11777861365121037,-0.5157372818809371,-0.41757573965435846,-0.35279427987905576,-0.9333130215352956
519,1628493.0,Mangok Mathiang,0.13943668217752517,0.07648835255680855,-0.0776057732555235,0.12278600058190386,0.21592503473433372,0.04518022732638037
520,1628495.0,Milton Doyle,-0.5424404756607872,0.1963670158007031,-0.23361180104265092,0.19819054327464156,-0.34607345986008414,-0.03542125776800936
521,1628499.0,Antonius Cleveland,-0.14065924751278439,0.25090193376931513,-1.038127702931202,0.27262859349892204,0.11024268625653075,-0.7654991094322798
522,1628500.0,Ben Moore,-0.10548511319997572,-0.19574840001082328,-0.0975632785759752,-0.42489390380186554,-0.301233513210799,-0.5224571823778408
523,1628502.0,Nigel Hayes,-0.4100138674665607,0.03613029156647499,-0.20617026759929938,0.7225901014049657,-0.3738835759000857,0.5164198338056664
524,1628503.0,Jamel Artis,0.08593431209239102,0.3313058821774084,-0.12075071563420868,-0.06355012654314877,0.4172401942697994,-0.18430084217735745
525,1628504.0,Xavier Rathan-Mayes,-0.671050572591755,-0.4428738047887812,-0.8694353728008659,-0.6292600739580316,-1.1139243773805363,-1.4986954467588975
526,1628506.0,London Perrantes,-0.20787548315923418,-0.4696990459547484,0.007346956157952862,-0.7493902650112356,-0.6775745291139825,-0.7420433088532827
527,1628510.0,Andrew White III,-1.1839302829257563,0.24461094360290617,-1.0958342120285882,-0.626363180973366,-0.9393193393228502,-1.722197393001954
528,1628513.0,Naz Mitrou-Long,0.07711130477994808,0.03483052626676579,0.08802844035047913,0.03541669821096088,0.11194183104671387,0.12344513856144002
529,1628537.0,Jaylen Morris,-1.1118139073563704,0.36218422918018256,-1.0239618871799518,0.02860636772495373,-0.7496296781761879,-0.9953555194549981
530,1628571.0,Erik McCree,0.09429513129834102,-0.14347350797095632,-0.03496661484667985,-0.174521467898536,-0.04917837667261529,-0.20948808274521585
531,1628681.0,Rodney Purvis,-0.9246069901106051,0.06045176792751079,-1.0672277969120783,-0.6320395998264692,-0.8641552221830943,-1.6992673967385474
