,playerName,Luck Adjusted ORAPM,Luck Adjusted DRAPM,Luck Adjusted RAPM
0,Vince Carter,-1.2227721311885262,0.35504729861510986,-0.8677248325734164
1,Dirk Nowitzki,2.8603988135789584,0.5087019205680624,3.369100734147021
2,Jason Terry,-0.11558168640692923,-1.71543268035483,-1.8310143667617593
3,Manu Ginobili,1.2729098032942845,-0.5460511322874582,0.7268586710068263
4,Jamal Crawford,-1.7939852113450865,0.26849520150653183,-1.5254900098385547
5,Tyson Chandler,-2.2786022457334805,1.667377856504187,-0.6112243892292935
6,Pau Gasol,0.20565342980817877,0.31350264361482366,0.5191560734230024
7,Joe Johnson,0.5076223440707152,-3.8422826859162296,-3.3346603418455145
8,Richard Jefferson,-0.363930259903533,-0.5287171371311896,-0.8926473970347226
9,Zach Randolph,-1.7382407295468143,-3.1738142011312402,-4.912054930678055
10,Tony Parker,1.2800040520297011,-1.490063855709883,-0.21005980368018196
11,Nene,1.3782375583972504,0.3762429856672398,1.7544805440644902
12,LeBron James,0.43629341285743567,1.2228992615783416,1.6591926744357772
13,Carmelo Anthony,0.27717531542529994,0.9187178792831034,1.1958931947084035
14,Dwyane Wade,0.3791515029476057,0.16008753821965496,0.5392390411672606
15,Nick Collison,-0.01800262725444445,0.6996208474549934,0.681618220200549
16,David West,1.190520756930285,0.41139713968789704,1.601917896618182
17,Zaza Pachulia,0.3757590300925646,2.427906060347556,2.803665090440121
18,Kyle Korver,3.352140856949608,0.4054460320205846,3.7575868889701924
19,Udonis Haslem,-0.24614276689850265,0.771962821428474,0.5258200545299714
20,Dwight Howard,0.0,0.8089463254857168,0.8089463254857168
21,Emeka Okafor,-0.044121801210267035,0.0,-0.044121801210267035
22,Shaun Livingston,0.35640022514631914,0.2598722768772912,0.6162725020236104
23,Devin Harris,2.248359560374889,0.12820158464890352,2.3765611450237927
24,Luol Deng,0.0,0.1262162635940591,0.1262162635940591
25,Andre Iguodala,0.9271477935322101,2.849859864542981,3.777007658075191
26,Al Jefferson,-0.5470949146943066,-0.030108345624686162,-0.5772032603189927
27,JR Smith,-1.369666639812722,0.18949156895884892,-1.180175070853873
28,Jameer Nelson,-1.6936988212982382,-0.42241426941204685,-2.116113090710285
29,Tony Allen,-0.21109834649737258,-0.17248614443223512,-0.38358449092960767
30,Trevor Ariza,2.635124659400734,1.698852056348108,4.333976715748841
31,Damien Wilkins,-0.4096013405780156,0.6981421501159911,0.2885408095379755
32,Andrew Bogut,-0.21566078320264165,0.030479881346670096,-0.18518090185597155
33,Marvin Williams,0.0,0.5631211816565634,0.5631211816565634
34,Chris Paul,4.272299498913542,1.4935903582006926,5.765889857114234
35,Raymond Felton,0.520659680769809,-3.0626064846178536,-2.5419468038480444
36,Channing Frye,3.0103420266595977,-0.033435206687774666,2.976906819971823
37,Gerald Green,1.5405347391379463,-0.3238673523242237,1.2166673868137226
38,Jarrett Jack,1.0476864538480823,1.6131439347959582,2.6608303886440403
39,Ian Mahinmi,-0.6025312406831513,2.350646294837852,1.7481150541547008
40,CJ Miles,2.1921916318995147,-1.4048486946810124,0.7873429372185023
41,Ersan Ilyasova,1.703181038120683,-0.20130968353521964,1.5018713545854634
42,Lou Williams,0.7381922189664554,0.06068796925059165,0.798880188217047
43,Amir Johnson,0.5927800303899833,-1.4658598214143597,-0.8730797910243764
44,Marcin Gortat,0.06855673298611492,-1.0669524737133196,-0.9983957407272046
45,Jose Calderon,-0.2268366231898565,0.1246797340058558,-0.1021568891840007
46,LaMarcus Aldridge,-0.5109385986834113,1.4971988584621874,0.9862602597787761
47,Rudy Gay,0.38870167294693475,1.2131175349034866,1.6018192078504214
48,JJ Redick,2.540849126993566,0.15157240807491926,2.6924215350684855
49,Thabo Sefolosha,0.11072062628098378,2.537190560311826,2.6479111865928098
50,Rajon Rondo,-1.9920915500530183,0.2654156991562991,-1.7266758508967193
51,Kyle Lowry,2.389897334974583,0.35067541066659413,2.7405727456411775
52,PJ Tucker,1.7412008052862935,2.390802702577531,4.132003507863825
53,Paul Millsap,-1.1782684069848623,-0.04036365753732091,-1.2186320645221833
54,J.J. Barea,1.9752036490077152,-0.4738552536527669,1.5013483953549482
55,Kevin Durant,0.5285942947304578,-0.5625466790372298,-0.03395238430677194
56,Al Horford,2.8473456696090333,-0.26245550628302844,2.584890163326005
57,Mike Conley,-0.39492535746300905,0.9678111514651998,0.5728857940021908
58,Jeff Green,3.478582478150643,0.40255565031084783,3.8811381284614908
59,Corey Brewer,-1.7712152012998759,-1.1598743561690372,-2.931089557468913
60,Brandan Wright,0.433513274470736,0.4775311053659721,0.911044379836708
61,Joakim Noah,-0.20407134860676712,0.11189528709362356,-0.09217606151314356
62,Thaddeus Young,0.7799517814591636,1.9243148356319564,2.70426661709112
63,Nick Young,1.6340409146364518,-0.8014381186347526,0.8326027960016993
64,Marco Belinelli,-3.474752361502055,0.7093708096358088,-2.765381551866246
65,Jason Smith,-0.014284413191010965,-1.8866879869447526,-1.9009724001357635
66,Jared Dudley,-1.3145304004349971,0.6319912210878335,-0.6825391793471637
67,Wilson Chandler,0.9541578448929358,-0.22007534518421445,0.7340824997087213
68,Aaron Brooks,-0.8504356286453907,-1.5086653251955588,-2.3591009538409495
69,Arron Afflalo,-0.4058297005063393,0.26299826344815597,-0.14283143705818335
70,Josh McRoberts,-0.01733075077676242,0.0,-0.01733075077676242
71,Marc Gasol,-0.8536187613441603,-1.594817481016639,-2.448436242360799
72,Ramon Sessions,-1.015027379222105,-0.8338097427505894,-1.8488371219726942
73,Anthony Tolliver,-0.4017820167832393,-1.6397438563874092,-2.0415258731706487
74,Michael Beasley,-0.9552219496938736,-1.8830589547100125,-2.838280904403886
75,Derrick Rose,0.5467801219962646,-0.9481388535790136,-0.40135873158274904
76,Russell Westbrook,2.045594457996329,2.8850065574346218,4.930601015430951
77,Kevin Love,-0.5354400889046326,-0.4789852921634501,-1.0144253810680826
78,Danilo Gallinari,-0.16182830661644762,0.4303977897292602,0.2685694831128126
79,Eric Gordon,4.750053282052306,2.1700887452526607,6.920142027304967
80,D.J. Augustin,-2.5602108774232035,1.5645541974082575,-0.995656680014946
81,Brook Lopez,-0.9679449274312564,3.0545393408743293,2.086594413443073
82,Jerryd Bayless,-1.9683715650762605,1.4801867495782248,-0.4881848154980357
83,Robin Lopez,-1.5376703481654495,-0.03739916540928655,-1.575069513574736
84,Marreese Speights,-1.1141458113270823,1.825732180548555,0.7115863692214726
85,JaVale McGee,0.8499952685917918,0.33306590357425386,1.1830611721660456
86,Ryan Anderson,-0.7618807151166765,1.1547559824662683,0.3928752673495918
87,Courtney Lee,-1.2850759471937732,0.6044855814047045,-0.6805903657890686
88,Kosta Koufos,-2.467988133891407,-1.8098354334444113,-4.277823567335818
89,Serge Ibaka,0.5501619723081239,2.7287515630245056,3.2789135353326295
90,Nicolas Batum,0.0,-0.2720005239975217,-0.2720005239975217
91,George Hill,-1.4225139791313426,-1.7406517752472253,-3.163165754378568
92,Darrell Arthur,-0.483999369538675,0.0,-0.483999369538675
93,Mario Chalmers,-0.6061000708441202,-1.1672747745861598,-1.77337484543028
94,DeAndre Jordan,0.4563189457302168,0.22507214277328821,0.681391088503505
95,Omer Asik,-0.9462485303586736,0.0,-0.9462485303586736
96,Luc Mbah a Moute,2.101394184348944,1.323632835934407,3.425027020283351
97,Goran Dragic,1.472861861677434,1.5297326451280928,3.0025945068055266
98,Bobby Brown,-1.034475343655916,-0.4806991244886867,-1.5151744681446027
99,Blake Griffin,1.3483561787844613,0.8651579155157184,2.2135140943001796
100,James Harden,1.1250355539771006,1.155212704137136,2.280248258114237
101,Tyreke Evans,0.279765812973841,0.25881042382295477,0.5385762367967958
102,Ricky Rubio,1.092141345899875,1.773613643602679,2.865754989502554
103,Stephen Curry,3.8717543898506857,3.6307498172392494,7.502504207089935
104,DeMar DeRozan,1.4287526310294294,0.8584482288381724,2.287200859867602
105,James Johnson,-1.8146289534576958,0.6538255442959929,-1.1608034091617028
106,Jrue Holiday,6.698543387482545,0.8280910346648902,7.526634422147435
107,Jeff Teague,-1.6072042257276913,1.877536179232487,0.27033195350479566
108,Darren Collison,1.1426010236020565,2.49680645916506,3.6394074827671163
109,Omri Casspi,-0.5743141564505676,-0.25815665547636363,-0.8324708119269313
110,Taj Gibson,1.0709042011036,1.4455120689708034,2.5164162700744033
111,DeMarre Carroll,0.36242014461626376,-1.4829755287537862,-1.1205553841375224
112,Wayne Ellington,2.244486462426705,0.5316180122238882,2.776104474650593
113,Dante Cunningham,1.6365899317341743,2.079942381343006,3.71653231307718
114,Jonas Jerebko,-1.760238547289518,0.6592857474153556,-1.1009527998741624
115,Jodie Meeks,0.26414928378897307,-0.3571146218054004,-0.09296533801642731
116,Patrick Beverley,0.4980660617901194,-0.05188853797066693,0.44617752381945247
117,Danny Green,0.8362473023077464,-1.6200317335444527,-0.7837844312367064
118,Patty Mills,-1.8634147055528356,0.47929287638453116,-1.3841218291683044
119,Garrett Temple,-0.7054697778392522,-1.9492694074814398,-2.6547391853206923
120,Wesley Matthews,-3.325081400848897,-0.986230147427051,-4.311311548275948
121,John Wall,0.16468228378259728,0.8002315829169948,0.9649138666995921
122,Evan Turner,-1.5157812100998844,1.3070698525824362,-0.20871135751744818
123,Derrick Favors,0.3542936978497114,0.2107422774033806,0.565035975253092
124,Wesley Johnson,-1.7228328454517887,0.7482801084747751,-0.9745527369770136
125,DeMarcus Cousins,3.8503913002597008,1.4736154632227532,5.324006763482454
126,Ekpe Udoh,1.0930479246204958,0.5886246620802958,1.6816725867007918
127,Greg Monroe,-2.625266982701035,-1.7236762739610427,-4.348943256662078
128,Al-Farouq Aminu,-0.23813429788423793,0.8563226977478958,0.6181883998636579
129,Gordon Hayward,0.0023524412448110215,0.0,0.0023524412448110215
130,Paul George,1.6655854243176569,1.2182291916874421,2.883814616005099
131,Cole Aldrich,-0.08919719008780197,-0.49944864183921495,-0.5886458319270169
132,Ed Davis,-1.3434348711833712,1.435919011595131,0.09248414041175979
133,Patrick Patterson,-0.3118623256031171,-2.6077758783181695,-2.9196382039212865
134,Luke Babbitt,-0.7768477186661534,0.08693025015923139,-0.689917468506922
135,Eric Bledsoe,0.5336891312880142,-1.6222350133666694,-1.0885458820786553
136,Avery Bradley,0.7655458400324925,1.7124232322237731,2.4779690722562657
137,Trevor Booker,-2.349608840485093,1.5307525449225117,-0.8188562955625813
138,Quincy Pondexter,-1.9985832931466567,-0.3314690521873149,-2.3300523453339714
139,Hassan Whiteside,-1.218893057588833,-0.5481554495439037,-1.7670485071327366
140,Nemanja Bjelica,0.2824421119344653,0.436593485447831,0.7190355973822963
141,Lance Stephenson,-1.3627036257443128,-2.805311076542202,-4.168014702286515
142,Timofey Mozgov,-1.8673301603188466,-0.32171787693506115,-2.1890480372539076
143,Jeremy Lin,-0.4462958255463387,0.0,-0.4462958255463387
144,Ish Smith,0.024942249248115996,-0.6665775467124953,-0.6416352974643793
145,Lance Thomas,0.18446469934261342,-2.2400424047678476,-2.055577705425234
146,Kyrie Irving,1.8690964151476186,0.35637002163889775,2.2254664367865162
147,Derrick Williams,0.0,0.0,0.0
148,Enes Kanter,-0.9496722411276778,-1.8855760939822053,-2.835248335109883
149,Tristan Thompson,-0.15433972859529793,1.114066172803673,0.959726444208375
150,Jonas Valanciunas,1.1263438349006483,-0.6281434337255013,0.49820040117514697
151,Bismack Biyombo,0.38584309422467045,-4.402001718730172,-4.016158624505501
152,Kemba Walker,0.0,3.4228570663893745,3.4228570663893745
153,Klay Thompson,3.4857032600704696,2.1532985131261055,5.639001773196576
154,Alec Burks,0.8388383232992954,-2.1214624663306525,-1.2826241430313572
155,Markieff Morris,-0.03128178281223861,-1.3241244564172079,-1.3554062392294466
156,Marcus Morris,-0.08287984491186387,0.3018336006053036,0.21895375569343975
157,Kawhi Leonard,-0.5110418964827668,1.7245270621416338,1.213485165658867
158,Nikola Vucevic,-0.7289720323144498,2.210382616105767,1.481410583791317
159,Iman Shumpert,1.142534262561122,0.039316794152130595,1.1818510567132525
160,Tobias Harris,2.2591764312510225,1.5250130080466988,3.7841894392977213
161,Kenneth Faried,-1.8622347905986045,-0.7654416742593011,-2.6276764648579056
162,Nikola Mirotic,1.479057565429928,1.4903452296011008,2.969402795031029
163,Reggie Jackson,0.6817867846531562,0.2717774697029167,0.953564254356073
164,Cory Joseph,-0.7312872269720829,-0.6516770736897697,-1.3829643006618526
165,Jimmy Butler,1.2962144520368921,1.9437176821539095,3.2399321341908016
166,Bojan Bogdanovic,-1.8145667924931939,3.3275684944821804,1.5130017019889865
167,Kyle Singler,-0.4042707467344686,0.2973753760136825,-0.10689537072078609
168,Shelvin Mack,0.7029086064587704,-1.627978764346457,-0.9250701578876865
169,Chandler Parsons,0.180009700744813,0.21952860804782173,0.39953830879263474
170,Jon Leuer,0.5067201586975798,0.4794170208310786,0.9861371795286584
171,Davis Bertans,-0.009149888022027463,2.176056399021722,2.1669065109996946
172,DeAndre Liggins,-1.9653520855196347,-1.0305650501480643,-2.995917135667699
173,ETwaun Moore,-0.718156532306467,0.833886487120943,0.11572995481447601
174,Isaiah Thomas,-1.0360283925879163,1.7978941999838818,0.7618658073959654
175,Dwight Buycks,0.07926045774402994,0.9200242806958666,0.9992847384398965
176,Julyan Stone,0.0,-0.6395489114003783,-0.6395489114003783
177,Anthony Davis,3.133227216276504,1.860420513476269,4.993647729752773
178,Michael Kidd-Gilchrist,0.0,2.6291308190610843,2.6291308190610843
179,Bradley Beal,-0.5331672782588684,2.503423561704573,1.9702562834457042
180,Dion Waiters,-1.089197675284231,0.8132085562665728,-0.2759891190176581
181,Damian Lillard,-0.6250405825637593,1.7776766041038643,1.152636021540105
182,Terrence Ross,1.8827894712994517,0.12166627341480214,2.004455744714254
183,Andre Drummond,-0.4201720461231544,-0.25720708664293324,-0.6773791327660876
184,Harrison Barnes,-1.53360739284717,-0.9386483306276772,-2.4722557234748472
185,Austin Rivers,-2.523575499474983,0.376190137329804,-2.1473853621451786
186,Meyers Leonard,-0.5138093290021056,0.035561545935381245,-0.4782477830667244
187,Jeremy Lamb,0.0,2.0937318916855965,2.0937318916855965
188,John Henson,3.138655190403651,2.0978284787699657,5.236483669173617
189,Maurice Harkless,-0.5422966516950362,-2.9856557935783044,-3.5279524452733404
190,Tyler Zeller,0.7034429466332985,-2.2470608861445855,-1.543617939511287
191,Evan Fournier,0.6334433843537403,0.48200820668926214,1.1154515910430023
192,Miles Plumlee,0.2263844917655901,0.0,0.2263844917655901
193,Tomas Satoransky,0.226689651476269,-0.5751878371052672,-0.34849818562899826
194,Jae Crowder,-0.1664439795112444,1.2141433696434498,1.0476993901322054
195,Draymond Green,3.454413761038321,0.6739772532043954,4.128391014242716
196,Quincy Acy,0.059641231986408846,1.0020167409119518,1.0616579728983606
197,Khris Middleton,-0.6022466108916312,-1.001371969994753,-1.6036185808863843
198,Will Barton,1.2781782250917793,-1.360003070587303,-0.08182484549552371
199,Mike Scott,-0.563354854828164,1.2090102587050608,0.6456554038768968
200,Darius Miller,0.4265600871085155,1.0808209131709805,1.507381000279496
201,Kyle OQuinn,-0.364785716273013,1.5790986457922471,1.214312929519234
202,Mirza Teletovic,-0.9092438179495466,0.14028297524895528,-0.7689608427005913
203,Kent Bazemore,-0.6835516505858313,0.0,-0.6835516505858313
204,Willie Reed,-1.0484336595596364,-0.3621627385571559,-1.4105963981167924
205,Justin Holiday,0.5305770570667112,0.7994207664345105,1.3299978235012218
206,JaMychal Green,-0.24190600181806388,-3.1821715598693636,-3.4240775616874277
207,Aron Baynes,-0.7282105863058046,0.077229620638322,-0.6509809656674825
208,Nerlens Noel,-1.5194053509278957,-0.27918292410619283,-1.7985882750340885
209,Alex Len,-0.8141422565929198,-2.7844714929610146,-3.5986137495539343
210,Allen Crabbe,0.35264957812541303,-1.4577573881380532,-1.1051078100126401
211,Andre Roberson,2.8292550360359385,-1.7623293500404529,1.0669256859954857
212,Ben McLemore,0.4163883599101052,-3.448852164722185,-3.0324638048120796
213,Brandon Paul,-0.06651963144378545,-0.32252902107093556,-0.389048652514721
214,CJ McCollum,-1.1274139527380656,-0.495279253829638,-1.6226932065677035
215,Cody Zeller,0.0,1.6276325347428218,1.6276325347428218
216,Dennis Schroder,-1.0938378692613173,0.0,-1.0938378692613173
217,Dewayne Dedmon,-2.01432425988984,0.0,-2.01432425988984
218,Gorgui Dieng,-2.04531718352479,0.0430574951790056,-2.0022596883457844
219,Isaiah Canaan,-0.21046322719011254,1.5390651893299159,1.3286019621398033
220,Kelly Olynyk,1.3170740429647523,1.8019829905278981,3.11905703349265
221,Kentavious Caldwell-Pope,1.4465413963755744,2.9898195592677417,4.436360955643316
222,Lorenzo Brown,-0.32181033016714417,0.5669923756286194,0.2451820454614752
223,Mason Plumlee,-3.1670700894310215,0.4798569786390252,-2.6872131107919963
224,Michael Carter-Williams,0.0,-0.3718101377418995,-0.3718101377418995
225,Mike Muscala,-0.37955210723238014,0.0,-0.37955210723238014
226,Nate Wolters,0.0,-0.14544204271448674,-0.14544204271448674
227,Otto Porter Jr.,-0.07649607070059813,1.2365090773342136,1.1600130066336154
228,Reggie Bullock,-0.5715115066142351,0.04089241130080811,-0.530619095313427
229,Robert Covington,4.532012755940613,-0.3550368230908249,4.176975932849788
230,Rudy Gobert,0.5636852213622647,2.8217619079237206,3.3854471292859856
231,Shabazz Muhammad,-2.2358160131155445,-1.7125546615617344,-3.948370674677279
232,Shane Larkin,-2.066266219721543,-0.18618055069823805,-2.252446770419781
233,Steven Adams,2.9252431458551347,1.9894620272645647,4.9147051731197
234,Tim Hardaway Jr.,1.8869156220621792,1.2441209833213418,3.131036605383521
235,Tony Snell,-0.6246353932691845,-1.8840219008377435,-2.508657294106928
236,Trey Burke,0.006228189225031999,-1.5390414380103756,-1.5328132487853436
237,Vander Blue,0.8416679483828889,0.0,0.8416679483828889
238,Victor Oladipo,2.270309093207976,1.052391788255535,3.3227008814635113
239,Giannis Antetokounmpo,4.280186946398374,-0.4464902178916286,3.833696728506746
240,Lucas Nogueira,0.4268486708856179,-0.1789222876431091,0.2479263832425088
241,James Ennis III,-1.5373425629784994,-2.469361047262585,-4.006703610241084
242,Alex Abrines,-1.1444244034677482,-0.037659236314348185,-1.1820836397820964
243,Matthew Dellavedova,-2.0215985467515294,-0.013141237824536769,-2.034739784576066
244,Raul Neto,1.3119471269017766,1.1312136363721699,2.4431607632739465
245,Joffrey Lauvergne,-0.2406155377356706,-1.0565005625845976,-1.2971161003202683
246,Ian Clark,-0.5746640974170973,0.49351508432124014,-0.0811490130958572
247,Larry Drew II,-0.06653659037221862,-0.05138412516127566,-0.11792071553349429
248,Troy Daniels,-0.34415367706559064,-4.351741639619049,-4.6958953166846396
249,Rodney McGruder,0.39696680041644594,0.11839230595671722,0.5153591063731632
250,Jonathon Simmons,0.9138051932982681,-0.9141037729691045,-0.00029857967083635195
251,Reggie Hearn,0.0,-0.4146085136195306,-0.4146085136195306
252,Josh Magette,1.4961702440864455,0.0,1.4961702440864455
253,C.J. Williams,0.017714587516743405,-1.7533527770732136,-1.73563818955647
254,Scotty Hopson,0.0,-0.03403219201280756,-0.03403219201280756
255,Shabazz Napier,-0.4775246917264525,1.9642524949837754,1.486727803257323
256,Zach LaVine,-0.9441238866025397,-0.28568765650247313,-1.2298115431050127
257,Tyler Ennis,-1.383903821155949,0.38680962133887065,-0.9970941998170783
258,Markel Brown,-0.08376284757371846,-0.3134443626588744,-0.39720721023259287
259,Elfrid Payton,-0.3351741677008829,-1.0987185536694555,-1.4338927213703383
260,Jordan Clarkson,0.18925079391023328,0.483044277247934,0.6722950711581672
261,Gary Harris,0.5069601832706706,-0.07849711532902323,0.42846306794164735
262,Spencer Dinwiddie,0.3365617744223933,-0.16515516858207366,0.17140660584031966
263,Nik Stauskas,-0.4400344023662268,-0.7272058882840825,-1.1672402906503092
264,Rodney Hood,0.047762947767731115,0.11547612496654147,0.16323907273427257
265,Khem Birch,1.220287782018559,-0.5778248622545445,0.6424629197640144
266,Glenn Robinson III,-0.26394918636998205,0.19559670943392757,-0.06835247693605448
267,James Young,0.2183686013551921,-0.0778478288731042,0.14052077248208789
268,Jerami Grant,0.11197199406632145,2.038575617426051,2.1505476114923723
269,Joe Harris,-1.2824646487527558,-0.438203004328779,-1.7206676530815348
270,Doug McDermott,-0.10375953943684317,-1.6215352168689585,-1.7252947563058016
271,Sean Kilpatrick,-0.6836309548743918,-1.2013061269608685,-1.8849370818352602
272,Aaron Gordon,1.8328614808794825,1.1697897477728865,3.002651228652369
273,TJ Warren,-2.833954207578482,-0.8297136776927158,-3.6636678852711975
274,Marcus Smart,1.4221280207093594,0.36904978556806295,1.7911778062774224
275,Kyle Anderson,-0.6179430084730401,0.6566653935449815,0.03872238507194148
276,Dwight Powell,2.8517294586464743,-1.3222222631438236,1.5295071955026507
277,Adreian Payne,-0.8721256790683068,-0.009992678332337572,-0.8821183574006444
278,Noah Vonleh,-2.2179895144775514,1.4551760306216688,-0.7628134838558827
279,Julius Randle,0.5619407702352371,1.7919345793797985,2.3538753496150355
280,Johnny OBryant III,0.0,-1.3692972071645448,-1.3692972071645448
281,James Michael McAdoo,0.12400844430293168,-0.006410702677821747,0.11759774162510993
282,Andrew Wiggins,-0.8086250210076102,1.461965424598364,0.6533404035907537
283,Jabari Parker,0.5849255724333129,-1.9191813922823908,-1.334255819849078
284,Joel Embiid,2.02777867095444,3.112997168402051,5.1407758393564915
285,JaKarr Sampson,-0.030614998725980693,0.6699399223834582,0.6393249236574775
286,Eric Moreland,0.6029774367799758,-1.0137065631140707,-0.41072912633409486
287,Josh Huestis,1.0819177671872058,0.499199903338706,1.5811176705259118
288,Jamil Wilson,-0.1592119546117017,-0.8348435669720597,-0.9940555215837614
289,Dario Saric,-0.61215101740188,-1.6439227554396065,-2.2560737728414866
290,Clint Capela,2.2363420213461747,-0.3743212932205415,1.8620207281256331
291,Bogdan Bogdanovic,-2.803024169015247,-1.9907920242948303,-4.793816193310077
292,Jusuf Nurkic,1.4879144010233696,0.1854514670421261,1.6733658680654957
293,Bruno Caboclo,0.0,-0.2395651811730776,-0.2395651811730776
294,Nikola Jokic,3.6849932136492662,-0.31387360433815853,3.3711196093111075
295,Kristaps Porzingis,2.8344281033160716,1.3362971884449455,4.170725291761017
296,Tyler Johnson,-0.25623613650005417,0.09814779826378123,-0.15808833823627294
297,Jack Cooley,0.0,-0.08631747146119431,-0.08631747146119431
298,Tim Frazier,-0.3763460711564158,0.7685705371514622,0.3922244659950464
299,Tarik Black,-1.9389111085958672,-0.20503928023396156,-2.143950388829829
300,Travis Wear,0.3829272607053156,0.5858948104588136,0.9688220711641292
301,Langston Galloway,0.043640242086158146,0.17609130366019712,0.21973154574635528
302,Joe Ingles,0.6453228187322969,1.9658057786202376,2.6111285973525344
303,John Holland,-0.4203903150377649,0.11002447193509922,-0.3103658431026657
304,Jarell Eddie,-0.18668364588971936,0.0972168216998501,-0.08946682418986926
305,Xavier Munford,-0.5713292861348057,0.0,-0.5713292861348057
306,T.J. McConnell,1.490789910067988,0.969151819223909,2.459941729291897
307,Jahlil Okafor,-0.7345259902011743,-3.437211993983327,-4.171737984184501
308,Emmanuel Mudiay,-1.736422041575454,-1.7375285214166047,-3.4739505629920586
309,Tyus Jones,1.6906068657097493,1.227821020664516,2.918427886374265
310,Justin Anderson,0.09091800080145752,-0.3825859281892587,-0.2916679273878012
311,Montrezl Harrell,-0.6014391991383996,0.020931704621494907,-0.5805074945169046
312,Andrew Harrison,0.7199938976112834,-7.200742424033467,-6.480748526422183
313,Delon Wright,0.6400150748433472,0.1429463198849867,0.7829613947283339
314,RJ Hunter,0.2981950117542955,0.0,0.2981950117542955
315,Sam Dekker,-2.5017504781943884,-0.3024576333067828,-2.8042081115011714
316,DAngelo Russell,-1.880507365378107,0.10743261564889009,-1.773074749729217
317,Karl-Anthony Towns,1.033839216122477,2.5934657041279383,3.627304920250415
318,Richaun Holmes,-0.8323692026879987,-1.2191454944980553,-2.051514697186054
319,Justise Winslow,0.7041046599270671,0.7564387887225689,1.460543448649636
320,Willie Cauley-Stein,-0.5610451399084998,-0.7156026891748827,-1.2766478290833825
321,Kelly Oubre Jr.,0.021116219788737834,-0.3125281032876608,-0.29141188349892294
322,Frank Kaminsky,0.0,-0.4680171936492944,-0.4680171936492944
323,Devin Booker,-2.594323078769933,-0.44350184483460264,-3.0378249236045356
324,Cameron Payne,0.19534314721999166,1.0349900485964474,1.230333195816439
325,Myles Turner,0.9262332415023542,1.0212547339121942,1.9474879754145484
326,Trey Lyles,1.9473762723480916,-1.2807359477253761,0.6666403246227155
327,Stanley Johnson,0.16545523663762235,-1.2445284106222403,-1.079073173984618
328,Jerian Grant,-3.0338419472697753,1.5113405547588665,-1.5225013925109088
329,Bobby Portis,1.0521518515698707,2.3433554647711694,3.39550731634104
330,Kevon Looney,-1.2762684928618209,1.3187579933140798,0.042489500452258966
331,Rashad Vaughn,-0.37603651910130553,0.5269244008727595,0.15088788177145396
332,Jordan Mickey,-0.22314090716338936,-1.0430042535882573,-1.2661451607516467
333,Dakari Johnson,-0.32166342369262424,-0.23342364530093035,-0.5550870689935545
334,Rondae Hollis-Jefferson,-0.8289175320741637,0.8420654890808347,0.01314795700667093
335,Terry Rozier,0.7514278660153452,0.0968419078731385,0.8482697738884837
336,Norman Powell,0.36925500061345773,-0.1602394898301378,0.20901551078331992
337,Jarell Martin,0.25984710040465814,-3.149540808451613,-2.889693708046955
338,Quinn Cook,-1.2901776726378757,-0.1199491953921743,-1.41012686803005
339,Chris McCullough,-0.02388402452818064,-0.37466153638213956,-0.3985455609103202
340,Pat Connaughton,-0.20248165724192152,2.565269664192229,2.3627880069503076
341,Willy Hernangomez,-0.7778115223831632,-1.351606737425825,-2.129418259808988
342,Josh Richardson,1.5533134140600284,1.3672191072483886,2.920532521308417
343,Darrun Hilliard,0.06573420601933333,-0.4882243372950309,-0.42249013127569757
344,Joe Young,-3.4489818604438427,-1.1916166475733256,-4.6405985080171686
345,Treveon Graham,0.0,0.9019614407116513,0.9019614407116513
346,Larry Nance Jr.,1.104899228194189,0.7667547965142539,1.8716540247084428
347,Vincent Hunter,0.0,-0.06720593586435808,-0.06720593586435808
348,Mario Hezonja,-2.609495163618924,-1.3998997415195518,-4.009394905138476
349,Royce ONeale,1.2931869608653834,-0.3749846974542154,0.918202263411168
350,Cedi Osman,0.3225144480206583,0.35307821957890984,0.6755926675995682
351,Luis Montero,0.0,-0.19857765382482487,-0.19857765382482487
352,Cristiano Felicio,-2.859946332168848,-0.7546322987018985,-3.6145786308707466
353,Boban Marjanovic,0.48152414940787,0.23913086826925514,0.7206550176771251
354,Salah Mejri,-0.6534695858794703,1.1490994174303075,0.4956298315508372
355,Malcolm Miller,0.2399324338614709,0.36400014723505736,0.6039325810965283
356,Jacob Pullen,-0.02830598817145863,0.0007433873603102838,-0.027562600811148346
357,Malcolm Delaney,-2.41441928670369,0.0,-2.41441928670369
358,Briante Weber,-1.1397912442896354,-0.10357619823614551,-1.243367442525781
359,Ben Simmons,-0.16143393805232695,-1.2659528886983653,-1.4273868267506922
360,Dragan Bender,-0.9612528872702686,-3.4810475034184325,-4.442300390688701
361,Domantas Sabonis,-0.25415256004856895,0.45366500018561084,0.1995124401370419
362,Wade Baldwin IV,0.0,0.029239331122186223,0.029239331122186223
363,Malik Beasley,-0.9317998903380504,0.33160198741670166,-0.6001979029213488
364,Marquese Chriss,-0.41674262875004625,-0.4993013122832482,-0.9160439410332945
365,Deyonta Davis,0.2958113910554634,-1.9597013258932279,-1.6638899348377645
366,Kris Dunn,-0.42995183464787196,-0.06470960065911938,-0.49466143530699136
367,Henry Ellenson,0.3333305949415109,-0.36541591658496375,-0.03208532164345285
368,Buddy Hield,-2.090808569990613,0.31113822926965806,-1.7796703407209549
369,Brandon Ingram,-0.9616729777099857,0.7064226085281393,-0.2552503691818464
370,Demetrius Jackson,-0.3655180479845553,0.03821462875122637,-0.3273034192333289
371,Brice Johnson,0.659181211219956,-0.6005863777122361,0.05859483350771988
372,Damian Jones,-0.20285849289871874,-0.02932835202177784,-0.23218684492049657
373,Skal Labissiere,-0.7848623899094188,-0.6115924094651058,-1.3964547993745247
374,Caris LeVert,-1.758022831918862,0.709141277860785,-1.048881554058077
375,Thon Maker,-2.5032789425158017,-3.04491325528137,-5.548192197797172
376,Dejounte Murray,-0.3411007827881186,3.368444945544559,3.02734416275644
377,Jamal Murray,-0.549655504133117,-0.18588283714659176,-0.7355383412797087
378,Jakob Poeltl,1.3656058826548614,2.0301584516603133,3.3957643343151744
379,Taurean Prince,-2.4589125744421616,0.0,-2.4589125744421616
380,Zhou Qi,-0.4239483061344907,-0.6262384048817201,-1.0501867110162109
381,Tyler Ulis,-1.703009766507327,-1.181781775249317,-2.884791541756644
382,Denzel Valentine,-3.2491560718477728,1.305093060846029,-1.9440630110017438
383,Ron Baker,0.34664279784057894,2.1273771092572744,2.4740199070978535
384,Jaylen Brown,1.4807304153779997,-0.32404601313076337,1.1566844022472362
385,DeAndre Bembry,-0.9459242601143153,-0.03226482458691312,-0.9781890847012285
386,Joel Bolomboy,-0.3772300450612958,-0.023784854449644014,-0.4010148995109398
387,Malcolm Brogdon,0.2779674452867059,-0.19099168261134694,0.08697576267535898
388,Cheick Diallo,-3.0278279901301643,-0.369560000652348,-3.397387990782512
389,Kay Felder,0.29867344464385764,-0.9155096405495219,-0.6168361959056643
390,Daniel Hamilton,-0.007042679409661485,-0.02012635192130098,-0.027169031330962466
391,Jake Layman,-1.058670474254546,0.30659217405427525,-0.7520783002002709
392,Patrick McCaw,-1.9824773893863108,-0.22280611943065484,-2.2052835088169656
393,Georges Niang,0.38153058586980965,0.10097863389891742,0.48250921976872707
394,Marcus Paige,0.0,-0.11143187290824909,-0.11143187290824909
395,Gary Payton II,-0.25113351849962995,0.03572971323542912,-0.21540380526420083
396,Malachi Richardson,-0.9228919788773549,-0.8489945976723354,-1.7718865765496903
397,Wayne Selden,-0.37067336977304477,0.671723096793512,0.3010497270204673
398,Pascal Siakam,1.3204110645558953,0.6570263640960485,1.9774374286519438
399,Isaiah Whitehead,-1.312932030162098,0.8397415464141913,-0.4731904837479066
400,Troy Williams,0.1890291403336629,-1.267907084583733,-1.0788779442500702
401,Furkan Korkmaz,-0.018769338533308477,-0.2736907506799953,-0.2924600892133038
402,Timothe Luwawu-Cabarrot,-0.5742026761838517,-0.8261536558470888,-1.4003563320309405
403,Ante Zizic,0.7893140467490518,-0.0783548800201616,0.7109591667288903
404,Yogi Ferrell,3.1193267803461184,-0.6048711951443024,2.514455585201816
405,Alex Poythress,-0.586847998189063,-0.20917493609774884,-0.7960229342868118
406,Isaiah Taylor,2.925861039353673,0.0,2.925861039353673
407,Tyrone Wallace,0.923898953801636,2.4783240819616443,3.4022230357632806
408,James Webb III,-0.02315709033291489,0.0563764347563405,0.03321934442342561
409,Juancho Hernangomez,-0.5350920595139002,-0.24734119425937873,-0.7824332537732789
410,Guerschon Yabusele,-0.7919546357953482,-0.09869002905693498,-0.8906446648522832
411,Ivica Zubac,0.7276968657734154,-0.6538865343040126,0.07381033146940286
412,Dorian Finney-Smith,0.08957325669179887,0.2255220362544436,0.31509529294624244
413,Fred VanVleet,2.528845393738992,1.7928904709851226,4.321735864724115
414,Georgios Papagiannis,-0.3591837167918955,-0.718692432826259,-1.0778761496181546
415,Paul Zipser,-0.9674207071005758,-0.5427191187279582,-1.5101398258285341
416,Abdel Nader,-3.152486110809186,-0.7109056172671807,-3.8633917280763668
417,Marshall Plumlee,0.16588279434495795,0.04612577499247843,0.2120085693374364
418,Nicolas Brussino,0.34712687101701506,0.0,0.34712687101701506
419,Ryan Arcidiacono,0.06566140726167874,0.27160051207429026,0.337261919335969
420,Bryn Forbes,-0.23857834071133682,0.7224445355413104,0.48386619482997356
421,Okaro White,0.22119936439400412,0.14482409508078406,0.3660234594747882
422,Matt Costello,0.0,0.22259175155354116,0.22259175155354116
423,Kyle Collinsworth,0.9675858145363719,0.15517331700930587,1.1227591315456777
424,Danuel House,-0.7820077790705166,0.18759193053027223,-0.5944158485402443
425,Jameel Warney,-0.04504312226315485,0.0,-0.04504312226315485
426,Marcus Georges-Hunt,0.5363219498349828,-0.21509918664087688,0.3212227631941059
427,Jalen Jones,-0.40744370136027014,0.0043134399152945264,-0.4031302614449756
428,Derrick Jones Jr.,-0.9027611720151794,-0.8284389627183979,-1.7312001347335773
429,Shaquille Harrison,0.6906014518749292,0.5983543245222593,1.2889557763971884
430,Alex Caruso,0.34729342694859905,0.7357332630038873,1.0830266899524863
431,Josh Gray,-1.008173220246746,-0.7787735860489559,-1.7869468062957017
432,Myke Henry,0.19857115405259174,0.786007643426717,0.9845787974793088
433,David Nwaba,0.29382091968259727,0.9924140412671472,1.2862349609497445
434,Alfonzo McKinnie,0.0,0.32612461764105927,0.32612461764105927
435,Markelle Fultz,-0.8550463649857256,-0.6396107692724047,-1.4946571342581303
436,Lonzo Ball,0.9127810748917418,0.5076978897679427,1.4204789646596845
437,Josh Jackson,-0.2496603536972348,-3.745829995742826,-3.9954903494400607
438,DeAaron Fox,-2.5771799741929544,-3.1382449531307035,-5.715424927323658
439,Jayson Tatum,1.7089489284175918,1.1974348320708974,2.906383760488489
440,Malik Monk,0.0,-4.235531655965749,-4.235531655965749
441,Jonathan Isaac,0.18759374387138533,-0.8341309839931241,-0.6465372401217389
442,Dennis Smith Jr.,-4.322387831248837,0.26026452022353624,-4.0621233110253
443,Frank Ntilikina,-0.8116356665359953,-0.1564835224793133,-0.9681191890153086
444,Lauri Markkanen,-2.0994312059325417,-1.6625472357556024,-3.761978441688144
445,Donovan Mitchell,-1.4854077657524984,3.2032571953689697,1.7178494296164712
446,Luke Kennard,0.29185148426376717,1.6667455181821456,1.9585970024459127
447,Zach Collins,0.4428132738823032,-0.13836195340169066,0.3044513204806125
448,John Collins,-1.193233708828644,0.0,-1.193233708828644
449,Justin Jackson,-0.7369968033697661,-1.1434864923311185,-1.8804832957008846
450,OG Anunoby,0.21065609578404076,0.6301634417454021,0.8408195375294428
451,Jarrett Allen,-1.4301203731534076,-0.11417713459708821,-1.5442975077504957
452,Ike Anigbogu,-0.637203133347849,0.26885863335033056,-0.3683444999975184
453,TJ Leaf,-2.400179599915263,-1.477330084598407,-3.8775096845136696
454,Bam Adebayo,0.5756991650289542,0.4157562416041868,0.991455406633141
455,Terrance Ferguson,0.7652164164246478,-1.9829022949203559,-1.217685878495708
456,D.J. Wilson,-0.3685764810351273,-0.5221853044644639,-0.8907617854995912
457,Jawun Evans,0.0534965029443178,-0.8064665952662976,-0.7529700923219798
458,Jordan Bell,2.491414764557765,0.6517081632450852,3.14312292780285
459,Tony Bradley,0.0,-0.10310581285651291,-0.10310581285651291
460,Ivan Rabb,0.0,-0.037822418150012076,-0.037822418150012076
461,Kyle Kuzma,0.45657580084090377,-0.5837996425189267,-0.12722384167802292
462,Tyler Lydon,-0.13319216770363113,0.0,-0.13319216770363113
463,Semi Ojeleye,-2.1573340205297047,-0.4067102604622917,-2.5640442809919963
464,Derrick White,0.6212147298801094,-0.3397087206078355,0.28150600927227387
465,Caleb Swanigan,-1.029779722578543,2.087497210239378,1.0577174876608348
466,Josh Hart,-0.44448773836115574,-0.015189952939489517,-0.45967769130064523
467,Johnathan Motley,0.7962956337340737,0.0,0.7962956337340737
468,Dwayne Bacon,0.0,-0.9551108491266614,-0.9551108491266614
469,PJ Dozier,-0.007042679409661485,-0.023883904750671054,-0.03092658416033254
470,Alec Peters,0.04870193512847614,0.2936542894118351,0.3423562245403112
471,Wes Iwundu,-1.0759006907365645,-2.5291249582550757,-3.6050256489916404
472,Frank Mason,0.5235532561419349,-0.6200921662605696,-0.09653891011863469
473,Sindarius Thornwell,-1.045417719622025,-1.8855991219818675,-2.9310168416038924
474,Dillon Brooks,-0.46081774625387956,-1.1207133839241943,-1.581531130178074
475,Tyler Dorsey,-0.026288739002734457,0.0,-0.026288739002734457
476,Thomas Bryant,-0.2868185246170682,-0.02466458833051612,-0.3114831129475843
477,Monte Morris,0.1446936059373736,0.0,0.1446936059373736
478,Damyean Dotson,-1.9505659279348082,0.35744240281662887,-1.5931235251181795
479,Kobi Simmons,-0.040025071017878604,-2.0614300036425655,-2.101455074660444
480,Sterling Brown,-1.128663790714923,-0.4418017423901307,-1.5704655331050539
481,Charles Cooke,0.0576350713915206,0.0,0.0576350713915206
482,Davon Reed,-0.5266028647891942,-0.5550821872310753,-1.0816850520202694
483,Luke Kornet,-0.7483604422611201,-0.0952043913358414,-0.8435648335969614
484,Isaiah Hicks,-0.5836225189973643,0.03647765860587697,-0.5471448603914874
485,Kadeem Allen,0.1056585672029516,-0.29243530831101966,-0.18677674110806808
486,Jabari Bird,0.9244008783244232,0.0,0.9244008783244232
487,Jacob Wiley,-0.04250749656382655,-0.05866579672559476,-0.1011732932894213
488,Mike James,-0.08670425790183704,0.7481887687833956,0.6614845108815586
489,Milos Teodosic,3.2165936741755354,0.4929856686115916,3.709579342787127
490,Tyler Cavanaugh,1.421812296936318,-0.03226482458691312,1.389547472349405
491,Daniel Theis,-2.255427895150382,-0.8860631150012833,-3.141491010151665
492,Maxi Kleber,-2.2510095166521706,1.020663554066933,-1.2303459625852375
493,Antonio Blakeney,-0.8791131013568163,0.47022993397929724,-0.40888316737751906
494,Torrey Craig,-0.6623294846162151,-0.7894322556270449,-1.4517617402432599
495,Matt Williams Jr.,0.1605523720807624,0.1441564556006639,0.30470882768142626
496,Derrick Walton Jr.,-0.9963995539739641,-0.5179010060891001,-1.5143005600630641
497,Mangok Mathiang,0.0,0.11420898170313794,0.11420898170313794
498,Milton Doyle,0.1591620585113503,-0.09745206287358592,0.06170999563776437
499,Antonius Cleveland,-0.3972270315737106,0.0,-0.3972270315737106
500,Ben Moore,-0.38705784295399803,0.0,-0.38705784295399803
501,Nigel Hayes,-0.013757717732055344,0.11221773430631292,0.09846001657425757
502,Jamel Artis,0.1393509981165349,0.2440451460799495,0.3833961441964844
503,Xavier Rathan-Mayes,0.0,-0.23031191183247232,-0.23031191183247232
504,London Perrantes,0.08132750977613268,-0.05399111919930109,0.02733639057683159
505,Andrew White III,-1.2630156392679819,0.0,-1.2630156392679819
506,Naz Mitrou-Long,0.0,0.25513042335240715,0.25513042335240715
507,Jaylen Morris,-0.6785919983241887,0.0,-0.6785919983241887
508,Erik McCree,0.19033370652578635,-0.0023254668222619074,0.18800823970352445
509,Rodney Purvis,0.28400662528319065,-0.8513558514710741,-0.5673492261878834
