primaryKey,id,bin,attempts,made,value,pointsAvg,pointsStDev,expectedPointsAvg,expectedPointsStDev,season,dt,primaryKey,playerName
101106_Total_2017-18,101106,Total,242,111,2,1.0413223140495869,1.1705525587549976,0.9871532208438468,0.281162322580135,2017-18,2017-12-11T07:02:47.169,101106,"Andrew Bogut"
101107_Total_2017-18,101107,Total,1231,552,3,1.025995125913891,1.1776307142235576,0.9991739093444943,0.2590342028107493,2017-18,2017-12-11T07:02:47.169,101107,"Marvin Williams"
101108_Total_2017-18,101108,Total,524,248,3,1.0706106870229009,1.1692525541807892,1.0231595606174946,0.2621376452139217,2017-18,2017-12-11T07:02:47.169,101108,"Chris Paul"
101109_Total_2017-18,101109,Total,663,298,2,1.0301659125188536,1.1801504887483378,1.0048071230971343,0.30423669508732604,2017-18,2017-12-11T07:02:47.169,101109,"Raymond Felton"
101112_Total_2017-18,101112,Total,560,242,3,0.9928571428571429,1.1771419902909406,0.9755388795221155,0.3088344823416282,2017-18,2017-12-11T07:02:47.169,101112,"Channing Frye"
101127_Total_2017-18,101127,Total,1126,508,2,1.0426287744227354,1.1912774383054925,1.0237198369613378,0.26961946395783154,2017-18,2017-12-11T07:02:47.169,101127,"Jarrett Jack"
101133_Total_2017-18,101133,Total,653,299,2,1.0413476263399695,1.1726095648425425,1.0134385428085357,0.2656602184354305,2017-18,2017-12-11T07:02:47.169,101133,"Ian Mahinmi"
101139_Total_2017-18,101139,Total,677,304,3,1.0088626292466765,1.1542400316022696,1.002675552204522,0.2909605710428239,2017-18,2017-12-11T07:02:47.169,101139,"CJ Miles"
101141_Total_2017-18,101141,Total,575,269,2,1.0591304347826087,1.169161397879315,1.0050852293897803,0.24870683804437965,2017-18,2017-12-11T07:02:47.169,101141,"Ersan Ilyasova"
101150_Total_2017-18,101150,Total,1268,594,3,1.0607255520504733,1.1695142202765796,1.0100314672253716,0.27959041171552895,2017-18,2017-12-11T07:02:47.169,101150,"Lou Williams"
101161_Total_2017-18,101161,Total,680,308,3,1.026470588235294,1.1666464819476547,0.9681690718054691,0.28026333860483704,2017-18,2017-12-11T07:02:47.169,101161,"Amir Johnson"
101162_Total_2017-18,101162,Total,1320,608,2,1.0318181818181817,1.15360555872619,1.00680382721153,0.27680195980778394,2017-18,2017-12-11T07:02:47.169,101162,"Marcin Gortat"
101181_Total_2017-18,101181,Total,487,238,3,1.1232032854209446,1.1925571741874006,1.0071154009452619,0.3087348412362668,2017-18,2017-12-11T07:02:47.169,101181,"Jose Calderon"
1626144_Total_2017-18,1626144,Total,1045,498,2,1.0909090909090908,1.185382919725391,1.005548220438537,0.3043189035286292,2017-18,2017-12-11T07:02:47.169,1626144,"Emmanuel Mudiay"
1626145_Total_2017-18,1626145,Total,807,389,2,1.0755885997521686,1.1527614038879894,0.9990980852253317,0.29305488095611626,2017-18,2017-12-11T07:02:47.169,1626145,"Tyus Jones"
1626147_Total_2017-18,1626147,Total,224,105,2,1.0803571428571428,1.1925242799051363,0.986444491025126,0.30338229715981346,2017-18,2017-12-11T07:02:47.169,1626147,"Justin Anderson"
1626149_Total_2017-18,1626149,Total,347,154,2,1.0201729106628241,1.1820691934785628,0.9843888118786477,0.33855284502198135,2017-18,2017-12-11T07:02:47.169,1626149,"Montrezl Harrell"
1626150_Total_2017-18,1626150,Total,577,264,2,1.0571923743500866,1.1929258931561102,1.0174771716225013,0.24803312352186568,2017-18,2017-12-11T07:02:47.169,1626150,"Andrew Harrison"
1626153_Total_2017-18,1626153,Total,486,226,3,1.0493827160493827,1.1642963706520817,1.0023209703766185,0.29498142039672576,2017-18,2017-12-11T07:02:47.169,1626153,"Delon Wright"
1626155_Total_2017-18,1626155,Total,374,161,2,0.9732620320855615,1.1559340278725831,0.969886732971373,0.35090768104589687,2017-18,2017-12-11T07:02:47.169,1626155,"Sam Dekker"
1626156_Total_2017-18,1626156,Total,659,312,2,1.0515933232169954,1.1451857580104394,0.9934808446858001,0.25211184382790275,2017-18,2017-12-11T07:02:47.169,1626156,"DAngelo Russell"
1626157_Total_2017-18,1626157,Total,1645,792,3,1.086322188449848,1.1673736530086132,1.0122204069183554,0.26962983904391585,2017-18,2017-12-11T07:02:47.169,1626157,"Karl-Anthony Towns"
1626158_Total_2017-18,1626158,Total,322,151,3,1.0807453416149069,1.1924980580189306,1.0074339876702425,0.31615797655966316,2017-18,2017-12-11T07:02:47.169,1626158,"Richaun Holmes"
1626159_Total_2017-18,1626159,Total,1048,480,3,1.0286259541984732,1.1562728113590728,1.0010330242292385,0.26830931873805064,2017-18,2017-12-11T07:02:47.169,1626159,"Justise Winslow"
1626161_Total_2017-18,1626161,Total,910,451,3,1.156043956043956,1.212499805479427,1.0204967589714196,0.24335339298308675,2017-18,2017-12-11T07:02:47.169,1626161,"Willie Cauley-Stein"
1626162_Total_2017-18,1626162,Total,1232,569,2,1.0373376623376624,1.1573741788549858,1.012770548436058,0.2748850088495739,2017-18,2017-12-11T07:02:47.169,1626162,"Kelly Oubre Jr."
1626163_Total_2017-18,1626163,Total,921,432,3,1.0629750271444083,1.1707377929461358,1.0126653521069522,0.26254513100073473,2017-18,2017-12-11T07:02:47.169,1626163,"Frank Kaminsky"
1626164_Total_2017-18,1626164,Total,1588,745,2,1.0610831234256928,1.1681852427386916,1.011224344733215,0.27815485665333467,2017-18,2017-12-11T07:02:47.169,1626164,"Devin Booker"
1626167_Total_2017-18,1626167,Total,1095,498,3,1.0429223744292238,1.1824371737108685,1.0090548552172267,0.26722598037557804,2017-18,2017-12-11T07:02:47.169,1626167,"Myles Turner"
1626168_Total_2017-18,1626168,Total,485,238,2,1.1237113402061856,1.18806549820106,1.003153070158557,0.2939990320717923,2017-18,2017-12-11T07:02:47.169,1626168,"Trey Lyles"
1626169_Total_2017-18,1626169,Total,1169,556,2,1.0812660393498716,1.1762112139100565,1.0151794387989461,0.2572290205782351,2017-18,2017-12-11T07:02:47.169,1626169,"Stanley Johnson"
1626170_Total_2017-18,1626170,Total,1052,509,2,1.1131178707224334,1.1931119538398198,1.0315304525597249,0.27006688598897866,2017-18,2017-12-11T07:02:47.169,1626170,"Jerian Grant"
1626171_Total_2017-18,1626171,Total,609,297,2,1.1412151067323482,1.2155637537551847,1.017171940408591,0.29837191853871786,2017-18,2017-12-11T07:02:47.169,1626171,"Bobby Portis"
1626172_Total_2017-18,1626172,Total,366,157,3,0.9754098360655737,1.1626927110079945,0.992856034819511,0.27617250212474537,2017-18,2017-12-11T07:02:47.169,1626172,"Kevon Looney"
1626173_Total_2017-18,1626173,Total,174,78,2,1.0114942528735633,1.1596100501279618,1.0324316126070898,0.30988152590576235,2017-18,2017-12-11T07:02:47.169,1626173,"Rashad Vaughn"
1626177_Total_2017-18,1626177,Total,107,41,2,0.8785046728971962,1.1496466777332168,0.9586406536486572,0.3342476698041812,2017-18,2017-12-11T07:02:47.169,1626177,"Dakari Johnson"
1626178_Total_2017-18,1626178,Total,1183,561,2,1.054945054945055,1.1473916803585624,0.9854973916392411,0.26382515673659823,2017-18,2017-12-11T07:02:47.169,1626178,"Rondae Hollis-Jefferson"
1626179_Total_2017-18,1626179,Total,1136,485,2,0.9568661971830986,1.1432927657839733,0.991521152569941,0.2621873497646016,2017-18,2017-12-11T07:02:47.169,1626179,"Terry Rozier"
1626181_Total_2017-18,1626181,Total,741,330,2,1.0026990553306343,1.1558655214878173,0.9807569252405035,0.2820120222358176,2017-18,2017-12-11T07:02:47.169,1626181,"Norman Powell"
1626185_Total_2017-18,1626185,Total,702,313,2,1.0242165242165242,1.181883859518679,1.0264115511108862,0.2407977195454642,2017-18,2017-12-11T07:02:47.169,1626185,"Jarell Martin"
1626188_Total_2017-18,1626188,Total,108,52,2,1.0925925925925926,1.174868290782363,1.021818290639748,0.25949205304701906,2017-18,2017-12-11T07:02:47.169,1626188,"Quinn Cook"
1626192_Total_2017-18,1626192,Total,874,388,2,0.9988558352402745,1.1545348136661322,1.0122710399786756,0.28017323779211073,2017-18,2017-12-11T07:02:47.169,1626192,"Pat Connaughton"
1626195_Total_2017-18,1626195,Total,259,109,3,0.9613899613899614,1.1651534765823295,1.009868863239971,0.31303061945401356,2017-18,2017-12-11T07:02:47.169,1626195,"Willy Hernangomez"
1626196_Total_2017-18,1626196,Total,1402,625,2,0.9964336661911555,1.1465330013581116,0.9993825961851387,0.2636516838542606,2017-18,2017-12-11T07:02:47.169,1626196,"Josh Richardson"
1626202_Total_2017-18,1626202,Total,159,81,2,1.1383647798742138,1.1573010644288284,0.9505040229130403,0.34270103078278547,2017-18,2017-12-11T07:02:47.169,1626202,"Joe Young"
1626203_Total_2017-18,1626203,Total,475,216,3,1.023157894736842,1.1578066952174322,0.9964186203402773,0.27093236372799506,2017-18,2017-12-11T07:02:47.169,1626203,"Treveon Graham"
1626204_Total_2017-18,1626204,Total,614,289,3,1.0570032573289903,1.1591618377574218,1.0484006394953334,0.27534490137011813,2017-18,2017-12-11T07:02:47.169,1626204,"Larry Nance Jr."
1626209_Total_2017-18,1626209,Total,420,184,2,1.0047619047619047,1.177154029843728,0.968080315278991,0.3196201590387197,2017-18,2017-12-11T07:02:47.169,1626209,"Mario Hezonja"
1626220_Total_2017-18,1626220,Total,321,130,3,0.9439252336448598,1.1826769548176397,0.9789842984557834,0.3009079225778302,2017-18,2017-12-11T07:02:47.169,1626220,"Royce ONeale"
1626224_Total_2017-18,1626224,Total,198,84,3,0.98989898989899,1.193373534915771,0.9729567667419424,0.34121665613539165,2017-18,2017-12-11T07:02:47.169,1626224,"Cedi Osman"
1626245_Total_2017-18,1626245,Total,531,256,2,1.1318267419962336,1.2187889763415636,1.028886851941281,0.3280138062649099,2017-18,2017-12-11T07:02:47.169,1626245,"Cristiano Felicio"
1626257_Total_2017-18,1626257,Total,448,178,2,0.9352678571428571,1.1906656750243232,0.9920196091150413,0.2761360817025234,2017-18,2017-12-11T07:02:47.169,1626257,"Salah Mejri"
1627098_Total_2017-18,1627098,Total,624,292,3,1.0737179487179487,1.186603220330348,1.0182200273719577,0.26768456607124236,2017-18,2017-12-11T07:02:47.169,1627098,"Malcolm Delaney"
1627732_Total_2017-18,1627732,Total,1650,727,2,0.9975757575757576,1.1615011976487866,0.9751829901773904,0.27413370110564644,2017-18,2017-12-11T07:02:47.169,1627732,"Ben Simmons"
1627733_Total_2017-18,1627733,Total,1037,515,2,1.1080038572806172,1.1543818527222562,1.0134878741658873,0.2763227825185485,2017-18,2017-12-11T07:02:47.169,1627733,"Dragan Bender"
1627734_Total_2017-18,1627734,Total,1138,538,3,1.0641476274165202,1.162657560877323,1.0113141007991169,0.2694991113865162,2017-18,2017-12-11T07:02:47.169,1627734,"Domantas Sabonis"
1627736_Total_2017-18,1627736,Total,420,179,2,0.969047619047619,1.1614826516626824,1.0062821963596291,0.3414121623779265,2017-18,2017-12-11T07:02:47.169,1627736,"Malik Beasley"
1627737_Total_2017-18,1627737,Total,1078,484,2,1.0139146567717996,1.1608931051659785,1.0013376293896545,0.289995583477199,2017-18,2017-12-11T07:02:47.169,1627737,"Marquese Chriss"
1627738_Total_2017-18,1627738,Total,253,103,2,0.924901185770751,1.1516839750461219,1.0233581540994534,0.2381795749377093,2017-18,2017-12-11T07:02:47.169,1627738,"Deyonta Davis"
1627739_Total_2017-18,1627739,Total,1040,474,3,1.0346153846153847,1.1696292337226812,1.0183799974860683,0.2796079915510361,2017-18,2017-12-11T07:02:47.169,1627739,"Kris Dunn"
1627740_Total_2017-18,1627740,Total,149,55,2,0.785234899328859,1.046334338941981,0.956792792118459,0.3100664504251711,2017-18,2017-12-11T07:02:47.169,1627740,"Henry Ellenson"
1627741_Total_2017-18,1627741,Total,995,464,3,1.07035175879397,1.186640618160255,1.0242128253285632,0.2658593442138072,2017-18,2017-12-11T07:02:47.169,1627741,"Buddy Hield"
1627742_Total_2017-18,1627742,Total,1586,718,3,1.008827238335435,1.1446119236018442,1.0101509207975046,0.26580500336845025,2017-18,2017-12-11T07:02:47.169,1627742,"Brandon Ingram"
1627743_Total_2017-18,1627743,Total,123,51,2,0.975609756097561,1.1993454490872435,0.9644210536735562,0.40376389289967796,2017-18,2017-12-11T07:02:47.169,1627743,"Demetrius Jackson"
1627746_Total_2017-18,1627746,Total,727,339,2,1.0701513067400275,1.1864794729333643,1.0162770120281286,0.2876774320474552,2017-18,2017-12-11T07:02:47.169,1627746,"Skal Labissiere"
1627747_Total_2017-18,1627747,Total,1231,573,2,1.0511779041429732,1.1653596844677419,0.9913722222718404,0.2635155389505955,2017-18,2017-12-11T07:02:47.169,1627747,"Caris LeVert"
1627748_Total_2017-18,1627748,Total,777,373,2,1.1081081081081081,1.1967990980013041,1.0156330014416943,0.2920193617223379,2017-18,2017-12-11T07:02:47.169,1627748,"Thon Maker"
1627749_Total_2017-18,1627749,Total,865,374,2,0.9653179190751445,1.140408373044046,1.0091014727691914,0.2851911848072848,2017-18,2017-12-11T07:02:47.169,1627749,"Dejounte Murray"
1627750_Total_2017-18,1627750,Total,1189,582,2,1.1101766190075695,1.175359173459677,0.9990411702881101,0.2645707760446773,2017-18,2017-12-11T07:02:47.169,1627750,"Jamal Murray"
1627751_Total_2017-18,1627751,Total,673,303,3,1.013372956909361,1.1569800080643753,1.0060088993165544,0.29326185272494854,2017-18,2017-12-11T07:02:47.169,1627751,"Jakob Poeltl"
1627752_Total_2017-18,1627752,Total,1447,683,2,1.0836212854181064,1.188194004663799,1.0239676468918657,0.25004308699213196,2017-18,2017-12-11T07:02:47.169,1627752,"Taurean Prince"
1627753_Total_2017-18,1627753,Total,103,42,2,0.9611650485436893,1.1980755612351335,1.034140899058891,0.37636136043922175,2017-18,2017-12-11T07:02:47.169,1627753,"Zhou Qi"
1627755_Total_2017-18,1627755,Total,1208,582,2,1.0811258278145695,1.1602015370977297,1.0079232168007468,0.2799539444187649,2017-18,2017-12-11T07:02:47.169,1627755,"Tyler Ulis"
1627756_Total_2017-18,1627756,Total,1255,586,2,1.0637450199203187,1.177105775492706,1.0214463767725488,0.27435074149632355,2017-18,2017-12-11T07:02:47.169,1627756,"Denzel Valentine"
1627758_Total_2017-18,1627758,Total,199,87,2,0.9748743718592965,1.1405596172489068,1.017542139195126,0.31255496755902645,2017-18,2017-12-11T07:02:47.169,1627758,"Ron Baker"
1627759_Total_2017-18,1627759,Total,1440,611,2,0.95,1.1409060726749793,0.9992942810553983,0.24585433160381243,2017-18,2017-12-11T07:02:47.169,1627759,"Jaylen Brown"
1627761_Total_2017-18,1627761,Total,370,177,3,1.1108108108108108,1.2041109277677084,1.0233958987547298,0.26411448871952725,2017-18,2017-12-11T07:02:47.169,1627761,"DeAndre Bembry"
1627763_Total_2017-18,1627763,Total,1215,575,2,1.0798353909465022,1.1805195086708304,1.0012653062255117,0.281664177630553,2017-18,2017-12-11T07:02:47.169,1627763,"Malcolm Brogdon"
1627767_Total_2017-18,1627767,Total,196,101,2,1.1683673469387754,1.176825281257692,1.0008312913235993,0.27433367359557803,2017-18,2017-12-11T07:02:47.169,1627767,"Cheick Diallo"
1627770_Total_2017-18,1627770,Total,239,116,2,1.1171548117154813,1.1939871414822558,1.0417007738948838,0.3146390706655863,2017-18,2017-12-11T07:02:47.169,1627770,"Kay Felder"
1627775_Total_2017-18,1627775,Total,568,267,2,1.051056338028169,1.153316838176046,0.9952176222814162,0.3031182757106773,2017-18,2017-12-11T07:02:47.169,1627775,"Patrick McCaw"
1627780_Total_2017-18,1627780,Total,122,58,3,1.0655737704918034,1.1575674389449002,1.0355362068556764,0.33773530442925787,2017-18,2017-12-11T07:02:47.169,1627780,"Gary Payton II"
1627781_Total_2017-18,1627781,Total,227,108,3,1.1233480176211454,1.224828056811068,0.9699187500099388,0.3489362648860585,2017-18,2017-12-11T07:02:47.169,1627781,"Malachi Richardson"
1627783_Total_2017-18,1627783,Total,840,367,2,0.9928571428571429,1.1649428469820653,0.9917746596247974,0.28622020011932814,2017-18,2017-12-11T07:02:47.169,1627783,"Pascal Siakam"
1627785_Total_2017-18,1627785,Total,199,84,2,0.9748743718592965,1.179545887960916,1.0067351053312643,0.24161848855956142,2017-18,2017-12-11T07:02:47.169,1627785,"Isaiah Whitehead"
1627789_Total_2017-18,1627789,Total,827,365,3,0.9963724304715841,1.158006207414455,0.9802729524998302,0.3091150498507516,2017-18,2017-12-11T07:02:47.169,1627789,"Timothe Luwawu-Cabarrot"
1627812_Total_2017-18,1627812,Total,1279,559,2,0.9906176700547302,1.1616383956920895,0.993700132189531,0.2860057963517362,2017-18,2017-12-11T07:02:47.169,1627812,"Yogi Ferrell"
1627819_Total_2017-18,1627819,Total,537,231,3,0.9739292364990689,1.157627935994764,1.0071368715361957,0.2935738434104203,2017-18,2017-12-11T07:02:47.169,1627819,"Isaiah Taylor"
1627823_Total_2017-18,1627823,Total,310,156,2,1.1548387096774193,1.1921351703175327,0.9915214144817616,0.2850349275431157,2017-18,2017-12-11T07:02:47.169,1627823,"Juan Hernangomez"
1627827_Total_2017-18,1627827,Total,188,83,2,1.0372340425531914,1.2088753382884243,0.9909167870380328,0.3234728928898768,2017-18,2017-12-11T07:02:47.169,1627827,"Dorian Finney-Smith"
1627832_Total_2017-18,1627832,Total,692,295,3,0.9436416184971098,1.1269184176849698,0.984121103386406,0.28897645073597605,2017-18,2017-12-11T07:02:47.169,1627832,"Fred VanVleet"
1627835_Total_2017-18,1627835,Total,637,315,2,1.1271585557299844,1.1824861106421687,1.040012745974541,0.28089102154842804,2017-18,2017-12-11T07:02:47.169,1627835,"Paul Zipser"
1627846_Total_2017-18,1627846,Total,160,83,2,1.18125,1.1825389792729872,0.9677444697047239,0.30912679712211494,2017-18,2017-12-11T07:02:47.169,1627846,"Abdel Nader"
1627854_Total_2017-18,1627854,Total,828,392,2,1.0507246376811594,1.1441246496910504,1.0049689156997104,0.2838108470412443,2017-18,2017-12-11T07:02:47.169,1627854,"Bryn Forbes"
1627855_Total_2017-18,1627855,Total,144,64,3,0.9791666666666666,1.1271199162269991,1.0162807651790322,0.2420709373768296,2017-18,2017-12-11T07:02:47.169,1627855,"Okaro White"
1628021_Total_2017-18,1628021,Total,536,245,3,1.0298507462686568,1.1602257790276609,1.0370423793712835,0.32871552087169315,2017-18,2017-12-11T07:02:47.169,1628021,"David Nwaba"
1628365_Total_2017-18,1628365,Total,140,61,3,0.9785714285714285,1.1493343237522768,0.9811692390666585,0.2839178623795011,2017-18,2017-12-11T07:02:47.169,1628365,"Markelle Fultz"
1628366_Total_2017-18,1628366,Total,1538,703,3,1.0227568270481144,1.1511862799477688,1.0193416857573172,0.26796320039067184,2017-18,2017-12-11T07:02:47.169,1628366,"Lonzo Ball"
1628367_Total_2017-18,1628367,Total,1155,544,2,1.0606060606060606,1.1628289045521636,1.0038875408055077,0.2904851596854333,2017-18,2017-12-11T07:02:47.169,1628367,"Josh Jackson"
1628368_Total_2017-18,1628368,Total,1188,559,2,1.0968013468013469,1.2073943914186358,1.016213934206488,0.2676940373820037,2017-18,2017-12-11T07:02:47.169,1628368,"DeAaron Fox"
1628369_Total_2017-18,1628369,Total,1487,645,2,0.9717552118359112,1.1453874395222758,1.0037015203500528,0.25744986054683694,2017-18,2017-12-11T07:02:47.169,1628369,"Jayson Tatum"
1628370_Total_2017-18,1628370,Total,667,311,2,1.062968515742129,1.1778536894926006,1.011476589105124,0.27057292367198865,2017-18,2017-12-11T07:02:47.169,1628370,"Malik Monk"
1628371_Total_2017-18,1628371,Total,435,192,2,0.9908045977011494,1.1506751824954955,0.9961277745730392,0.2793489527926737,2017-18,2017-12-11T07:02:47.169,1628371,"Jonathan Isaac"
1628372_Total_2017-18,1628372,Total,1140,544,2,1.0912280701754387,1.1841468468908534,1.0086826314603554,0.2710033090838961,2017-18,2017-12-11T07:02:47.169,1628372,"Dennis Smith Jr."
1628373_Total_2017-18,1628373,Total,777,337,2,1.0128700128700128,1.1983854968507333,1.0082693455386882,0.2940751286581992,2017-18,2017-12-11T07:02:47.169,1628373,"Frank Ntilikina"
1628374_Total_2017-18,1628374,Total,1342,614,2,1.033532041728763,1.163750507841949,1.0235691180391835,0.2625973437606516,2017-18,2017-12-11T07:02:47.169,1628374,"Lauri Markkanen"
1628378_Total_2017-18,1628378,Total,1333,613,2,1.04576144036009,1.1730304404435097,1.0082997985637963,0.2503434914456433,2017-18,2017-12-11T07:02:47.169,1628378,"Donovan Mitchell"
1628379_Total_2017-18,1628379,Total,604,265,2,0.9834437086092715,1.1478704996284959,1.003686587391252,0.2862112002474437,2017-18,2017-12-11T07:02:47.169,1628379,"Luke Kennard"
1628381_Total_2017-18,1628381,Total,836,395,3,1.0909090909090908,1.195631456700719,1.0302439687536582,0.2706874004251002,2017-18,2017-12-11T07:02:47.169,1628381,"John Collins"
1628382_Total_2017-18,1628382,Total,614,282,3,1.0553745928338762,1.1863208281224853,1.0169547265634122,0.295787431777972,2017-18,2017-12-11T07:02:47.169,1628382,"Justin Jackson"
1628384_Total_2017-18,1628384,Total,819,373,3,1.0195360195360195,1.1513581849051164,1.0039022766643102,0.2796031173780742,2017-18,2017-12-11T07:02:47.169,1628384,"OG Anunoby"
1628386_Total_2017-18,1628386,Total,520,243,2,1.0596153846153846,1.1710875312790099,1.0121904192887528,0.2659274993591398,2017-18,2017-12-11T07:02:47.169,1628386,"Jarrett Allen"
1628388_Total_2017-18,1628388,Total,447,229,2,1.1565995525727069,1.1710891232081524,0.9940921108501044,0.2890976131076871,2017-18,2017-12-11T07:02:47.169,1628388,"TJ Leaf"
1628389_Total_2017-18,1628389,Total,425,212,3,1.108235294117647,1.1489342135168632,1.0443121511167126,0.2792485680445069,2017-18,2017-12-11T07:02:47.169,1628389,"Bam Adebayo"
1628390_Total_2017-18,1628390,Total,153,82,2,1.2287581699346406,1.1909063502149417,1.0010245908854984,0.3216545274711381,2017-18,2017-12-11T07:02:47.169,1628390,"Terrance Ferguson"
1628393_Total_2017-18,1628393,Total,399,184,2,1.0451127819548873,1.1689251000538368,0.979243512675149,0.3444024291653939,2017-18,2017-12-11T07:02:47.169,1628393,"Jawun Evans"
1628395_Total_2017-18,1628395,Total,431,178,2,0.9396751740139211,1.1564723086838617,1.001998980998379,0.30168543993763053,2017-18,2017-12-11T07:02:47.169,1628395,"Jordan Bell"
1628398_Total_2017-18,1628398,Total,1342,619,2,1.0357675111773472,1.1569408115063462,0.9998638891976299,0.2697241190525264,2017-18,2017-12-11T07:02:47.169,1628398,"Kyle Kuzma"
1628400_Total_2017-18,1628400,Total,659,297,2,1.0182094081942337,1.1619808626617798,1.0043832551824952,0.26931204466951,2017-18,2017-12-11T07:02:47.169,1628400,"Semi Ojeleye"
1628403_Total_2017-18,1628403,Total,209,98,2,1.0526315789473684,1.1583296268994447,1.0086558109130355,0.2981434132541472,2017-18,2017-12-11T07:02:47.169,1628403,"Caleb Swanigan"
1628404_Total_2017-18,1628404,Total,503,230,2,1.0357852882703777,1.1672773922932405,1.0158090799396644,0.27807671063725803,2017-18,2017-12-11T07:02:47.169,1628404,"Josh Hart"
1628407_Total_2017-18,1628407,Total,820,368,3,1.0158536585365854,1.1638843199783697,1.0102966129603512,0.25964618960105634,2017-18,2017-12-11T07:02:47.169,1628407,"Dwayne Bacon"
1628411_Total_2017-18,1628411,Total,135,63,2,1.0740740740740742,1.190266883422491,1.0093916947149806,0.3191502177000157,2017-18,2017-12-11T07:02:47.169,1628411,"Wes Iwundu"
1628412_Total_2017-18,1628412,Total,571,270,3,1.0700525394045535,1.1696676511095878,1.0045380334392626,0.31462287828475516,2017-18,2017-12-11T07:02:47.169,1628412,"Frank Mason"
1628414_Total_2017-18,1628414,Total,693,320,2,1.0476190476190477,1.1704814388097862,0.9862936747941793,0.32067691946478993,2017-18,2017-12-11T07:02:47.169,1628414,"Sindarius Thornwell"
1628415_Total_2017-18,1628415,Total,1206,538,2,1.021558872305141,1.1779621880677944,1.0197685008550537,0.2478760707357671,2017-18,2017-12-11T07:02:47.169,1628415,"Dillon Brooks"
1628422_Total_2017-18,1628422,Total,293,137,2,1.0614334470989761,1.172631878306751,1.003119429844759,0.3079251078487838,2017-18,2017-12-11T07:02:47.169,1628422,"Damyean Dotson"
1628455_Total_2017-18,1628455,Total,1122,519,2,1.03475935828877,1.1522451094966513,1.00120549492619,0.27039214459558875,2017-18,2017-12-11T07:02:47.169,1628455,"Mike James"
1628463_Total_2017-18,1628463,Total,384,200,2,1.1692708333333333,1.1636837564315488,1.0404015240244295,0.2526387594714181,2017-18,2017-12-11T07:02:47.169,1628463,"Tyler Cavanaugh"
1628464_Total_2017-18,1628464,Total,555,254,2,1.0414414414414415,1.1733119727121342,1.0065734748177895,0.26697138663123215,2017-18,2017-12-11T07:02:47.169,1628464,"Daniel Theis"
1628467_Total_2017-18,1628467,Total,602,281,3,1.0448504983388704,1.1540690949800745,0.988044449322777,0.28058515568690157,2017-18,2017-12-11T07:02:47.169,1628467,"Maxi Kleber"
1628469_Total_2017-18,1628469,Total,290,129,2,1.013793103448276,1.171419456642545,1.0210955086556737,0.27877964857725807,2017-18,2017-12-11T07:02:47.169,1628469,"Antonio Blakeney"
1628492_Total_2017-18,1628492,Total,119,54,3,1.0672268907563025,1.2142784449202317,0.9896747197684767,0.29447281493263466,2017-18,2017-12-11T07:02:47.169,1628492,"Gian Clavell"
1713_Total_2017-18,1713,Total,387,180,2,1.0852713178294573,1.2074125564302327,1.0424531315218324,0.25333672095878645,2017-18,2017-12-11T07:02:47.169,1713,"Vince Carter"
1717_Total_2017-18,1717,Total,1194,571,2,1.092964824120603,1.1835984454914255,1.0057278515184478,0.27317652887952903,2017-18,2017-12-11T07:02:47.169,1717,"Dirk Nowitzki"
1891_Total_2017-18,1891,Total,174,93,2,1.1781609195402298,1.1383518320998702,0.970720694255667,0.29372182068667185,2017-18,2017-12-11T07:02:47.169,1891,"Jason Terry"
1938_Total_2017-18,1938,Total,780,360,2,1.0384615384615385,1.1596010332062496,1.0023699667328503,0.2633475362300477,2017-18,2017-12-11T07:02:47.169,1938,"Manu Ginobili"
200746_Total_2017-18,200746,Total,1465,663,2,1.028668941979522,1.1703958970919195,1.0071349911219036,0.2567039154501037,2017-18,2017-12-11T07:02:47.169,200746,"LaMarcus Aldridge"
200752_Total_2017-18,200752,Total,987,440,2,0.9979736575481256,1.1485403040844855,1.0006515942515097,0.27235004871787527,2017-18,2017-12-11T07:02:47.169,200752,"Rudy Gay"
200755_Total_2017-18,200755,Total,1453,649,2,1.0137646249139711,1.166675592910343,0.9826064808197372,0.2776484666897152,2017-18,2017-12-11T07:02:47.169,200755,"JJ Redick"
200757_Total_2017-18,200757,Total,899,391,2,0.9866518353726362,1.1619858639283815,1.0062873191101418,0.2536171834881827,2017-18,2017-12-11T07:02:47.169,200757,"Thabo Sefolosha"
200765_Total_2017-18,200765,Total,611,300,2,1.1145662847790507,1.1766831522106302,1.0249931429222503,0.23203608227595673,2017-18,2017-12-11T07:02:47.169,200765,"Rajon Rondo"
200768_Total_2017-18,200768,Total,1391,633,2,1.0251617541337168,1.1595009147867612,1.0037675394150973,0.27029814882143227,2017-18,2017-12-11T07:02:47.169,200768,"Kyle Lowry"
200782_Total_2017-18,200782,Total,1123,496,2,1.0106856634016028,1.1755416977738384,1.0128248768123747,0.2870877658071384,2017-18,2017-12-11T07:02:47.169,200782,"PJ Tucker"
200794_Total_2017-18,200794,Total,856,403,2,1.0677570093457944,1.1721406317425058,0.9963724524049425,0.2571389304254596,2017-18,2017-12-11T07:02:47.169,200794,"Paul Millsap"
200826_Total_2017-18,200826,Total,999,447,2,1.032032032032032,1.1875964635916183,0.9977731262229752,0.28676059961742933,2017-18,2017-12-11T07:02:47.169,200826,"J.J. Barea"
201142_Total_2017-18,201142,Total,1446,637,2,0.9944674965421854,1.1576780010266736,1.010045773463827,0.24339431195596833,2017-18,2017-12-11T07:02:47.169,201142,"Kevin Durant"
201143_Total_2017-18,201143,Total,1482,632,2,0.9622132253711201,1.151741022250754,1.004943504312751,0.24816424687908353,2017-18,2017-12-11T07:02:47.169,201143,"Al Horford"
201144_Total_2017-18,201144,Total,631,273,2,0.9889064976228209,1.1707761830570174,1.0286012384493382,0.2503266260384756,2017-18,2017-12-11T07:02:47.169,201144,"Mike Conley"
201145_Total_2017-18,201145,Total,1032,453,3,1.0067829457364341,1.177532122119767,0.9825173627645577,0.2957836174187619,2017-18,2017-12-11T07:02:47.169,201145,"Jeff Green"
201147_Total_2017-18,201147,Total,527,239,2,1.0436432637571158,1.1865759302312484,1.0008971624720076,0.28886636659456394,2017-18,2017-12-11T07:02:47.169,201147,"Corey Brewer"
201148_Total_2017-18,201148,Total,373,156,2,0.9222520107238605,1.1186276879815795,1.008457007486859,0.2670492430709878,2017-18,2017-12-11T07:02:47.169,201148,"Brandan Wright"
201152_Total_2017-18,201152,Total,1632,754,3,1.0477941176470589,1.1700595077730342,1.0172876368321015,0.25832718763176427,2017-18,2017-12-11T07:02:47.169,201152,"Thaddeus Young"
201156_Total_2017-18,201156,Total,617,273,3,1.0016207455429498,1.1619287458622531,0.9982076358107413,0.2807472709118748,2017-18,2017-12-11T07:02:47.169,201156,"Nick Young"
201158_Total_2017-18,201158,Total,1181,561,3,1.082133784928027,1.1787825860394572,1.0200516820964922,0.2628330782709327,2017-18,2017-12-11T07:02:47.169,201158,"Marco Belinelli"
201160_Total_2017-18,201160,Total,136,52,3,0.8602941176470589,1.1257206457724491,0.9866859465242994,0.32722611524979234,2017-18,2017-12-11T07:02:47.169,201160,"Jason Smith"
201162_Total_2017-18,201162,Total,311,149,2,1.0868167202572347,1.1740165872405421,1.018397458354062,0.2563020110258211,2017-18,2017-12-11T07:02:47.169,201162,"Jared Dudley"
201163_Total_2017-18,201163,Total,1177,568,2,1.1045029736618521,1.1862086760529196,1.0030830846078649,0.2660101687488561,2017-18,2017-12-11T07:02:47.169,201163,"Wilson Chandler"
201167_Total_2017-18,201167,Total,555,240,2,0.9783783783783784,1.1576152409237639,0.9705564503226537,0.29869821853450174,2017-18,2017-12-11T07:02:47.169,201167,"Arron Afflalo"
201188_Total_2017-18,201188,Total,1527,696,2,1.0491159135559922,1.1875021266953196,1.026078125116213,0.24367590936715086,2017-18,2017-12-11T07:02:47.169,201188,"Marc Gasol"
201196_Total_2017-18,201196,Total,247,109,3,1.008097165991903,1.1732231904145007,1.049837942843502,0.2609787090199401,2017-18,2017-12-11T07:02:47.169,201196,"Ramon Sessions"
201229_Total_2017-18,201229,Total,722,319,2,1.0069252077562327,1.1703666671946726,1.005512661172383,0.2715053558742751,2017-18,2017-12-11T07:02:47.169,201229,"Anthony Tolliver"
201563_Total_2017-18,201563,Total,553,260,2,1.0759493670886076,1.1836820954302316,1.0185396511579363,0.27058963003882547,2017-18,2017-12-11T07:02:47.169,201563,"Michael Beasley"
201565_Total_2017-18,201565,Total,354,190,3,1.2090395480225988,1.1675110827651498,1.0347487470491068,0.24888432921901002,2017-18,2017-12-11T07:02:47.169,201565,"Derrick Rose"
201566_Total_2017-18,201566,Total,1503,669,2,1.0212907518296739,1.1801526497622377,1.0274738289968786,0.26654244434794755,2017-18,2017-12-11T07:02:47.169,201566,"Russell Westbrook"
201567_Total_2017-18,201567,Total,1400,675,3,1.102142857142857,1.1845413734041075,1.0141600364124816,0.2623057086288106,2017-18,2017-12-11T07:02:47.169,201567,"Kevin Love"
201568_Total_2017-18,201568,Total,618,289,2,1.0533980582524272,1.1625478826326656,1.0070907212510658,0.252256042023134,2017-18,2017-12-11T07:02:47.169,201568,"Danilo Gallinari"
201569_Total_2017-18,201569,Total,1258,556,2,0.9904610492845787,1.1486791794865256,1.0112946950651904,0.2876383383291289,2017-18,2017-12-11T07:02:47.169,201569,"Eric Gordon"
201571_Total_2017-18,201571,Total,807,351,2,0.9702602230483272,1.1402766275349825,1.010899617295074,0.26392220849504544,2017-18,2017-12-11T07:02:47.169,201571,"D.J. Augustin"
201572_Total_2017-18,201572,Total,1096,489,3,0.9981751824817519,1.1478305267835551,1.0160757230801534,0.25986365518532545,2017-18,2017-12-11T07:02:47.169,201572,"Brook Lopez"
201573_Total_2017-18,201573,Total,945,433,2,1.0328042328042328,1.1610901048223925,0.9765229365352637,0.2918949959979345,2017-18,2017-12-11T07:02:47.169,201573,"Jerryd Bayless"
201577_Total_2017-18,201577,Total,1345,614,2,1.0252788104089219,1.155925583989737,1.0240599713694978,0.25763814770555954,2017-18,2017-12-11T07:02:47.169,201577,"Robin Lopez"
201578_Total_2017-18,201578,Total,435,177,2,0.9080459770114943,1.1288503347857413,0.9649095099385646,0.2902380990857964,2017-18,2017-12-11T07:02:47.169,201578,"Marreese Speights"
201580_Total_2017-18,201580,Total,380,177,2,1.0578947368421052,1.1728578634544928,1.009560310759432,0.2818645763613421,2017-18,2017-12-11T07:02:47.169,201580,"JaVale McGee"
201583_Total_2017-18,201583,Total,1208,565,2,1.0513245033112584,1.159762007726226,1.0251862397615223,0.26635907644982126,2017-18,2017-12-11T07:02:47.169,201583,"Ryan Anderson"
201584_Total_2017-18,201584,Total,1480,678,2,1.0621621621621622,1.19748641054217,1.0323428309821694,0.2652387100645904,2017-18,2017-12-11T07:02:47.169,201584,"Courtney Lee"
201585_Total_2017-18,201585,Total,875,404,2,1.064,1.1906377642735397,1.017025637737609,0.27447932741100667,2017-18,2017-12-11T07:02:47.169,201585,"Kosta Koufos"
201586_Total_2017-18,201586,Total,1049,485,2,1.0390848427073403,1.1582989078031227,1.004563888133986,0.2669312549779994,2017-18,2017-12-11T07:02:47.169,201586,"Serge Ibaka"
201587_Total_2017-18,201587,Total,652,298,2,1.0322085889570551,1.163295785827917,0.9997847349273387,0.2582784981756131,2017-18,2017-12-11T07:02:47.169,201587,"Nicolas Batum"
201588_Total_2017-18,201588,Total,986,478,2,1.1247464503042597,1.204141006907327,1.0388922177486744,0.23522138805418205,2017-18,2017-12-11T07:02:47.169,201588,"George Hill"
201596_Total_2017-18,201596,Total,975,428,2,0.9969230769230769,1.1648663483281905,1.0243662227573462,0.2606784234717172,2017-18,2017-12-11T07:02:47.169,201596,"Mario Chalmers"
201599_Total_2017-18,201599,Total,1328,622,2,1.0647590361445782,1.1746669365466715,1.0091266369979213,0.2654803345471573,2017-18,2017-12-11T07:02:47.169,201599,"DeAndre Jordan"
201601_Total_2017-18,201601,Total,1015,440,2,0.9832512315270936,1.161244139559398,0.9968285696890263,0.29637264175329403,2017-18,2017-12-11T07:02:47.169,201601,"Luc Mbah a Moute"
201609_Total_2017-18,201609,Total,1381,629,2,1.0217233888486603,1.1540779626010813,1.0127980164964352,0.2510480810052663,2017-18,2017-12-11T07:02:47.169,201609,"Goran Dragic"
201628_Total_2017-18,201628,Total,196,91,3,1.0918367346938775,1.2171121281657307,1.0167103382559461,0.33332252238141835,2017-18,2017-12-11T07:02:47.169,201628,"Bobby Brown"
201933_Total_2017-18,201933,Total,1177,554,2,1.0730671197960917,1.1788695489776715,1.0111547621577552,0.267271459190426,2017-18,2017-12-11T07:02:47.169,201933,"Blake Griffin"
201935_Total_2017-18,201935,Total,1486,694,2,1.0605652759084792,1.172976659208217,1.020043553235764,0.26530612064174147,2017-18,2017-12-11T07:02:47.169,201935,"James Harden"
201936_Total_2017-18,201936,Total,1289,576,2,1.0155159038013963,1.1684000989610202,1.023687037089994,0.24647058534461058,2017-18,2017-12-11T07:02:47.169,201936,"Tyreke Evans"
201937_Total_2017-18,201937,Total,1270,591,3,1.047244094488189,1.1607645302767564,1.0114832787092767,0.2437748526345446,2017-18,2017-12-11T07:02:47.169,201937,"Ricky Rubio"
201939_Total_2017-18,201939,Total,1429,630,2,1.0090972708187544,1.1755860725831087,1.0085323441601806,0.24591531507690348,2017-18,2017-12-11T07:02:47.169,201939,"Stephen Curry"
201942_Total_2017-18,201942,Total,1435,666,2,1.0494773519163763,1.166754069137741,1.0058870021490711,0.2705817289935381,2017-18,2017-12-11T07:02:47.169,201942,"DeMar DeRozan"
201949_Total_2017-18,201949,Total,1148,519,2,1.0156794425087108,1.1550969347209596,1.0166372088081825,0.2705987892232178,2017-18,2017-12-11T07:02:47.169,201949,"James Johnson"
201950_Total_2017-18,201950,Total,1839,823,2,1.0244698205546492,1.1779879940032498,1.000396207916474,0.26386972910395573,2017-18,2017-12-11T07:02:47.169,201950,"Jrue Holiday"
201952_Total_2017-18,201952,Total,1387,661,3,1.0757029560201874,1.1670343330630293,1.0178716712415266,0.2635886998600035,2017-18,2017-12-11T07:02:47.169,201952,"Jeff Teague"
201954_Total_2017-18,201954,Total,1448,691,3,1.080110497237569,1.1707493888261304,1.0188779881558352,0.25580484603091685,2017-18,2017-12-11T07:02:47.169,201954,"Darren Collison"
201956_Total_2017-18,201956,Total,614,253,2,0.9364820846905537,1.1545990754038093,0.9904990652114174,0.2945102323414331,2017-18,2017-12-11T07:02:47.169,201956,"Omri Casspi"
201959_Total_2017-18,201959,Total,1564,722,3,1.040920716112532,1.1624399646706212,1.017630335663424,0.26904535196821583,2017-18,2017-12-11T07:02:47.169,201959,"Taj Gibson"
201960_Total_2017-18,201960,Total,1268,581,3,1.0118296529968454,1.134080094981665,0.9953970358691069,0.2659008891736502,2017-18,2017-12-11T07:02:47.169,201960,"DeMarre Carroll"
201961_Total_2017-18,201961,Total,858,400,2,1.0442890442890442,1.1548605180801224,1.0194013251503204,0.2906228176016312,2017-18,2017-12-11T07:02:47.169,201961,"Wayne Ellington"
201967_Total_2017-18,201967,Total,1133,512,2,1.024713150926743,1.1671088258061082,1.006234695291209,0.2710044865348076,2017-18,2017-12-11T07:02:47.169,201967,"Dante Cunningham"
201973_Total_2017-18,201973,Total,605,277,2,1.0380165289256198,1.1685447754745089,0.9989673150466185,0.26098731428066513,2017-18,2017-12-11T07:02:47.169,201973,"Jonas Jerebko"
201975_Total_2017-18,201975,Total,694,329,3,1.0706051873198847,1.1672403634320447,1.0183450189179464,0.30002352820037054,2017-18,2017-12-11T07:02:47.169,201975,"Jodie Meeks"
201976_Total_2017-18,201976,Total,571,260,2,1.0507880910683012,1.1906871151704603,1.0063543942872413,0.2597371990158022,2017-18,2017-12-11T07:02:47.169,201976,"Patrick Beverley"
201980_Total_2017-18,201980,Total,1208,535,2,1.0016556291390728,1.160895937669449,1.009511143357139,0.24475037389944515,2017-18,2017-12-11T07:02:47.169,201980,"Danny Green"
201988_Total_2017-18,201988,Total,1163,542,2,1.049011177987962,1.1612126236821119,0.9960458276132448,0.2598787712423932,2017-18,2017-12-11T07:02:47.169,201988,"Patty Mills"
202066_Total_2017-18,202066,Total,1013,481,2,1.0977295162882528,1.1977787841181575,1.0267758978973212,0.24744985563380678,2017-18,2017-12-11T07:02:47.169,202066,"Garrett Temple"
202083_Total_2017-18,202083,Total,1567,752,2,1.0982769623484365,1.185658113170194,1.00261376113687,0.2631584668555337,2017-18,2017-12-11T07:02:47.169,202083,"Wesley Matthews"
202322_Total_2017-18,202322,Total,980,442,2,1.006122448979592,1.1455162214380392,1.0135603302465643,0.26771387848959377,2017-18,2017-12-11T07:02:47.169,202322,"John Wall"
202323_Total_2017-18,202323,Total,1151,493,2,0.9609035621198957,1.1450951801426505,0.9954081209823818,0.2665902696306757,2017-18,2017-12-11T07:02:47.169,202323,"Evan Turner"
202324_Total_2017-18,202324,Total,1257,587,3,1.0588703261734287,1.1709978460016965,1.006263481865649,0.23775109188902685,2017-18,2017-12-11T07:02:47.169,202324,"Derrick Favors"
202325_Total_2017-18,202325,Total,1076,505,2,1.0687732342007434,1.1771171627107828,1.019322268103562,0.2696009096827958,2017-18,2017-12-11T07:02:47.169,202325,"Wesley Johnson"
202326_Total_2017-18,202326,Total,1766,835,2,1.0781426953567383,1.1795771331005276,1.0057095460917556,0.2706218126742168,2017-18,2017-12-11T07:02:47.169,202326,"DeMarcus Cousins"
202327_Total_2017-18,202327,Total,571,260,2,1.010507880910683,1.1398965700418737,1.0165685880983462,0.2825604010979771,2017-18,2017-12-11T07:02:47.169,202327,"Ekpe Udoh"
202328_Total_2017-18,202328,Total,588,286,2,1.0833333333333333,1.1509510018314313,1.0094368260203987,0.26783046923446024,2017-18,2017-12-11T07:02:47.169,202328,"Greg Monroe"
202329_Total_2017-18,202329,Total,592,255,2,0.9577702702702703,1.1344901944390278,1.0177312559877798,0.2578865687716925,2017-18,2017-12-11T07:02:47.169,202329,"Al-Farouq Aminu"
202331_Total_2017-18,202331,Total,1429,634,2,1.0118964310706788,1.1719839455212997,1.0301144272593157,0.27752166975818127,2017-18,2017-12-11T07:02:47.169,202331,"Paul George"
202334_Total_2017-18,202334,Total,735,309,2,0.9374149659863945,1.1339660629334867,1.013765266150939,0.280000774225837,2017-18,2017-12-11T07:02:47.169,202334,"Ed Davis"
202335_Total_2017-18,202335,Total,561,270,2,1.1105169340463459,1.1965100395185473,1.0038162122219674,0.31175670102533304,2017-18,2017-12-11T07:02:47.169,202335,"Patrick Patterson"
202337_Total_2017-18,202337,Total,778,367,2,1.0912596401028278,1.197963441915251,1.0139241197193478,0.27080783956748383,2017-18,2017-12-11T07:02:47.169,202337,"Luke Babbitt"
202339_Total_2017-18,202339,Total,959,428,2,1.0229405630865485,1.1791972082328517,1.008453917535615,0.30426904605810556,2017-18,2017-12-11T07:02:47.169,202339,"Eric Bledsoe"
202340_Total_2017-18,202340,Total,1418,675,2,1.0740479548660085,1.1664156047496854,1.005511490930369,0.27168550068866243,2017-18,2017-12-11T07:02:47.169,202340,"Avery Bradley"
202344_Total_2017-18,202344,Total,757,355,3,1.0686922060766182,1.177972647322024,1.003918324976046,0.25952527214193905,2017-18,2017-12-11T07:02:47.169,202344,"Trevor Booker"
202347_Total_2017-18,202347,Total,266,125,3,1.086466165413534,1.1968179587133652,1.0057046549505462,0.31202163502636693,2017-18,2017-12-11T07:02:47.169,202347,"Quincy Pondexter"
202355_Total_2017-18,202355,Total,703,290,2,0.9274537695590327,1.1410484948033066,0.9986895162929239,0.24645070785379816,2017-18,2017-12-11T07:02:47.169,202355,"Hassan Whiteside"
202357_Total_2017-18,202357,Total,497,242,2,1.080482897384306,1.1460549813735996,0.9859609215847871,0.2783439145712851,2017-18,2017-12-11T07:02:47.169,202357,"Nemanja Bjelica"
202362_Total_2017-18,202362,Total,1093,531,3,1.1061299176578225,1.1799208067893028,1.002855911440631,0.2764055018380728,2017-18,2017-12-11T07:02:47.169,202362,"Lance Stephenson"
202389_Total_2017-18,202389,Total,502,241,2,1.0717131474103585,1.1530475181319164,0.9694055173060724,0.2615059121606152,2017-18,2017-12-11T07:02:47.169,202389,"Timofey Mozgov"
202397_Total_2017-18,202397,Total,892,388,2,0.9775784753363229,1.149942272633156,0.9999521684607803,0.2708987606862906,2017-18,2017-12-11T07:02:47.169,202397,"Ish Smith"
202498_Total_2017-18,202498,Total,630,279,2,1.0333333333333334,1.2007272928296595,1.0132319913757724,0.2853741502073462,2017-18,2017-12-11T07:02:47.169,202498,"Lance Thomas"
202681_Total_2017-18,202681,Total,1533,670,2,0.9804305283757339,1.1483028447478099,1.0065618129412033,0.24943307635732107,2017-18,2017-12-11T07:02:47.169,202681,"Kyrie Irving"
202683_Total_2017-18,202683,Total,1074,500,2,1.0707635009310987,1.1891118283592201,1.0389772402936697,0.2559586347034375,2017-18,2017-12-11T07:02:47.169,202683,"Enes Kanter"
202684_Total_2017-18,202684,Total,320,149,3,1.071875,1.19025584828431,0.9889084819722503,0.26806235274940826,2017-18,2017-12-11T07:02:47.169,202684,"Tristan Thompson"
202685_Total_2017-18,202685,Total,734,350,2,1.077656675749319,1.16871897632245,0.990345097785788,0.26741424789706264,2017-18,2017-12-11T07:02:47.169,202685,"Jonas Valanciunas"
202687_Total_2017-18,202687,Total,799,350,2,0.981226533166458,1.1467527195287404,0.9831490859837205,0.2902360165644564,2017-18,2017-12-11T07:02:47.169,202687,"Bismack Biyombo"
202689_Total_2017-18,202689,Total,1494,655,3,0.9973226238286479,1.1668070169438314,0.9911169182349772,0.25797585363328823,2017-18,2017-12-11T07:02:47.169,202689,"Kemba Walker"
202691_Total_2017-18,202691,Total,1692,728,2,0.9787234042553191,1.1636826180499313,1.0042477720715186,0.25206150982627074,2017-18,2017-12-11T07:02:47.169,202691,"Klay Thompson"
202692_Total_2017-18,202692,Total,822,372,2,1.0304136253041363,1.1725985758796476,1.0126720566665508,0.26106076139617856,2017-18,2017-12-11T07:02:47.169,202692,"Alec Burks"
202693_Total_2017-18,202693,Total,769,351,2,1.033810143042913,1.1669043306459206,1.0092292142552337,0.2632365024877223,2017-18,2017-12-11T07:02:47.169,202693,"Markieff Morris"
202694_Total_2017-18,202694,Total,686,317,3,1.0364431486880465,1.155597936477589,1.0019224550083397,0.25341295660221,2017-18,2017-12-11T07:02:47.169,202694,"Marcus Morris"
202696_Total_2017-18,202696,Total,1587,765,2,1.074354127284184,1.1512099366310946,1.0179091171518493,0.2635542062448472,2017-18,2017-12-11T07:02:47.169,202696,"Nikola Vucevic"
202697_Total_2017-18,202697,Total,485,214,3,1.0103092783505154,1.1761797793785929,0.9979938035315412,0.26719924797969125,2017-18,2017-12-11T07:02:47.169,202697,"Iman Shumpert"
202699_Total_2017-18,202699,Total,1491,722,2,1.0952380952380953,1.1709873591786821,1.0098031180586076,0.26549536959945386,2017-18,2017-12-11T07:02:47.169,202699,"Tobias Harris"
202702_Total_2017-18,202702,Total,673,343,2,1.1352154531946508,1.1530020211867626,1.01607025035561,0.2894075126879009,2017-18,2017-12-11T07:02:47.169,202702,"Kenneth Faried"
202704_Total_2017-18,202704,Total,1245,608,2,1.106024096385542,1.1733331573830763,1.0100049866231327,0.26654334677330327,2017-18,2017-12-11T07:02:47.169,202704,"Reggie Jackson"
202709_Total_2017-18,202709,Total,1241,580,2,1.065269943593876,1.1778622568138142,0.998463499997757,0.27637769276389523,2017-18,2017-12-11T07:02:47.169,202709,"Cory Joseph"
202710_Total_2017-18,202710,Total,1601,745,3,1.051842598376015,1.166548388728338,1.0135416492124887,0.2723988561224002,2017-18,2017-12-11T07:02:47.169,202710,"Jimmy Butler"
202711_Total_2017-18,202711,Total,1585,733,2,1.049211356466877,1.1706617380162492,1.010073454711511,0.26730838737229273,2017-18,2017-12-11T07:02:47.169,202711,"Bojan Bogdanovic"
202714_Total_2017-18,202714,Total,653,291,2,1,1.1516018539474977,0.9826145875531732,0.3022031413119371,2017-18,2017-12-11T07:02:47.169,202714,"Shelvin Mack"
202718_Total_2017-18,202718,Total,685,302,2,0.9941605839416059,1.156370260164262,1.020558569610019,0.26300157071839253,2017-18,2017-12-11T07:02:47.169,202718,"Chandler Parsons"
202720_Total_2017-18,202720,Total,235,100,2,0.9361702127659575,1.1185905896251,0.9990899624802788,0.2766862386402477,2017-18,2017-12-11T07:02:47.169,202720,"Jon Leuer"
202722_Total_2017-18,202722,Total,371,170,2,1.0269541778975741,1.1536073250608432,1.0151466397318367,0.30935641978855843,2017-18,2017-12-11T07:02:47.169,202722,"Davis Bertans"
202732_Total_2017-18,202732,Total,567,267,3,1.0634920634920635,1.1666396714293956,1.0067335567477695,0.28615399626178456,2017-18,2017-12-11T07:02:47.169,202732,"DeAndre Liggins"
202734_Total_2017-18,202734,Total,1590,752,2,1.079245283018868,1.1805592679400991,1.0100415895077715,0.270967758713898,2017-18,2017-12-11T07:02:47.169,202734,"ETwaun Moore"
203076_Total_2017-18,203076,Total,1509,670,2,1.009277667329357,1.167788945959173,0.998570434104299,0.2777239674713406,2017-18,2017-12-11T07:02:47.169,203076,"Anthony Davis"
203077_Total_2017-18,203077,Total,915,408,3,1.019672131147541,1.1761035518325593,1.0005884024416485,0.2571003905017697,2017-18,2017-12-11T07:02:47.169,203077,"Michael Kidd-Gilchrist"
203078_Total_2017-18,203078,Total,1595,714,2,1.0037617554858935,1.1512504934745633,1.0060178679824276,0.2664166560470693,2017-18,2017-12-11T07:02:47.169,203078,"Bradley Beal"
203079_Total_2017-18,203079,Total,1200,546,2,1.0175,1.149866840116716,1.002515406364304,0.2633458042094692,2017-18,2017-12-11T07:02:47.169,203079,"Dion Waiters"
203081_Total_2017-18,203081,Total,1641,736,2,1.000609384521633,1.144895512561485,1.0058015704518108,0.24523779827243464,2017-18,2017-12-11T07:02:47.169,203081,"Damian Lillard"
203082_Total_2017-18,203082,Total,1064,499,2,1.038533834586466,1.1402661412649941,1.0123250378241002,0.25917837603243543,2017-18,2017-12-11T07:02:47.169,203082,"Terrence Ross"
203083_Total_2017-18,203083,Total,1511,726,2,1.0847121111846458,1.1679474123521452,1.0105135034368207,0.27089424550054314,2017-18,2017-12-11T07:02:47.169,203083,"Andre Drummond"
203084_Total_2017-18,203084,Total,1613,748,2,1.055796652200868,1.1755354668359217,1.0026336780136516,0.2620096018580741,2017-18,2017-12-11T07:02:47.169,203084,"Harrison Barnes"
203085_Total_2017-18,203085,Total,1409,682,2,1.105748757984386,1.184008491190413,1.0125185932671468,0.26508310264504226,2017-18,2017-12-11T07:02:47.169,203085,"Austin Rivers"
203086_Total_2017-18,203086,Total,174,82,3,1.0977011494252873,1.2066365346616557,1.0240695258961614,0.34206580902045136,2017-18,2017-12-11T07:02:47.169,203086,"Meyers Leonard"
203087_Total_2017-18,203087,Total,1190,542,3,1.0319327731092438,1.167049916706911,0.9968029569259775,0.25875351735406316,2017-18,2017-12-11T07:02:47.169,203087,"Jeremy Lamb"
203089_Total_2017-18,203089,Total,961,424,3,1.0031217481789803,1.167095987247843,1.004261905957583,0.27123870184938936,2017-18,2017-12-11T07:02:47.169,203089,"John Henson"
203090_Total_2017-18,203090,Total,993,442,2,0.9869083585095669,1.1357195166076186,1.009103327215053,0.24716260262156928,2017-18,2017-12-11T07:02:47.169,203090,"Maurice Harkless"
203092_Total_2017-18,203092,Total,581,254,2,0.9724612736660929,1.1373485640934915,0.9630847791244894,0.2600836110601559,2017-18,2017-12-11T07:02:47.169,203092,"Tyler Zeller"
203095_Total_2017-18,203095,Total,1581,758,2,1.0695762175838077,1.1520535843189585,1.016886613519281,0.26888622583694327,2017-18,2017-12-11T07:02:47.169,203095,"Evan Fournier"
203101_Total_2017-18,203101,Total,201,82,3,0.9253731343283582,1.150125662645283,1.013851984026611,0.31166971561731494,2017-18,2017-12-11T07:02:47.169,203101,"Miles Plumlee"
203107_Total_2017-18,203107,Total,471,216,2,1.029723991507431,1.1561557430395157,1.011083997918084,0.29659581157362086,2017-18,2017-12-11T07:02:47.169,203107,"Tomas Satoransky"
203109_Total_2017-18,203109,Total,1283,625,3,1.1153546375681995,1.1874005725746095,1.0140435202891567,0.26947437681379555,2017-18,2017-12-11T07:02:47.169,203109,"Jae Crowder"
203110_Total_2017-18,203110,Total,1479,635,2,0.982420554428668,1.170849143851296,1.002900992896218,0.24707195264171636,2017-18,2017-12-11T07:02:47.169,203110,"Draymond Green"
203112_Total_2017-18,203112,Total,643,288,3,1.0217729393468118,1.173644732350768,0.9868700622627742,0.26493687395801957,2017-18,2017-12-11T07:02:47.169,203112,"Quincy Acy"
203114_Total_2017-18,203114,Total,1540,704,2,1.0525974025974025,1.1883469940110398,1.0132340024820028,0.2783878559015127,2017-18,2017-12-11T07:02:47.169,203114,"Khris Middleton"
203115_Total_2017-18,203115,Total,1455,705,2,1.0962199312714778,1.1714030151041943,1.0001741642958892,0.2874316793274124,2017-18,2017-12-11T07:02:47.169,203115,"Will Barton"
203118_Total_2017-18,203118,Total,726,325,2,1.0165289256198347,1.1676314308266198,1.0072792050913646,0.28810550020733666,2017-18,2017-12-11T07:02:47.169,203118,"Mike Scott"
203121_Total_2017-18,203121,Total,971,452,2,1.0566426364572605,1.1720591327681809,1.013794122370286,0.27398433925135746,2017-18,2017-12-11T07:02:47.169,203121,"Darius Miller"
203124_Total_2017-18,203124,Total,727,321,2,1.0412654745529573,1.2136103649726049,1.0100444169358471,0.2855636232506085,2017-18,2017-12-11T07:02:47.169,203124,"Kyle OQuinn"
203141_Total_2017-18,203141,Total,285,132,2,1.0456140350877192,1.164394304625849,0.9969842315905646,0.27805863017315785,2017-18,2017-12-11T07:02:47.169,203141,"Mirza Teletovic"
203145_Total_2017-18,203145,Total,1343,637,2,1.0893521965748325,1.1892036468928806,1.0217519487656466,0.25915732958500437,2017-18,2017-12-11T07:02:47.169,203145,"Kent Bazemore"
203186_Total_2017-18,203186,Total,371,183,3,1.1212938005390836,1.1788131668820119,1.0068190449975585,0.3010439554855162,2017-18,2017-12-11T07:02:47.169,203186,"Willie Reed"
203200_Total_2017-18,203200,Total,1448,655,2,1.0303867403314917,1.1730935466604813,1.0238971613139745,0.25768825928425604,2017-18,2017-12-11T07:02:47.169,203200,"Justin Holiday"
203210_Total_2017-18,203210,Total,626,306,2,1.1150159744408945,1.1827560613682293,1.0268154853663443,0.24447783041581417,2017-18,2017-12-11T07:02:47.169,203210,"JaMychal Green"
203382_Total_2017-18,203382,Total,868,370,2,0.9389400921658986,1.1204857328485054,0.9651960468742077,0.2632859056524974,2017-18,2017-12-11T07:02:47.169,203382,"Aron Baynes"
203457_Total_2017-18,203457,Total,355,182,2,1.1633802816901408,1.1778757959127502,0.9879542987370058,0.30386357530125185,2017-18,2017-12-11T07:02:47.169,203457,"Nerlens Noel"
203458_Total_2017-18,203458,Total,941,443,2,1.075451647183847,1.1815275569139403,0.9981967007231297,0.27202963766782723,2017-18,2017-12-11T07:02:47.169,203458,"Alex Len"
203459_Total_2017-18,203459,Total,1154,529,3,1.0051993067590987,1.1247833622183616,0.9822094905921236,0.26353468050228507,2017-18,2017-12-11T07:02:47.169,203459,"Allen Crabbe"
203460_Total_2017-18,203460,Total,1122,492,2,1.0115864527629232,1.184740085259387,1.0211789807535463,0.2650032603795382,2017-18,2017-12-11T07:02:47.169,203460,"Andre Roberson"
203463_Total_2017-18,203463,Total,510,227,2,1.0235294117647058,1.182981980751189,1.0127996391357381,0.24672042514719025,2017-18,2017-12-11T07:02:47.169,203463,"Ben McLemore"
203464_Total_2017-18,203464,Total,546,257,2,1.0421245421245422,1.1403610503470392,0.998106167213395,0.29493804284402125,2017-18,2017-12-11T07:02:47.169,203464,"Brandon Paul"
203468_Total_2017-18,203468,Total,1543,707,2,1.0097213220998056,1.1313176266509042,1.0079712670847656,0.25662462898773375,2017-18,2017-12-11T07:02:47.169,203468,"CJ McCollum"
203469_Total_2017-18,203469,Total,666,305,2,1.0345345345345345,1.1639000050607233,1.0021585634517878,0.2587270996615717,2017-18,2017-12-11T07:02:47.169,203469,"Cody Zeller"
203471_Total_2017-18,203471,Total,1375,689,2,1.1563636363636363,1.1992063491195288,1.0334828330808712,0.24689470319069,2017-18,2017-12-11T07:02:47.169,203471,"Dennis Schroder"
203473_Total_2017-18,203473,Total,906,419,2,1.0662251655629138,1.1914089503813605,1.014894712033415,0.26245699473381534,2017-18,2017-12-11T07:02:47.169,203473,"Dewayne Dedmon"
203476_Total_2017-18,203476,Total,755,380,3,1.1536423841059602,1.1905686122417525,1.0133494267646805,0.2882509874737861,2017-18,2017-12-11T07:02:47.169,203476,"Gorgui Dieng"
203482_Total_2017-18,203482,Total,898,423,2,1.052338530066815,1.1523869336567818,0.9965581894705118,0.2722062489850893,2017-18,2017-12-11T07:02:47.169,203482,"Kelly Olynyk"
203484_Total_2017-18,203484,Total,1467,677,2,1.021813224267212,1.138440907833816,1.0168254117361875,0.2599919557370909,2017-18,2017-12-11T07:02:47.169,203484,"Kentavious Caldwell-Pope"
203486_Total_2017-18,203486,Total,857,403,2,1.0816802800466745,1.1903356362600732,0.994836087858565,0.29502139647443515,2017-18,2017-12-11T07:02:47.169,203486,"Mason Plumlee"
203487_Total_2017-18,203487,Total,425,210,2,1.1011764705882352,1.152643418933658,1.0195239505492197,0.26667164124675286,2017-18,2017-12-11T07:02:47.169,203487,"Michael Carter-Williams"
203488_Total_2017-18,203488,Total,372,168,3,1.0483870967741935,1.1971393234847438,1.0238338151160855,0.26436840986621546,2017-18,2017-12-11T07:02:47.169,203488,"Mike Muscala"
203490_Total_2017-18,203490,Total,1428,650,3,1.0196078431372548,1.152105301144162,1.0021593735274195,0.2771467610802792,2017-18,2017-12-11T07:02:47.169,203490,"Otto Porter Jr."
203493_Total_2017-18,203493,Total,291,141,3,1.0962199312714778,1.1714030151041894,0.9793547255650406,0.3000092023432245,2017-18,2017-12-11T07:02:47.169,203493,"Reggie Bullock"
203496_Total_2017-18,203496,Total,1437,636,2,1.0076548364648574,1.1693474906082713,0.9823610337062316,0.2667508605149898,2017-18,2017-12-11T07:02:47.169,203496,"Robert Covington"
203497_Total_2017-18,203497,Total,871,393,2,1.0298507462686568,1.175341697682487,0.991438034784461,0.24479177005360292,2017-18,2017-12-11T07:02:47.169,203497,"Rudy Gobert"
203498_Total_2017-18,203498,Total,454,254,2,1.2466960352422907,1.1499569461897303,0.9849965144174695,0.2656059493699711,2017-18,2017-12-11T07:02:47.169,203498,"Shabazz Muhammad"
203499_Total_2017-18,203499,Total,313,133,2,0.9265175718849841,1.1066310503686898,0.9995188865861756,0.26580927134588483,2017-18,2017-12-11T07:02:47.169,203499,"Shane Larkin"
203500_Total_2017-18,203500,Total,1188,518,2,0.9991582491582491,1.1752924839241703,1.0330233537540643,0.24987694259046261,2017-18,2017-12-11T07:02:47.169,203500,"Steven Adams"
203501_Total_2017-18,203501,Total,1257,543,3,1.0119331742243436,1.201570505837475,1.0312641822058533,0.26929376440454217,2017-18,2017-12-11T07:02:47.169,203501,"Tim Hardaway Jr."
203503_Total_2017-18,203503,Total,1224,575,2,1.0735294117647058,1.1817589474673937,1.0045629664701154,0.27606638756388796,2017-18,2017-12-11T07:02:47.169,203503,"Tony Snell"
203506_Total_2017-18,203506,Total,1611,732,3,1.036623215394165,1.1757003882947734,1.0092472217631818,0.2523960831310519,2017-18,2017-12-11T07:02:47.169,203506,"Victor Oladipo"
203507_Total_2017-18,203507,Total,1482,668,2,1.0310391363022942,1.178007020195115,1.0061152345542117,0.28125376628881876,2017-18,2017-12-11T07:02:47.169,203507,"Giannis Antetokounmpo"
203512_Total_2017-18,203512,Total,341,145,2,0.9589442815249267,1.1505770832332065,0.9694428521849023,0.2834928609897894,2017-18,2017-12-11T07:02:47.169,203512,"Lucas Nogueira"
203516_Total_2017-18,203516,Total,1023,459,2,1.024437927663734,1.175004025204069,1.029940045585511,0.2391480158533749,2017-18,2017-12-11T07:02:47.169,203516,"James Ennis III"
203518_Total_2017-18,203518,Total,627,279,2,1.0207336523125996,1.1797943097292145,0.9981714582399479,0.3034273043836284,2017-18,2017-12-11T07:02:47.169,203518,"Alex Abrines"
203521_Total_2017-18,203521,Total,458,209,2,1.0480349344978166,1.1848232704440342,0.9986395967298246,0.27800408346623984,2017-18,2017-12-11T07:02:47.169,203521,"Matthew Dellavedova"
203526_Total_2017-18,203526,Total,363,145,3,0.8953168044077136,1.1306182498561077,0.9788220333894762,0.2711984412136794,2017-18,2017-12-11T07:02:47.169,203526,"Raul Neto"
203530_Total_2017-18,203530,Total,248,122,2,1.1008064516129032,1.1578620431321327,1.0012198105621648,0.30257469849474855,2017-18,2017-12-11T07:02:47.169,203530,"Joffrey Lauvergne"
203546_Total_2017-18,203546,Total,648,310,2,1.0771604938271604,1.164112266623569,1.0159355284614136,0.28593569848839134,2017-18,2017-12-11T07:02:47.169,203546,"Ian Clark"
203584_Total_2017-18,203584,Total,827,388,2,1.060459492140266,1.1673599154417404,1.0022354506827829,0.26245638923413733,2017-18,2017-12-11T07:02:47.169,203584,"Troy Daniels"
203613_Total_2017-18,203613,Total,1452,689,2,1.06198347107438,1.1554224441822993,1.0130060483616428,0.2634937347938161,2017-18,2017-12-11T07:02:47.169,203613,"Jonathon Simmons"
2037_Total_2017-18,2037,Total,867,445,2,1.1614763552479817,1.174210235585287,0.9994955528282963,0.2879223156204021,2017-18,2017-12-11T07:02:47.169,2037,"Jamal Crawford"
203705_Total_2017-18,203705,Total,105,47,2,0.9904761904761905,1.1338534220817262,1.0190076470586844,0.3186527065443901,2017-18,2017-12-11T07:02:47.169,203705,"Josh Magette"
203710_Total_2017-18,203710,Total,202,99,3,1.1287128712871286,1.1953984905547062,0.9824571979368554,0.3305910043043986,2017-18,2017-12-11T07:02:47.169,203710,"C.J. Williams"
203894_Total_2017-18,203894,Total,564,244,2,0.9645390070921985,1.1386899746671717,1.0088223913845524,0.28251801182252284,2017-18,2017-12-11T07:02:47.169,203894,"Shabazz Napier"
203898_Total_2017-18,203898,Total,120,48,2,0.9166666666666666,1.1589027377461638,1.006152309629871,0.28838984358534564,2017-18,2017-12-11T07:02:47.169,203898,"Tyler Ennis"
203901_Total_2017-18,203901,Total,977,498,2,1.13510747185261,1.152704005268477,1.0217186303774435,0.25898720376876244,2017-18,2017-12-11T07:02:47.169,203901,"Elfrid Payton"
203903_Total_2017-18,203903,Total,1046,466,3,1.0019120458891013,1.1544229418996057,1.010556394394192,0.27531216753171417,2017-18,2017-12-11T07:02:47.169,203903,"Jordan Clarkson"
203914_Total_2017-18,203914,Total,1431,688,2,1.0838574423480083,1.1661235953514464,0.9997761645518817,0.27120846798950815,2017-18,2017-12-11T07:02:47.169,203914,"Gary Harris"
203915_Total_2017-18,203915,Total,1142,515,2,1.0070052539404553,1.1468161813201472,0.9797699136787803,0.2706164611859682,2017-18,2017-12-11T07:02:47.169,203915,"Spencer Dinwiddie"
203918_Total_2017-18,203918,Total,847,395,2,1.0448642266824084,1.1551921490740236,0.995049111034228,0.248679367597661,2017-18,2017-12-11T07:02:47.169,203918,"Rodney Hood"
203924_Total_2017-18,203924,Total,842,384,2,1.0463182897862233,1.1834134707001658,1.0069485406239713,0.29338208967426427,2017-18,2017-12-11T07:02:47.169,203924,"Jerami Grant"
203925_Total_2017-18,203925,Total,1005,467,2,1.0587064676616915,1.176695904704022,0.9745169934497798,0.2831839736483057,2017-18,2017-12-11T07:02:47.169,203925,"Joe Harris"
203926_Total_2017-18,203926,Total,1048,459,2,1.0095419847328244,1.1835000250553407,1.0138764131344689,0.2835881255209791,2017-18,2017-12-11T07:02:47.169,203926,"Doug McDermott"
203930_Total_2017-18,203930,Total,325,154,3,1.0892307692307692,1.1902324371474164,1.0006222510527665,0.256450221277891,2017-18,2017-12-11T07:02:47.169,203930,"Sean Kilpatrick"
203932_Total_2017-18,203932,Total,1556,761,2,1.0899742930591259,1.1521198744031327,1.0176558315892577,0.25936348189216724,2017-18,2017-12-11T07:02:47.169,203932,"Aaron Gordon"
203933_Total_2017-18,203933,Total,1667,772,2,1.0437912417516497,1.1622442863937945,1.0014973613116087,0.2705551634723829,2017-18,2017-12-11T07:02:47.169,203933,"TJ Warren"
203935_Total_2017-18,203935,Total,1323,566,2,0.9614512471655329,1.1471592352917783,1.0071124672145129,0.2605884117359696,2017-18,2017-12-11T07:02:47.169,203935,"Marcus Smart"
203937_Total_2017-18,203937,Total,1114,507,2,1.0197486535008977,1.1524564077024306,1.008241202555023,0.25081234841596994,2017-18,2017-12-11T07:02:47.169,203937,"Kyle Anderson"
203939_Total_2017-18,203939,Total,766,323,2,0.9778067885117493,1.1844415212404948,0.9839119068092057,0.29541714653043016,2017-18,2017-12-11T07:02:47.169,203939,"Dwight Powell"
203943_Total_2017-18,203943,Total,720,324,3,1.0041666666666667,1.1456363467038186,1.0037844117592314,0.23383620449050585,2017-18,2017-12-11T07:02:47.169,203943,"Noah Vonleh"
203944_Total_2017-18,203944,Total,1026,457,2,0.9970760233918129,1.1483487713465848,1.0088863524212102,0.2810622715296522,2017-18,2017-12-11T07:02:47.169,203944,"Julius Randle"
203948_Total_2017-18,203948,Total,192,94,2,1.0833333333333333,1.1426091000668408,1.0221269358949943,0.2851778453340001,2017-18,2017-12-11T07:02:47.169,203948,"Johnny OBryant III"
203952_Total_2017-18,203952,Total,1738,817,3,1.0638665132336018,1.1692037008297465,1.0174390704766656,0.26731103968857123,2017-18,2017-12-11T07:02:47.169,203952,"Andrew Wiggins"
203954_Total_2017-18,203954,Total,1135,477,2,0.9533039647577093,1.1559175885339323,0.9707280553104272,0.26983211189050305,2017-18,2017-12-11T07:02:47.169,203954,"Joel Embiid"
203960_Total_2017-18,203960,Total,169,70,2,0.9467455621301775,1.1628385746293348,1.046127771769575,0.3027421904735992,2017-18,2017-12-11T07:02:47.169,203960,"JaKarr Sampson"
203961_Total_2017-18,203961,Total,372,172,2,1.0698924731182795,1.196076466271764,0.9990784052754028,0.2612619308282362,2017-18,2017-12-11T07:02:47.169,203961,"Eric Moreland"
203962_Total_2017-18,203962,Total,338,142,2,0.9792899408284024,1.1902650363522893,1.0138402792749808,0.28765720450795335,2017-18,2017-12-11T07:02:47.169,203962,"Josh Huestis"
203966_Total_2017-18,203966,Total,123,60,2,1.1300813008130082,1.20270257725056,1.0193906021706642,0.2582425358483108,2017-18,2017-12-11T07:02:47.169,203966,"Jamil Wilson"
203967_Total_2017-18,203967,Total,1323,598,3,1.0415721844293273,1.1878426521135697,0.9915476777467082,0.2723071675376512,2017-18,2017-12-11T07:02:47.169,203967,"Dario Saric"
203991_Total_2017-18,203991,Total,1098,525,3,1.075591985428051,1.162845367624951,1.030486551862951,0.2586044025801177,2017-18,2017-12-11T07:02:47.169,203991,"Clint Capela"
203992_Total_2017-18,203992,Total,908,443,3,1.1255506607929515,1.1973204410778668,1.014965269062235,0.24468402599517153,2017-18,2017-12-11T07:02:47.169,203992,"Bogdan Bogdanovic"
203994_Total_2017-18,203994,Total,1236,544,2,0.9765372168284789,1.1350261888001456,0.9963227224846806,0.24827201311195135,2017-18,2017-12-11T07:02:47.169,203994,"Jusuf Nurkic"
203999_Total_2017-18,203999,Total,1065,507,2,1.0816901408450703,1.1756101034164927,0.997293005680186,0.2581235027879005,2017-18,2017-12-11T07:02:47.169,203999,"Nikola Jokic"
204001_Total_2017-18,204001,Total,1209,525,3,1.0082712985938793,1.1913380814568308,1.0242758980185012,0.2693182462024369,2017-18,2017-12-11T07:02:47.169,204001,"Kristaps Porzingis"
204020_Total_2017-18,204020,Total,1140,523,2,1.024561403508772,1.1491080754379122,1.015966544622058,0.2728108640673184,2017-18,2017-12-11T07:02:47.169,204020,"Tyler Johnson"
204025_Total_2017-18,204025,Total,802,370,2,1.0536159600997506,1.1789374065755525,0.9980188360575063,0.28702530651632985,2017-18,2017-12-11T07:02:47.169,204025,"Tim Frazier"
204028_Total_2017-18,204028,Total,285,124,3,1.024561403508772,1.209361249666338,1.0182007051187199,0.3101144540802941,2017-18,2017-12-11T07:02:47.169,204028,"Tarik Black"
204038_Total_2017-18,204038,Total,562,229,2,0.9145907473309609,1.1365023730288277,0.985404590642542,0.27624610276629097,2017-18,2017-12-11T07:02:47.169,204038,"Langston Galloway"
204060_Total_2017-18,204060,Total,1372,655,3,1.0794460641399417,1.1694421868703158,1.00599644372534,0.236802855979243,2017-18,2017-12-11T07:02:47.169,204060,"Joe Ingles"
204456_Total_2017-18,204456,Total,935,404,3,0.9818181818181818,1.1630178837654161,0.9893127016792082,0.2981928783903311,2017-18,2017-12-11T07:02:47.169,204456,"T.J. McConnell"
2199_Total_2017-18,2199,Total,971,437,2,1.008238928939238,1.1507996989191571,0.9953610985561413,0.2890580989064508,2017-18,2017-12-11T07:02:47.169,2199,"Tyson Chandler"
2200_Total_2017-18,2200,Total,1199,525,2,0.9783152627189324,1.1433661862626623,0.9918897193440597,0.25079727595101364,2017-18,2017-12-11T07:02:47.169,2200,"Pau Gasol"
2207_Total_2017-18,2207,Total,243,103,2,0.9711934156378601,1.1702737077571894,1.0153029270670504,0.2599213620140771,2017-18,2017-12-11T07:02:47.169,2207,"Joe Johnson"
2210_Total_2017-18,2210,Total,101,53,2,1.2079207920792079,1.1966689053257928,1.0028690116789516,0.37472101231789257,2017-18,2017-12-11T07:02:47.169,2210,"Richard Jefferson"
2216_Total_2017-18,2216,Total,1007,502,3,1.1499503475670307,1.1984587493527237,1.033451437212973,0.2418408954790531,2017-18,2017-12-11T07:02:47.169,2216,"Zach Randolph"
2225_Total_2017-18,2225,Total,193,89,3,1.0466321243523315,1.1708468899890545,1.012610213880567,0.2402534175045019,2017-18,2017-12-11T07:02:47.169,2225,"Tony Parker"
2403_Total_2017-18,2403,Total,399,170,2,0.9724310776942355,1.1662513494791753,0.9950613587887421,0.28047099251469354,2017-18,2017-12-11T07:02:47.169,2403,Nene
2544_Total_2017-18,2544,Total,1820,860,3,1.0835164835164834,1.1867643457593775,1.0057308476254123,0.2639448346599276,2017-18,2017-12-11T07:02:47.169,2544,"LeBron James"
2546_Total_2017-18,2546,Total,1350,605,2,1.0214814814814814,1.1726440642875993,1.0274249427873965,0.27050375726909887,2017-18,2017-12-11T07:02:47.169,2546,"Carmelo Anthony"
2548_Total_2017-18,2548,Total,1102,477,3,0.9954627949183303,1.1786736655144672,0.9996757721044703,0.2765546860297823,2017-18,2017-12-11T07:02:47.169,2548,"Dwyane Wade"
2561_Total_2017-18,2561,Total,562,233,2,0.9145907473309609,1.1175567178294075,0.9903020629971896,0.28921260493274453,2017-18,2017-12-11T07:02:47.169,2561,"David West"
2585_Total_2017-18,2585,Total,668,286,2,0.9955089820359282,1.1906487733233175,1.000501766995406,0.23896965862337555,2017-18,2017-12-11T07:02:47.169,2585,"Zaza Pachulia"
2594_Total_2017-18,2594,Total,1062,453,2,0.9905838041431262,1.188419418297528,0.9888835103702182,0.28213009138979034,2017-18,2017-12-11T07:02:47.169,2594,"Kyle Korver"
2730_Total_2017-18,2730,Total,1389,614,3,1.0086393088552916,1.1719963610582862,0.9952777227337057,0.2579616838580651,2017-18,2017-12-11T07:02:47.169,2730,"Dwight Howard"
2733_Total_2017-18,2733,Total,698,279,2,0.8954154727793696,1.1300564997874625,0.997580713622749,0.28142753105078383,2017-18,2017-12-11T07:02:47.169,2733,"Shaun Livingston"
2734_Total_2017-18,2734,Total,658,276,2,0.9772036474164134,1.1892745449769662,0.9781679764330012,0.28524673476557094,2017-18,2017-12-11T07:02:47.169,2734,"Devin Harris"
2738_Total_2017-18,2738,Total,1112,475,2,0.9577338129496403,1.1438817106647814,1.0011629953714785,0.2624963786562848,2017-18,2017-12-11T07:02:47.169,2738,"Andre Iguodala"
2744_Total_2017-18,2744,Total,255,125,3,1.1176470588235294,1.1823383083671637,0.9973585222507528,0.25784218944001114,2017-18,2017-12-11T07:02:47.169,2744,"Al Jefferson"
2747_Total_2017-18,2747,Total,1472,715,3,1.111413043478261,1.1863490591999781,1.0054463366672288,0.26238899113335185,2017-18,2017-12-11T07:02:47.169,2747,"JR Smith"
2749_Total_2017-18,2749,Total,1094,503,3,1.0457038391224862,1.1731747299629443,0.9990871316097732,0.2874096379478745,2017-18,2017-12-11T07:02:47.169,2749,"Jameer Nelson"
2754_Total_2017-18,2754,Total,516,229,2,1.005813953488372,1.1638803034399803,1.0064788914554916,0.29354613201951957,2017-18,2017-12-11T07:02:47.169,2754,"Tony Allen"
2772_Total_2017-18,2772,Total,1295,612,3,1.061003861003861,1.1592104539008319,1.024117513413913,0.2659055802285347,2017-18,2017-12-11T07:02:47.169,2772,"Trevor Ariza"
2863_Total_2017-18,2863,Total,155,78,3,1.0903225806451613,1.1151030152642423,0.9849646926775301,0.3229956577783827,2017-18,2017-12-11T07:02:47.169,2863,"Damien Wilkins"
